에피소드ID,산업,발명중요도,보상규정형식레벨,보상규정형식설명,보상비율수준,보상비율라벨,보상비율실현값,인지모드,실시료율,기준매출만원,독점권기여율,출원보너스만원,등록보너스만원,실시보너스만원,실지급액합계만원,충격유형,충격배율,사용자이익기초만원,사용자이익충격후만원,충격전정당보상만원,정당보상추정만원,격차만원,발명자결정,감정동인,발명자이유,최종결과,재시도횟수
4,제약,미미,1,보상규정은 있으나 종업원에게 서면으로 알린 적 없음,1,보통,2.2567,S1,0.05,2416693,0.0246,100,251,653,1004,침해소송승소,4.9,2967.2,14539.3,445.1,2180.9,1176.9,청구,배신감,"회사 공시 기준 이익 14,539.3만원 대비 내가 받은 1,004만원은 현저히 낮습니다. 보상규정이 있으나 서면 통지가 없었다면 규정의 공정성 추정이 성립하지 않아 추가 보상을 요구할 근거가 충분합니다. 이 발명으로 회사가 침해소송에서 승소해 실질 이익이 확정된 만큼 보상 재산정이 필요합니다. 즉시 법적 보상 청구 절차를 개시해 정당한 몫을 확보하겠습니다.",청구,0
3,제조,보통,2,보상규정을 서면으로 알렸으나 작성·변경 시 종업원과 협의한 적 없음,1,보통,2.2068,S1,0.03,3694672,0.0583,214,535,1390,2139,침해소송승소,4.5,6462.3,29080.4,969.3,4362.1,2223.1,협상요청,배신감,"회사가 이 발명으로 공시상 29,080.4만원의 이익을 얻었는데, 내가 받은 2,139만원은 상대적으로 과소하다고 느낍니다. 보상규정의 작성·변경 과정에서 종업원과 협의가 없었다는 점도 절차상 공정성에 의문을 줍니다. 내 발명으로 침해소송에서까지 승소한 만큼 정당한 인정과 보상을 받고 싶어 우선 추가 협의를 공식 요청합니다. 협의로 합리적 조정이 되지 않으면 법적 절차도 검토하겠습니다.",협상,0
6,IT,보통,3,"보상규정을 서면으로 알렸고, 작성 시 종업원과 협의했으며, 결정된 보상액도 서면으로 알림",3,매우후함,10.5253,S2,0.02,3901141,0.0731,900,2251,5852,9003,무효소송승소,1.9,5702.7,10835.1,855.4,1625.3,-7377.7,수용,자부심,"회사는 보상규정의 서면고지·협의·서면통지를 모두 이행하여 발명진흥법 제15조 제2~4항을 충족했고, 원칙적으로 제6항의 적정보상 추정이 작동합니다. IT 분야에서의 합리적 실시료율(대법원 2014다220347: 2% 사례)과 발명자 공헌도 10~20%를 참작하면 통상 보상범위는 회사 이익 10,835.1만원 대비 1,084~2,167만원인데, 기지급 9,003만원은 이를 크게 상회합니다. 무효소송 승소는 독점권 기여율을 높이는 유리 사정이지만(대법원 2014다220347, 2023다237514), 이미 지급액이 회사 이익의 약 83%에 달해 추가 청구의 실익이 희박하고, 분쟁 시 시간·비용 부담에 비해 기대이익이 크지 않습니다. 따라서 추가 분쟁 없이 현재 보상을 수용하는 것이 합리적입니다.",수용,0
2,제조,미미,1,보상규정은 있으나 종업원에게 서면으로 알린 적 없음,3,매우후함,10.9077,S2,0.03,3991402,0.0484,948,2369,6160,9477,무효소송승소,1.8,5792.1,10425.8,868.8,1563.9,-7913.1,수용,자부심,"제조업에서 특허 무효소송 승소로 사용자 이익(10,425.8만원)은 인정되며, 보상규정 미고지는 발명진흥법 제15조 제6항의 적정보상 추정을 배제할 뿐 추가보상을 곧바로 정당화하지는 않습니다. 대법원 기준(실시료율 2~3%, 발명자 공헌도 10~20%, 2023다237514의 ‘상당인과관계 있는 이익’ 고려)으로 통상 발명자 몫은 약 1,043~2,085만원 수준입니다. 이미 수령한 9,477만원은 이 상한을 현저히 초과하여 추가 청구·소송의 실익이 작고, 시간·비용 부담이 큽니다. 따라서 불확실성 최소화와 관계 유지를 위해 현 보상을 수용하는 것이 합리적입니다.",수용,0
8,제약,핵심,2,보상규정을 서면으로 알렸으나 작성·변경 시 종업원과 협의한 적 없음,3,매우후함,10.789,S2,0.05,3137640,0.4347,11037,27594,71743,110374,라이선스수입,2.4,68202.3,163685.5,10230.3,24552.8,-85821.2,수용,자부심,"제약 산업에서 본 발명은 라이선스 수입으로 사용자 이익이 현실화되었고(대법원 2023다237514 취지상 ‘상당인과관계 있는 이익’), 공지·무효 항변 위험은 낮습니다. 다만 회사는 보상규정 협의 의무(제15조 3항)를 지키지 않아 제15조 6항의 면책은 곧장 적용되지 않지만, 회사 공시 이익 163,685.5만원에 판례상 발명자 공헌도 10~20%만 적용해도 16,369~32,737만원 수준이고 제가 이미 110,374만원을 수령했습니다. LG생명과학·정보통신 판결의 산정 흐름을 감안해도 추가 증액 여지는 낮아 협상·청구·소송의 시간·비용 대비 기대이익이 미미합니다. 따라서 현 보상을 수용하는 것이 합리적이며, 분쟁을 피하면서 성과에 대한 보상이 충분히 이루어진 상태입니다.",수용,0
7,IT,중요,1,보상규정은 있으나 종업원에게 서면으로 알린 적 없음,1,보통,2.8635,S2,0.02,4340731,0.2199,820,2050,5331,8201,라이선스수입,7.2,19092.5,137466.0,2863.9,20619.9,12418.9,청구,자부심,"IT 분야에서 라이선스수입이 발생해 발명과 상당인과관계 있는 사용자 이익(137,466만원)이 인정되고, 회사가 보상규정을 서면으로 고지하지 않아 법 제15조 제6항의 면책추정도 적용되기 어렵습니다. 판례상 공헌도 10~20%를 적용하면 합리적 범위는 13,747~27,493만원인데 실제 수령액은 8,201만원으로 현저히 부족합니다. 공지기술 항변이 입증되면 면책 여지가 있으나 특허 무효사유 등은 주로 기여율에 반영될 뿐이며, 소송은 2~3년 소요와 변호사비 부담이 커 즉시 제기 실익이 낮습니다. 우선 법 제15조에 근거한 추가 보상을 공식 청구(사내·조정)하여 합의를 모색하고, 불성립이거나 10년 소멸시효 임박 시 소송 전환이 합리적입니다.",청구,0
9,제약,핵심,1,보상규정은 있으나 종업원에게 서면으로 알린 적 없음,2,후함,5.3018,S1,0.05,2964639,0.3387,3993,9982,25952,39927,이직제안,1.3,50204.4,65265.7,7530.7,9789.9,-30137.1,수용,자부심,"회사 공시 기준 이익 약 6.5억 중 이미 약 4억을 보상받아, 회사 이익 대비 상당한 수준의 보상입니다. 보상규정을 서면으로 알리지 않은 점은 협상 여지이지만, 현 시점에서 추가 법적 분쟁의 실익이 크지 않다고 판단합니다. 이직 제안도 있어 갈등을 키우지 않고 관계를 정리하며 다음 단계에 집중하겠습니다.",수용,0
1,반도체,보통,0,보상규정 자체가 없음,2,후함,5.6393,S1,0.03,3655455,0.0885,821,2052,5333,8206,M&A,2.4,9701.1,23282.6,1455.2,3492.4,-4713.6,청구,배신감,"회사가 보상규정 없이 제 직무발명을 사용했고, M&A로 창출한 회사 이익(공시 기준)에 비해 제가 받은 금액이 현저히 부족하다고 느낍니다. M&A로 승계된 회사도 보상 의무를 지므로, 법이 보장하는 직무발명 보상 청구 절차를 바로 시작하겠습니다. 사용이익, 제 공헌도, 공동발명 지분 등을 반영해 정당한 추가보상을 객관적으로 산정·요구하겠습니다. 신뢰가 깨진 만큼 합의가 불성실하면 후속 소송도 염두에 두겠습니다.",청구,0
5,반도체,핵심,2,보상규정을 서면으로 알렸으나 작성·변경 시 종업원과 협의한 적 없음,2,후함,5.7474,S2,0.03,4867365,0.3277,4125,10312,26810,41247,무효소송승소,1.8,47843.8,86118.8,7176.6,12917.8,-28329.2,수용,자부심,"반도체 분야 특성상 판례상 실시료율(정보통신 2%, 제약 3%)과 발명자 공헌도 10~20%가 적용되어 통상 보상 범위가 제한됩니다(2009다75178, 2014다220347). 회사는 보상규정을 서면 통지했으나 협의 절차가 없어 제15조 제6항의 안전장치는 약하나, 무효소송 승소는 독점효를 인정하는 사정일 뿐 자동 가산사유는 아닙니다(2014다220347, 2023다237514). 회사 이익 86,118.8만원 대비 기수령 41,247만원(약 4.8%)은 통상 법원 산정치(실시료율×발명자 공헌도 기준)를 현저히 상회하여 추가 법적 청구의 실익이 낮습니다. 청구·소송은 수개월~수년과 변호사 비용이 드는 반면 기대 이익이 작아 현재 보상을 수용하는 것이 합리적입니다.",수용,0
13,제조,보통,0,보상규정 자체가 없음,2,후함,4.5472,S1,0.03,3156783,0.112,723,1808,4702,7233,라이선스수입,8.3,10603.9,88012.4,1590.6,13201.9,5968.9,청구,배신감,"회사에 보상규정이 없고, 발명으로 발생한 라이선스 수입에 비해 내가 받은 보상이 현저히 부족하다고 느낍니다. 공시된 회사 이익이 88,012.4만원인데 내 보상은 7,233만원으로 합리적 수준에 미달합니다. 규정 부재 시에는 법정 기준에 따른 직무발명 보상 청구가 가능하고, 라이선스 수익으로 산정이 비교적 명확합니다. 따라서 감정에 휘둘리지 않고 법적 보상 청구 절차를 개시해 정당한 몫을 바로잡겠습니다.",청구,0
14,반도체,보통,0,보상규정 자체가 없음,0,인색,0.9767,S1,0.03,2012749,0.1109,98,245,638,981,침해소송승소,3.4,6695.0,22763.0,1004.2,3414.4,2433.4,청구,배신감,"회사에 보상규정조차 없고, 내가 받은 981만원은 회사가 이 발명으로 얻은 22,763.0만원의 이익에 비해 현저히 불균형하다. 이 발명으로 침해소송에서 승소해 경제적 가치가 객관적으로 확인된 만큼, 정당한 몫을 법적 절차에 따라 정식으로 청구하겠다. 우선 청구를 개시해 권리를 보전하고, 회사의 대응에 따라 협상 또는 추가 조치로 이어가겠다.",청구,0
11,IT,보통,3,"보상규정을 서면으로 알렸고, 작성 시 종업원과 협의했으며, 결정된 보상액도 서면으로 알림",3,매우후함,9.8719,S1,0.02,1905433,0.0657,371,927,2409,3707,사업화성공,14.5,2503.5,36300.8,375.5,5445.1,1738.1,협상요청,자부심,"사업화가 성공해 회사에 약 3.63억 원의 이익이 발생했고, 내가 받은 보상은 약 3,707만 원으로 10% 수준입니다. 회사가 절차를 갖춘 점을 감안하면 곧바로 분쟁으로 가기보다, 이익 산정 범위와 기여율·배분 기준 등에 대한 투명한 재검토를 요청하겠습니다. 성과 연동 추가보상(성공보너스·로열티형) 여지가 있다면 협의로 풀 수 있다고 봅니다. 내 기여가 정당하게 인정받되 회사와의 관계도 유지하고 싶습니다.",협상,0
15,제약,미미,2,보상규정을 서면으로 알렸으나 작성·변경 시 종업원과 협의한 적 없음,2,후함,4.2989,S2,0.05,2843567,0.0218,200,500,1300,2000,M&A,5.3,3102.1,16441.1,465.3,2466.2,466.2,청구,자부심,"제약 업종·공시 이익(16,441.1만원) 기준으로 현재 2,000만원 보상은 판례상 발명자 공헌도 10~20% 범위의 중하단으로 상한(최대 약 3,288만원)까지 추가 여지가 있습니다. 회사는 보상규정을 서면 통지했으나 종업원과 협의가 없어 발명진흥법 제15조 제3항 위반 소지가 있고, 제15조 제6항의 면책도 적용되기 어려워 추가 보상 요구 근거가 됩니다. M&A 이후의 프리미엄 등도 2023다237514 판례에 따라 ‘상당인과관계 있는 이익’에 포함될 수 있으나 입증 부담이 커 곧바로 소송으로 갈 실익은 제한적입니다. 시간·비용 대비 우선 사내·조정 절차로 추가지급(공헌도 상한 근접 또는 M&A 프리미엄 일부 반영)을 요구하는 청구가 합리적이며, 소송은 기대 추가액 대비 부담이 커 현시점에선 비추입니다.",청구,0
19,IT,핵심,3,"보상규정을 서면으로 알렸고, 작성 시 종업원과 협의했으며, 결정된 보상액도 서면으로 알림",1,보통,2.2859,S1,0.02,3466631,0.4709,1120,2799,7276,11195,사업화성공,6.0,32647.9,195887.4,4897.2,29383.1,18188.1,협상요청,자부심,"현재 보상은 회사가 이 발명으로 얻은 이익 대비 약 5.7% 수준으로 보이며, 규정 절차는 존중하지만 제 성과 기여를 더 반영할 여지가 있다고 판단한다. 법적 분쟁 없이 상호 신뢰를 유지하고 싶어 우선 추가 협의를 요청한다. 이익 산정 기준과 기여율 반영 근거를 투명하게 재검토해 성과연동 보상을 합리적으로 조정하길 바란다.",협상,0
18,제약,중요,1,보상규정은 있으나 종업원에게 서면으로 알린 적 없음,0,인색,1.0212,S1,0.05,4394326,0.2114,712,1779,4625,7116,라이선스수입,3.7,46453.2,171876.8,6968.0,25781.5,18665.5,협상요청,배신감,"회사 보상규정이 있으나 서면 통지가 없어 절차상 하자가 있어 규정 효력에 의문이 있고, 법정 정당한 보상을 추가로 청구할 여지가 큽니다. 공시된 라이선스 수입 대비 내가 받은 금액은 약 4%로, 제약업의 회사 기여를 감안해도 과소로 보입니다. 다만 즉시 소송에 가기보다 관계와 시간·비용을 아끼기 위해 먼저 공식적인 재산정과 추가 보상을 협의하겠습니다. 회사가 성실히 응하지 않으면 법적 청구로 전환할 것을 전제하고 협상안을 제시하겠습니다.",협상,0
12,반도체,핵심,3,"보상규정을 서면으로 알렸고, 작성 시 종업원과 협의했으며, 결정된 보상액도 서면으로 알림",1,보통,2.2171,S2,0.03,4051012,0.3083,1246,3116,8100,12462,M&A,2.5,37471.5,93678.8,5620.7,14051.8,1589.8,수용,손실회피,"회사가 보상규정을 서면고지·협의·서면통지한 점은 발명진흥법 제15조 제2~4항을 충족하므로, 제15조 제6항상 원칙적으로 정당보상이 추정됩니다. 공시된 이익 93,678.8만원 대비 기수령 12,462만원(약 13.3%)은 판례상 발명자 공헌도 10~20% 적용 범위(9,368~18,736만원) 안에 있어 금액 적정성이 뒷받침됩니다. 또한 대법 2009다75178·2014다220347의 실시료율(대체로 2~3%) 및 2023다237514의 ‘상당인과관계 있는 이익’ 법리에 비추면, M&A 프리미엄 등은 이익에서 제외될 수 있어 추가 청구가 오히려 불리해질 위험이 있습니다. 청구·소송에 소요되는 기간과 변호사비 대비 기대추가액이 제한적이므로 현재 보상을 수용하는 것이 합리적입니다.",수용,0
20,IT,중요,3,"보상규정을 서면으로 알렸고, 작성 시 종업원과 협의했으며, 결정된 보상액도 서면으로 알림",3,매우후함,9.6217,S1,0.02,4494265,0.2356,3056,7640,19865,30561,사업화성공,9.7,21174.5,205392.6,3176.2,30808.9,247.9,수용,자부심,"회사 보상규정을 사전에 서면으로 공지·협의했고, 보상액도 서면으로 통지되어 절차적 정당성이 확보되었습니다. 회사 공시 기준 이익 205,392.6만원 대비 내가 받은 30,561만원은 약 15%로, 국내 관행상 과소하다고 보기 어렵습니다. 분쟁으로 얻을 잠재적 추가 이익 대비 관계 비용과 리스크가 더 크다고 판단합니다. 그래서 현재 보상을 수용하고, 성과에 대한 인정과 팀의 성공이 자랑스럽습니다.",수용,0
16,제약,보통,3,"보상규정을 서면으로 알렸고, 작성 시 종업원과 협의했으며, 결정된 보상액도 서면으로 알림",3,매우후함,8.7658,S2,0.05,4606423,0.0532,1612,4030,10476,16118,이직제안,1.2,12258.1,14709.7,1838.7,2206.5,-13911.5,수용,자부심,"사용자 보상규정은 서면 통지·협의·서면 확정 통지 등 발명진흥법 제15조 제2~4항 요건을 충족하므로, 제6항의 정당보상 추정이 작동합니다. 회사 공시 이익 14,709.7만원 대비 제가 받은 16,118만원은 판례상 통상 공헌도(10~20%, 대법원 2009다75178 등)를 현저히 상회하고, 2023다237514의 ‘상당인과관계 있는 이익’ 기준을 적용해도 추가 법적 몫을 도출하기 어렵습니다. 이직제안은 잔류 인센티브 협상 레버리지는 되지만 직무발명 보상 법리와 직접 연동되지 않아 청구·소송의 승산 대비 시간(수개월~2~3년)·비용 부담이 큽니다. 따라서 추가 법적 절차 없이 현 보상을 수용하되, 필요하면 별도 경로로 잔류 보상 협상만 검토하겠습니다.",수용,0
10,반도체,핵심,2,보상규정을 서면으로 알렸으나 작성·변경 시 종업원과 협의한 적 없음,0,인색,0.894,S2,0.03,2870444,0.3162,365,913,2373,3651,이직제안,1.3,27227.2,35395.4,4084.1,5309.3,1658.3,협상요청,자부심,"회사는 보상규정을 서면으로만 통지하고 제15조3항의 ‘협의’를 거치지 않아 제15조6항의 정당보상 추정이 약하며, 결국 사용자 이익과 공헌도를 기준으로 재산정할 여지가 있습니다(2014다220347, 2023다237514). 회사 공시 이익 35,395.4만원 대비 수령액 3,651만원은 판례상 발명자 공헌도 10~20%(2009다75178) 하한선에 가까워 추가 0~3,400만원 정도의 상향 여지가 있습니다. 공지기술 항변 정황은 보이지 않고(2009다91507), 특허 무효사유가 있더라도 보상의무는 자동 면제되지 않습니다(2014다220347); 반면 소송은 2~3년과 상당한 변호사 비용에 비해 기대이익이 크지 않습니다. 이직제안 등 현 상황을 감안해 우선 사내 절차로 추가 협의를 요청해 공헌도(예: 15~20%) 재적용 또는 산식 공개를 구하고, 불응 시 청구로 전환하는 전략이 합리적입니다.",협상,0
17,반도체,핵심,1,보상규정은 있으나 종업원에게 서면으로 알린 적 없음,1,보통,2.4462,S2,0.03,1639780,0.2988,539,1348,3506,5393,이직제안,1.1,14698.7,16168.6,2204.8,2425.3,-2967.7,수용,손실회피,"반도체 업종 특성상 사용자의 공헌 비중이 커 발명자 공헌도는 통상 10~20%이고, 실시료율도 2~3% 수준으로 평가되는 경향이 있습니다. 회사가 보상규정을 서면 통지하지 않아 제15조 제6항의 적법보상 추정은 적용되지 않지만, 회사 공시 이익 16,168.6만원 대비 이미 수령한 5,393만원은 판례상 공헌도 범위(1,617~3,234만원)를 현저히 상회합니다. 2023다237514의 '상당인과관계 있는 이익' 법리로 보더라도 추가 인정 폭은 제한적이고, 청구·소송은 수개월~수년의 시간과 비용 부담이 커 실익이 낮습니다. 이직 제안으로 관계 비용 리스크도 있어, 현 보상을 수용하되 내부적으로 향후 보상규정의 서면 통지·협의 이행만 요청하는 것이 합리적이라 판단합니다.",수용,0
22,IT,보통,1,보상규정은 있으나 종업원에게 서면으로 알린 적 없음,1,보통,2.1343,S2,0.02,1719011,0.1007,111,277,721,1109,사업화성공,7.7,3463.4,26668.2,519.5,4000.2,2891.2,청구,자부심,"회사에 보상규정은 있으나 서면 통지·협의·개별 통지가 없어 발명진흥법 제15조 제2~4항을 충족하지 못해 제6항의 ‘정당보상 간주’가 적용되지 않으므로 추가보상 여지가 큽니다. 사업화가 성공했고 공시상 이익(26,668.2만원) 대비 현재 보상 1,109만원은 판례상 공헌도(10~20%) 및 IT 분야 실시료율(대법원 2014다220347 참조) 등을 감안하면 하한선보다 낮을 개연성이 있습니다. 다만 2023다237514에 따른 ‘상당인과관계 있는 이익’ 법리에 따라 이익 범위 다툼이 예상되어, 시효 10년(2009다75178) 내에 사내 절차·조정 등 공식 ‘청구’로 추가보상을 요구하는 것이 시간·비용 대비 합리적입니다. 협의가 결렬되거나 저액 제시 시 증빙을 보강해 소송으로 전환하는 전략이 바람직합니다.",청구,0
24,반도체,중요,2,보상규정을 서면으로 알렸으나 작성·변경 시 종업원과 협의한 적 없음,1,보통,2.686,S1,0.03,3972787,0.2307,1108,2770,7200,11078,침해소송승소,2.2,27495.8,60490.8,4124.4,9073.6,-2004.4,협상요청,자부심,"내 발명으로 회사가 약 60.49억 원의 확정 이익을 얻었고, 나는 11.08억 원만 받았다. 보상규정이 서면 통지되었지만 제·개정 시 종업원과의 협의가 없었던 점은 보상 합리성에 의문을 남긴다. 침해소송 승소로 발명의 기여가 명확해진 만큼 추가 보상을 회사와 우선 협의해 합리적 수준을 모색하겠다. 소송에 앞서 관계와 시간을 고려해 원만한 조정을 먼저 시도한다.",협상,0
25,제조,중요,0,보상규정 자체가 없음,1,보통,2.784,S1,0.03,2332993,0.1591,465,1162,3023,4650,침해소송승소,3.8,11134.9,42312.6,1670.2,6346.9,1696.9,청구,배신감,"회사에는 직무발명 보상규정이 없고, 내 발명으로 회사가 침해소송에서 승소해 공시된 이익이 42,312.6만원인 점을 고려하면 현재까지 받은 4,650만원은 합리적 보상으로 보기 어렵습니다. 특허법상 종업원 발명자는 회사 이익과 기여도를 반영한 합리적 보상을 청구할 권리가 있으므로, 법적 보상 청구 절차를 곧바로 개시하겠습니다. 협상 가능성은 열어두되, 시효와 증거 보전을 위해 정식 청구로 권리를 명확히 하겠습니다.",청구,0
28,IT,중요,3,"보상규정을 서면으로 알렸고, 작성 시 종업원과 협의했으며, 결정된 보상액도 서면으로 알림",2,후함,4.2963,S1,0.02,1863423,0.1252,301,752,1954,3007,무효소송승소,1.5,4666.1,6999.2,699.9,1049.9,-1957.1,수용,자부심,"회사가 보상규정을 사전에 고지·협의했고, 무효소송까지 승소하며 권리를 방어한 점을 높이 평가합니다. 공시 이익 6,999.2만원 대비 제가 받은 3,007만원(약 43%)은 업계·판례 기준으로도 상당히 높은 보상입니다. 추가 청구는 불확실성과 관계 비용만 키울 가능성이 큽니다. 이번 보상을 수용하고 성과에 자부심을 갖는 것이 합리적이라 판단했습니다.",수용,0
26,제약,보통,1,보상규정은 있으나 종업원에게 서면으로 알린 적 없음,1,보통,2.3438,S2,0.05,1330930,0.1076,252,629,1636,2517,라이선스수입,6.1,7157.9,43663.2,1073.7,6549.5,4032.5,청구,자부심,"회사는 보상규정을 서면 고지하지 않아 발명진흥법 제15조 제2·4항을 위반했으므로, 제6항의 ‘정당한 보상’ 추정이 적용되지 않습니다. 공시된 라이선스수입 43,663.2만원은 발명과 상당인과관계 있는 사용자 이익으로 평가될 가능성이 높습니다(대법원 2023다237514). 판례상 발명자 공헌도 10~20%를 적용하면 적정 보상은 4,366~8,733만원이고, 기수령 2,517만원은 하한에도 못 미쳐 추가 보상 여지가 큽니다(2009다75178, 2014다220347). 공지기술·무효 항변 가능성은 있으나 실제 라이선스가 존재해 사용자 독점이익 부정 주장은 약하고, 소송은 기간·비용 부담이 크므로 우선 사내·조정 절차로 정당보상을 청구하는 것이 합리적입니다.",청구,0
27,IT,미미,3,"보상규정을 서면으로 알렸고, 작성 시 종업원과 협의했으며, 결정된 보상액도 서면으로 알림",0,인색,1.077,S1,0.02,1739917,0.0371,21,52,136,209,침해소송승소,1.6,1291.6,2066.6,193.7,310.0,101.0,협상요청,자부심,"회사는 보상규정을 서면 공지하고 협의·통지 절차도 지켰으나, 침해소송 승소로 창출된 이익 대비 현재 보상 209만원은 상대적으로 낮게 느껴집니다. 공시된 2,066.6만원 이익의 산정 근거에 손해배상액이나 회피이익이 충분히 반영됐는지 투명한 설명을 받고 싶습니다. 우선 내부 협의를 통해 합리적 추가보상이나 보완지급 가능성을 검토하고, 관계를 유지하는 편이 리스크와 비용 면에서 유리하다고 판단했습니다.",협상,0
21,반도체,핵심,1,보상규정은 있으나 종업원에게 서면으로 알린 적 없음,1,보통,2.3957,S2,0.03,1580282,0.3556,606,1515,3938,6059,무효소송승소,1.1,16859.4,18545.3,2528.9,2781.8,-3277.2,수용,손실회피,"반도체 분야 특성상 통신 판례(2014다220347)의 2% 등 낮은 실시료율이 참작되고, 무효소송 승소는 독점권 유지로서 사용자 공헌을 높이는 요소입니다(2023다237514 법리). 회사는 보상규정을 서면 통지하지 않아 제15조 2·4항을 지키지 못했으므로 제15조 6항의 ‘정당보상 추정’은 누리지 못하지만, 결국 보상액은 사용자 이익과 공헌도에 따라 실체 판단됩니다. 공시 이익 18,545.3만원에 판례상 발명자 공헌도 10~20%(2009다75178 기준)를 적용하면 1,855~3,709만원인데, 내가 받은 6,059만원은 이를 상당히 상회합니다. 추가 협상·소송의 시간·비용 대비 실익이 작아 현재 보상을 그대로 수용하는 것이 합리적입니다.",수용,0
30,제약,보통,0,보상규정 자체가 없음,3,매우후함,10.9524,S1,0.05,4388322,0.0827,2981,7452,19373,29806,무효소송승소,1.7,18142.7,30842.6,2721.4,4626.4,-25179.6,수용,자부심,"회사에 보상규정이 없음에도 총 이익 30,842.6만원 중 29,806만원(약 96.6%)을 이미 지급받았습니다. 무효소송 승소 과정에서 회사도 리스크와 비용을 부담하며 성과를 함께 만들었습니다. 통상적인 직무발명 보상수준을 크게 상회해 추가 청구의 실익과 정당성이 크지 않습니다. 현재 보상을 수용하고 관계와 평판을 유지하는 것이 가장 합리적이라고 판단합니다.",수용,0
23,제조,미미,2,보상규정을 서면으로 알렸으나 작성·변경 시 종업원과 협의한 적 없음,2,후함,4.4266,S2,0.03,997778,0.0255,51,126,329,506,침해소송승소,3.1,762.4,2363.4,114.4,354.5,-151.5,협상요청,충성심,"회사는 보상규정을 서면 고지했지만 제15조 제3항의 ‘협의’ 절차를 거치지 않아 제15조 제6항의 정당보상 추정이 적용되지 않습니다. 다만 회사 공시 이익 2,363.4만원 대비 수령액 506만원은 판례상 발명자 공헌도 10~20% 범위(236~473만원)를 이미 상회해 금액 측면의 추가 청구 실익이 제한적입니다. 침해소송 승소 등 사후사정은 2023다237514에 따라 고려될 수 있으나 이를 반영해도 현 수준이 현저히 과소라 보기 어렵고, 청구·소송은 시간·비용 부담이 큽니다. 따라서 절차상 하자를 근거로 이익 산정 근거 공개와 추가 보상 가능성에 대한 회사와의 협의를 우선 요청하는 것이 합리적입니다.",협상,0
33,제약,핵심,0,보상규정 자체가 없음,1,보통,2.2452,S1,0.05,3561193,0.4792,2874,7184,18677,28735,무효소송승소,1.1,85325.0,93857.5,12798.8,14078.6,-14656.4,수용,자부심,"회사가 이 발명으로 얻은 이익 대비 약 30% 수준의 보상을 이미 받았고, 이는 통상 판례나 업계 평균을 크게 상회합니다. 특히 무효소송을 승소해 권리를 방어한 회사의 기여도도 적지 않아 추가 몫을 주장하기에는 근거가 약합니다. 추가 협상이나 소송은 시간·비용 대비 실익이 크지 않고 조직 내 관계 리스크가 큽니다. 현재 보상을 긍정적으로 평가하며 수용하겠습니다.",수용,0
31,제조,보통,2,보상규정을 서면으로 알렸으나 작성·변경 시 종업원과 협의한 적 없음,1,보통,2.7096,S1,0.03,2146492,0.0637,167,417,1084,1668,무효소송승소,1.4,4104.9,5746.9,615.7,862.0,-806.0,협상요청,자부심,"회사가 종업원과 협의 없이 보상규정을 운영해 온 점에서 보상의 합리성에 의문이 듭니다. 내 발명이 무효소송에서 방어되며 회사 이익이 확정된 만큼 기여도와 가치가 분명해졌습니다. 현재 받은 1,668만원은 의미 있으나 회사 공시 이익 5,746.9만원 대비 추가 보상을 검토할 여지가 있다고 봅니다. 우선 법적 절차에 앞서 원만한 조정을 위해 협상을 요청하겠습니다.",협상,0
29,제약,핵심,2,보상규정을 서면으로 알렸으나 작성·변경 시 종업원과 협의한 적 없음,3,매우후함,11.4901,S2,0.05,4668834,0.4662,18755,46888,121909,187552,침해소송승소,4.9,108820.1,533218.5,16323.0,79982.8,-107569.2,수용,자부심,"보상규정을 서면 고지했지만 종업원과의 협의가 없어 발명진흥법 제15조 제6항의 ‘정당보상 추정’은 어려우나, 대법원 2009다75178·2014다220347 취지에 따른 합리적 실시료율(통상 2~5%)과 발명자 공헌도(10~20%)를 회사 이익 533,218.5만원에 적용하면 정당보상액은 대체로 수천만~수억 원대가 됩니다. 침해소송 승소로 ‘상당인과관계 있는 이익’(대법원 2023다237514)에 포함될 요소를 감안해도, 현재 수령액 187,552만원은 위 산정 상단을 현저히 초과합니다. 따라서 추가 협상이나 청구·소송의 기대이익이 작고(소송은 2~3년, 비용 본인 부담), 회사는 과다지급을 근거로 추가 지급을 거절할 개연성이 큽니다. 실익·비용을 종합하면 현 단계에서는 수용이 합리적입니다.",수용,0
36,제약,중요,1,보상규정은 있으나 종업원에게 서면으로 알린 적 없음,3,매우후함,8.5379,S1,0.05,4275110,0.2457,6726,16816,43720,67262,침해소송승소,2.5,52521.0,131302.5,7878.1,19695.4,-47566.6,수용,자부심,"회사 공시 기준 이익 약 13.13억원 중 약 6.73억원을 이미 보상으로 받았고, 이는 일반적인 직무발명 보상 수준을 상당히 상회합니다. 서면 통지 부재 등 절차상 아쉬움은 있으나, 침해소송 승소까지 반영된 현재 보상은 내 기여에 대한 합리적 인정으로 보입니다. 추가 분쟁으로 관계를 소모하기보다 현 시점에서는 수용하는 것이 낫다고 판단했습니다. 향후 잔여 이익이나 추가 성과가 생기면 그때 투명한 기준으로 협의하길 기대합니다.",수용,0
34,반도체,미미,1,보상규정은 있으나 종업원에게 서면으로 알린 적 없음,3,매우후함,9.4689,S2,0.03,681448,0.0414,120,300,782,1202,M&A,3.2,845.7,2706.2,126.9,405.9,-796.1,수용,손실회피,"보상규정이 서면 통지되지 않아 제15조 제6항의 적법 보상 추정은 적용되지 않지만(제2~4항 위반), 실체 판단상 회사 이익 2,706.2만원 대비 판례상 발명자 공헌도 10~20%(대법원 2009다75178 등)를 적용한 합리적 범위(약 271~541만원)를 이미 크게 초과한 1,202만원을 수령했습니다. 특허 유효성만으로 보상의무가 면제되지 않음을 전제로 하더라도(2014다220347), M&A로 인한 추가 이익은 2023다237514에 따라 발명과의 상당인과관계 입증이 필요해 규모·인과 입증 부담이 큽니다. 청구·소송은 수개월~수년과 본인 비용이 수반되는 반면 추가 상승 여지가 제한적이므로 현재 보상을 정당 범위로 보아 수용합니다. 다만 향후를 위해 회사에 보상규정의 서면 통지·협의(제15조 제2·3·4항) 이행을 비공식적으로 요청하는 선에서 정리하겠습니다.",수용,0
38,제조,중요,2,보상규정을 서면으로 알렸으나 작성·변경 시 종업원과 협의한 적 없음,0,인색,1.0307,S1,0.03,3414753,0.26,412,1029,2676,4117,사업화성공,12.2,26632.4,324915.3,3994.9,48737.3,44620.3,청구,배신감,"회사 보상규정을 서면 고지했지만 종업원과의 협의 절차가 없었다면 발명진흥법상 규정의 효력이 제한될 수 있어 정당한 보상 청구 여지가 큽니다. 사업화에 성공해 회사가 약 32.5억 원의 이익을 얻었는데, 내가 받은 보상은 약 4,117만 원(1%대)으로 현저히 낮습니다. 신뢰가 깨졌지만, 우선 법적 보상 청구를 개시해 시효를 확보하고 객관 자료에 근거한 재산정과 추가 지급을 요구하겠습니다. 회사 대응에 따라 협상 또는 소송 단계로 신속히 전환할 준비를 하겠습니다.",청구,0
32,반도체,중요,1,보상규정은 있으나 종업원에게 서면으로 알린 적 없음,0,인색,1.0714,S2,0.03,1588543,0.1245,95,238,621,954,사업화성공,16.5,5933.9,97909.3,890.1,14686.4,13732.4,청구,자부심,"반도체 직무발명이 사업화에 성공하여 회사에 97,909.3만원의 이익이 발생했으므로 사용자 이익은 존재하고, 최신 대법원 2023다237514 법리에 비추어 승계 이후 사정까지 고려한 산정 여지도 큽니다. 회사가 보상규정을 서면으로 알리지 않아 제15조 제2·4항을 충족하지 못해 제15조 제6항의 정당보상 추정도 곤란하므로 추가 보상을 주장할 근거가 있습니다. 현재 수령액 954만원은 공시 이익과 판례상 기준(실시료율·발명자 공헌도·독점권 기여율)을 종합하면 과소일 여지가 커 추가 보상을 다툴 가치가 있습니다. 다만 소송은 장기·고비용이므로 우선 사내 청구·조정으로 증빙을 확보하며 증액을 요구하고, 불성실 대응 시 소 제기를 검토하는 순서가 실익 대비 부담이 가장 합리적입니다.",청구,0
37,반도체,미미,3,"보상규정을 서면으로 알렸고, 작성 시 종업원과 협의했으며, 결정된 보상액도 서면으로 알림",0,인색,0.9121,S2,0.03,4316711,0.0497,88,220,572,880,이직제안,1.1,6430.2,7073.2,964.5,1061.0,181.0,협상요청,자부심,"반도체 분야에서 판례상 발명자 공헌도 10~20%를 적용하면 회사 공시 이익 7,073.2만원 대비 정당범위는 707~1,415만원이고, 기수령 880만원은 하한을 넘지만 상한에는 미달합니다. 회사가 발명진흥법 제15조 제2~4항 절차(서면 고지·협의·서면 통지)를 이행하여 제6항의 정당보상 추정이 작동하는 만큼, 금액이 판례 범위 안에 있는 현 상황에서 법원에서 추가를 끌어내기 쉽지 않습니다. 더구나 사용자 제공 최신 판결의 ‘상당인과관계 있는 이익’ 법리에 따라 독점권 기여율 등이 반영되면 사용자 이익이 축소되어 소송(2~3년, 변호사비 부담)의 실익이 작고, 추가 기대액도 상한과의 격차(약 5백만원대) 내에 그칠 수 있습니다. 이직제안으로 레버리지가 있는 지금은 산정자료(이익, 독점권 기여율, 공헌도) 공개와 상한(20%) 근접 조정 또는 성과연동 추가보상을 요구하는 협상을 먼저 시도하고, 불응 시 사내·조정 절차(청구)로 전환하는 것이 합리적입니다.",협상,0
39,제조,핵심,3,"보상규정을 서면으로 알렸고, 작성 시 종업원과 협의했으며, 결정된 보상액도 서면으로 알림",0,인색,1.0001,S2,0.03,1672539,0.3155,238,594,1543,2375,사업화성공,4.5,15829.9,71234.6,2374.5,10685.2,8310.2,청구,자부심,"회사는 제15조 제2~4항 요건을 갖춰 제6항의 추정이 작동하나, 보상액이 사용자 이익·공헌도를 반영하지 않으면 예외가 인정됩니다. 발명은 사업화에 성공했고 공시 이익 71,234.6만원은 2023다237514 취지상 ‘상당인과관계 있는 이익’에 해당하며, 판례상 공헌도 10~20%를 참작할 때 합리 범위(7,123~14,247만원) 대비 기수령 2,375만원은 현저히 낮습니다. 수용은 실익이 작고, 단순 협상요청은 근거 공개·재산정 강제력이 약하며, 소송은 2~3년 소요·비용 부담이 커 현재는 비효율적입니다. 따라서 사내·조정 절차로 공식 ‘청구’를 제기해 산정근거 공개와 재산정을 요구하고, 불성립 시 소송 전환을 예고하는 전략이 비용‑시간 대비 효율적입니다.",청구,0
41,제약,핵심,2,보상규정을 서면으로 알렸으나 작성·변경 시 종업원과 협의한 적 없음,3,매우후함,10.6786,S2,0.05,1863133,0.3577,5337,13344,34693,53374,침해소송승소,2.2,33321.5,73307.3,4998.2,10996.1,-42377.9,수용,자부심,"제약 산업 특성상 독점효과가 크고 침해소송 승소로 직무발명과 상당인과관계 있는 사용자 이익이 인정됩니다(대법 2023다237514), 공지기술 항변 가능성도 낮습니다(한림제약). 다만 회사가 보상규정 작성·변경 시 협의의무(법 제15조 제3항)를 이행하지 않아 제15조 제6항의 정당보상 추정은 곧바로 적용되기 어렵습니다. 그럼에도 공시 이익 73,307.3만원 대비 판례상 발명자 공헌도 10~20% 기준 7,331~14,661만원인데, 기수령 53,374만원은 이를 현저히 상회하여 실체적 정당보상 요건을 충족·초과합니다. 추가 협상·청구·소송은 시간·비용 대비 기대이익이 작고 분쟁 리스크만 키우므로 현 상태 수용이 합리적입니다.",수용,0
43,제조,미미,0,보상규정 자체가 없음,0,인색,0.857,S1,0.03,1673186,0.0446,29,72,187,288,사업화성공,5.8,2241.2,12999.0,336.2,1949.8,1661.8,청구,배신감,"회사에 보상규정도 없고, 발명이 사업화에 성공해 회사가 공시 기준으로 약 1억 3천만 원의 이익을 거둔 반면 제가 받은 보상은 288만 원에 그쳤습니다. 직무발명 보상은 법이 보장하는 권리인데, 현재 수준은 정당한 보상이라 보기 어렵습니다. 내부 협상만으로는 기준과 산정이 불명확해 추가 보상을 확보하기 어렵다고 판단했습니다. 따라서 법적 보상 청구 절차를 개시해 적정한 산정과 정산을 요구하겠습니다.",청구,0
40,IT,중요,2,보상규정을 서면으로 알렸으나 작성·변경 시 종업원과 협의한 적 없음,0,인색,1.0058,S2,0.02,2916160,0.2463,217,542,1408,2167,침해소송승소,4.2,14366.1,60337.6,2154.9,9050.6,6883.6,청구,자부심,"회사는 보상규정을 서면으로만 통지하고 작성·변경 시 협의가 없어 발명진흥법 제15조 제3항 위반 소지가 있고, 제15조 제6항의 적정보상 추정도 미적용됩니다. 회사 공시 이익 60,337.6만원과 침해소송 승소는 대법원 2023다237514의 ‘상당인과관계 있는 이익’에 포함될 가능성이 높고, ICT 분야 판례상 기준(실시료율 2%, 발명자 공헌도 10~20%: 2009다75178, 2014다220347)을 감안하면 현재 수령액 2,167만원은 보수적 하한(6,034만원)에도 못 미칩니다. 소송은 2~3년 소요와 비용 부담이 커 당장은 과중하며, 단순 협상요청은 법적 압박이 약합니다. 따라서 시효 10년(2009다75178)을 염두에 두고 사내·조정 절차를 포함한 법적 보상 청구를 개시해 이익·기여율 산정 근거와 판결문·공시자료를 근거로 증액 협상을 유도하겠습니다.",청구,0
35,반도체,핵심,2,보상규정을 서면으로 알렸으나 작성·변경 시 종업원과 협의한 적 없음,0,인색,1.0958,S2,0.03,2868547,0.3758,532,1329,3455,5316,사업화성공,6.9,32340.6,223150.1,4851.1,33472.5,28156.5,청구,자부심,"보상규정은 서면 통지는 했으나 제15조 제3항상의 종업원 협의가 없어 제15조 제6항의 ‘정당한 보상’ 추정이 약합니다. 사업화 성공과 공시된 이익은 대법원 2023다237514의 ‘상당인과관계 있는 이익’에 해당해 추가 보상 산정의 기초가 됩니다. 공지기술·무효 항변은 실질 이익이 존재해 설득력이 약하나, 실시료율 2~3%와 발명자 공헌도 10~20% 등 판례 기준(2009다75178, 2014다220347)에 따른 계산 결과에 다툼의 여지가 있어 즉시 소송은 리스크가 큽니다. 따라서 비용이 적고 시효(10년, 2009다75178) 관리에 유리한 사내·조정 절차의 ‘청구’로 자료 개시와 추가 협상을 먼저 추진하겠습니다.",청구,0
42,반도체,중요,2,보상규정을 서면으로 알렸으나 작성·변경 시 종업원과 협의한 적 없음,0,인색,1.0032,S2,0.03,3473883,0.1336,210,524,1362,2096,라이선스수입,6.6,13927.8,91923.5,2089.2,13788.5,11692.5,청구,자부심,"반도체 업종 사안이지만 본 건은 라이선스수입이 존재해 대법원 2023다237514의 ‘상당인과관계 있는 이익’ 기준에 명확히 부합합니다. 회사는 보상규정을 서면 통지했으나 제15조 제3항의 협의 의무를 이행하지 않아 제15조 제6항의 정당보상 추정도 얻기 어렵습니다. 공시된 회사 이익 91,923.5만원 대비 지금까지 보상 2,096만원은, 판례상 발명자 공헌도 10~20%(LG생명과학 등)를 적용한 9,192~18,385만원 범위에 현저히 미달합니다. 소송은 기간·비용 부담이 커 우선 사내·조정 절차로 추가 보상을 공식 청구하고, 불성실 대응 시 소송으로 전환하는 전략의 실익이 가장 큽니다.",청구,0
44,반도체,핵심,1,보상규정은 있으나 종업원에게 서면으로 알린 적 없음,1,보통,2.3527,S1,0.03,3681903,0.4207,1640,4099,10658,16397,사업화성공,18.7,46464.5,868886.2,6969.7,130332.9,113935.9,청구,배신감,"보상규정이 있다면서도 종업원에게 서면 고지를 하지 않은 점은 절차적 신뢰를 무너뜨렸습니다. 발명으로 회사가 868,886.2만원의 이익을 얻은 반면 제가 받은 16,397만원은 현저히 낮아 정당한 추가 보상의 여지가 큽니다. 협상만으로는 지연될 가능성이 커서 법적 보상 청구 절차로 객관적 산정과 자료 확보를 바로 시작하겠습니다. 다만 소송 전 단계에서 착수해 합의·조정의 가능성도 열어두겠습니다.",청구,0
47,제조,보통,2,보상규정을 서면으로 알렸으나 작성·변경 시 종업원과 협의한 적 없음,3,매우후함,11.1677,S1,0.03,845230,0.1072,455,1138,2959,4552,사업화성공,15.1,2717.6,41035.8,407.6,6155.4,1603.4,협상요청,자부심,"내 발명으로 사업화가 성공해 회사가 41,035.8만원의 이익을 냈지만, 내가 받은 보상은 4,552만원에 그쳐 공헌 대비 인정을 충분히 못 받았다고 느낍니다. 게다가 보상규정을 만들고 바꾸면서 종업원과 협의가 없었다는 절차상 하자도 분명합니다. 우선 회사와 추가 보상 기준과 공헌율을 재산정하는 협의를 정식으로 요청하겠습니다. 관계를 지키되 정당한 가치를 인정받고 싶습니다.",협상,0
50,제약,미미,3,"보상규정을 서면으로 알렸고, 작성 시 종업원과 협의했으며, 결정된 보상액도 서면으로 알림",2,후함,5.365,S1,0.05,4206815,0.0371,628,1571,4084,6283,라이선스수입,2.2,7807.4,17176.3,1171.1,2576.4,-3706.6,수용,자부심,"회사가 공시한 이익 17,176.3만원 대비 내가 받은 6,283만원은 비율상 상당히 높은 편으로, 합리적인 보상이라고 판단했습니다. 보상규정의 사전 고지·협의·서면통지도 이뤄져 절차적 정당성도 충족됐습니다. 추가 협상이나 분쟁은 관계 비용과 불확실성이 커 현재 이익을 훼손할 수 있습니다. 내 발명이 회사 성과로 이어졌다는 사실에 만족하며, 이번 보상을 수용하겠습니다.",수용,0
52,IT,미미,0,보상규정 자체가 없음,0,인색,0.8655,S1,0.02,1115736,0.0291,8,21,55,84,이직제안,1.3,649.0,843.7,97.3,126.6,42.6,협상요청,자부심,"회사가 보상규정이 없고, 회사가 얻은 이익(843.7만원)에 비해 제가 받은 84만원은 낮다고 판단했습니다. 직무발명은 정당한 보상 원칙이 있으므로 이를 근거로 추가 보상을 정식으로 협의하겠습니다. 마침 이직 제안도 있어 협상 지렛대가 있는 만큼 소송 이전에 상호 윈윈 합의를 먼저 시도하고 싶습니다. 협의가 결렬될 경우에는 법적 절차로 전환할 수 있음을 전제하고 대화에 임하겠습니다.",협상,0
46,제약,중요,1,보상규정은 있으나 종업원에게 서면으로 알린 적 없음,3,매우후함,9.5938,S2,0.05,2745449,0.1308,2584,6459,16793,25836,이직제안,1.2,17953.3,21544.0,2693.0,3231.6,-22604.4,수용,자부심,"제약 업종 특성상 실시가치가 높을 수 있으나, 회사 공시 이익 21,544만원 대비 내가 받은 25,836만원은 이를 이미 초과합니다. 비록 제15조 제2~4항의 서면 통지가 미흡해 제15조 제6항의 정당보상 추정은 적용되기 어렵지만, 대법원 2009다75178·2014다220347·2023다237514 취지 및 판례상 발명자 공헌도 10~20%(2,154~4,309만원)와 비교하면 현 보상은 과다한 수준입니다. 추가 협상·청구·소송은 수개월~수년의 시간과 변호사 비용 대비 실익이 거의 없고, 오히려 과다지급 반환 주장 등 역리스크가 존재합니다. 따라서 현 보상을 수용하는 것이 가장 합리적입니다.",수용,0
48,반도체,중요,0,보상규정 자체가 없음,2,후함,5.694,S1,0.03,2268958,0.1359,790,1975,5135,7900,사업화성공,8.7,9249.7,80472.4,1387.5,12070.9,4170.9,협상요청,자부심,"회사에 보상규정이 없어 정당한 보상 기준이 명확하지 않습니다. 발명으로 회사가 공시 기준 80,472.4만원의 이익을 얻었고, 제가 받은 7,900만원은 기여도 대비 추가 논의의 여지가 있다고 봅니다. 우선 회사와 원만히 재협의해 합리적 보상과 제도 마련을 요구하겠습니다. 필요시 이후 법적 절차도 검토하겠습니다.",협상,0
49,반도체,미미,3,"보상규정을 서면으로 알렸고, 작성 시 종업원과 협의했으며, 결정된 보상액도 서면으로 알림",2,후함,5.5948,S2,0.03,3220728,0.0316,256,640,1665,2561,사업화성공,19.6,3052.2,59823.1,457.8,8973.5,6412.5,청구,자부심,"회사는 제15조 2~4항 요건을 갖춰 절차상 정당보상이 추정되지만, 보상액이 사용자 이익과 공헌도를 충분히 반영하지 않으면 예외가 인정됩니다(제15조 6항 단서, 2009다75178). 사업화 성공으로 공시된 이익 약 5.98억 대비 현재 수령 0.256억은, 판례상 발명자 공헌도 10~20% 기준 추정치(0.598~1.196억)에 현저히 못 미쳐 추가보상 여지가 큽니다. 다만 2023다237514의 ‘상당인과관계 있는 이익’ 법리에 따라 반도체 제품의 다른 기술·시장 요인과 승계 후 사정이 공제될 수 있어 소송은 2~3년의 기간·변호사비 대비 불확실성이 큽니다. 따라서 우선 사내·조정 절차로 산정근거 공개와 재산정을 요구하는 청구를 진행하고, 불성립 시에만 소송을 검토하는 것이 비용·시간 대비 실익이 큽니다.",청구,0
45,제약,핵심,3,"보상규정을 서면으로 알렸고, 작성 시 종업원과 협의했으며, 결정된 보상액도 서면으로 알림",0,인색,0.8857,S2,0.05,3808941,0.4171,1055,2638,6859,10552,이직제안,1.3,79426.0,103253.8,11913.9,15488.1,4936.1,협상요청,손실회피,"제약 업종 특성상 특허의 독점성이 크지만, 2023다237514 취지에 따라 ‘상당인과관계 있는 이익’과 독점기여율을 함께 따져야 합니다. 회사는 발명진흥법 제15조 제2~4항 절차를 준수하여 제6항의 적정보상 추정이 작용하므로, 다만 산정 시 회사 이익과 사용자·발명자 공헌도 고려가 실제 반영됐는지 확인이 필요합니다. 공시 이익 103,253.8만원 대비 수령 10,552만원은 단순 공헌도 10~20% 범위 하단과 유사하나, 대법원 2009다75178·2014다220347의 방식(실시료율 2~3% × 공헌도 10~20%)을 적용하면 추가 여지는 제한적일 수 있습니다. 소송은 2~3년과 높은 비용·관계악화를 초래하고 이직 제안으로 시간가치가 큰 만큼, 우선 협상으로 산정근거 공개와 소폭 추가보상을 요구하되 불성실 시 청구·소송을 예비옵션으로 남기는 것이 합리적입니다.",협상,0
53,IT,중요,2,보상규정을 서면으로 알렸으나 작성·변경 시 종업원과 협의한 적 없음,0,인색,1.107,S2,0.02,3885679,0.1885,243,608,1581,2432,침해소송승소,4.0,14645.4,58581.6,2196.8,8787.2,6355.2,청구,자부심,"보상규정을 서면으로만 고지하고 협의는 하지 않아 발명진흥법 제15조 제3항 위반 소지가 있어 제15조 제6항의 정당보상 간주 적용이 어렵습니다. 침해소송 승소는 특허 독점력에 기초한 ‘상당인과관계 있는 이익’(대법원 2023다237514)을 뒷받침하므로 사용자 이익 인정 폭이 큽니다. 공시 이익 약 58.6억 대비 판례상 발명자 공헌도 10~20%면 5.86~11.72억인데, 기수령 0.243억은 현저히 낮아 추가 보상 여지가 큽니다(정보통신 분야 2% 참작 판례: 2014다220347). 소멸시효 10년(2009다75178)을 전제로 시간·비용을 줄이기 위해 사내·조정 등 ‘청구’를 선행하고, 불성실 대응 시 소송 전환을 예고하는 전략이 유리합니다.",청구,0
54,제조,핵심,1,보상규정은 있으나 종업원에게 서면으로 알린 적 없음,2,후함,5.3526,S2,0.03,2104275,0.3123,1583,3958,10290,15831,침해소송승소,5.0,19717.4,98587.0,2957.6,14788.0,-1043.0,협상요청,손실회피,"회사는 보상규정을 서면 통지하지 않아 발진법 제15조 제6항의 ‘정당보상 간주’가 곧바로 적용되기 어렵고, 침해소송 승소로 사용자 이익이 직무발명과 상당인과관계가 인정될 여지가 큽니다(대법원 2023다237514). 다만 내가 받은 15,831만원은 회사 공시 이익 98,587만원 대비 발명자 공헌도 10~20% 범위(대법원 2009다75178 등)의 중간값 수준이어서 실질적 정당성 판단에서 추가 보상 폭이 크지 않을 수 있고, 소송은 2~3년과 변호사비용 부담, 가상실시료율 적용 시 오히려 산정액이 줄 위험도 있습니다(2014다220347 참조). 따라서 우선 절차상 하자를 근거로 규정의 서면화·공동협의와 적정 보상 산식(이익·공헌도 반영) 재검토를 회사에 요청하는 것이 비용 대비 효율적입니다. 협의가 결렬될 경우 10년 소멸시효 범위 내에서 청구·소송을 단계적으로 검토하면 됩니다.",협상,0
55,제조,보통,1,보상규정은 있으나 종업원에게 서면으로 알린 적 없음,1,보통,2.7013,S1,0.03,4181147,0.0721,367,917,2383,3667,침해소송승소,4.0,9049.8,36199.2,1357.5,5429.9,1762.9,협상요청,자부심,"보상규정이 있다고 하나 종업원에게 서면 고지가 없었다면 그 규정으로 보상을 제한하기 어렵고, 추가 보상 여지가 크다고 느낍니다. 침해소송 승소와 회사 공시 기준 이익 36,199.2만원을 보면 지금까지의 보상 3,667만원은 제 공헌에 비해 낮습니다. 다만 회사와의 관계를 고려해 먼저 합리적 기준으로 보상을 재산정하는 추가 협의를 요청하겠습니다. 협의가 원만히 이뤄지지 않을 경우에는 법적 절차도 준비할 생각입니다.",협상,0
51,제조,중요,2,보상규정을 서면으로 알렸으나 작성·변경 시 종업원과 협의한 적 없음,0,인색,0.9154,S2,0.03,3944870,0.1925,313,782,2033,3128,이직제안,1.5,22782.1,34173.1,3417.3,5126.0,1998.0,협상요청,자부심,"회사 보상규정은 서면 통지되었으나 종업원과의 협의가 없어 발명진흥법 제15조 제3항 미준수로 제6항의 정당보상 추정이 곤란합니다. 공시 이익 34,173.1만원 대비 수령액 3,128만원은 판례상 발명자 공헌도 10~20% 범위(3,417~6,835만원)의 하한에도 못 미쳐 최소 289만원 이상 증액 명분이 있습니다. 다만 2009다91507·2014다220347·2023다237514에 따른 독점이익·상당인과관계 다툼으로 감액될 위험이 있고, 소송은 2~3년과 변호사비 대비 기대추가금이 크지 않습니다. 이직제안 등 관계 부담을 고려해 우선 추가 협상을 요청하고, 불성립 시 사내 청구·조정으로 전환하는 것이 합리적이며 소멸시효 10년(2009다75178) 내 진행 가능합니다.",협상,0
57,제약,중요,0,보상규정 자체가 없음,2,후함,5.3977,S2,0.05,1591215,0.1567,1010,2524,6563,10097,침해소송승소,2.2,12470.7,27435.5,1870.6,4115.3,-5981.7,수용,손실회피,"제약 산업 사건에서 회사는 보상규정이 없고, 침해소송 승소로 공시이익 27,435.5만원이 발생했으며 저는 10,097만원을 이미 수령했습니다. 발명진흥법 제15조에 비추어 규정 부재로 제15조 제6항의 추정은 적용되지 않지만, 대법원 판례(2009다75178, 2014다220347, 2023다237514) 기준 사용자 이익과 발명자 공헌도(통상 10~20%)를 반영한 합리적 보상 범위는 약 2,744~5,487만원으로, 기수령액이 이를 크게 상회합니다. 합리적 실시료율까지 고려하면 추가 보상의 여지는 더 작아 협상·청구·소송의 시간·비용 대비 기대이익이 매우 낮습니다. 따라서 현 보상을 수용하고, 향후 분쟁 예방을 위해 회사에 법 정합적인 보상규정 마련을 권고하는 정도가 최선입니다.",수용,0
58,제조,중요,2,보상규정을 서면으로 알렸으나 작성·변경 시 종업원과 협의한 적 없음,0,인색,1.068,S1,0.03,3737281,0.2269,408,1019,2649,4076,M&A,3.2,25443.5,81419.2,3816.5,12212.9,8136.9,청구,배신감,"회사가 이 발명으로 공시한 이익은 8.14억원인데, 나는 0.41억원(약 5%)만 받았습니다. 보상규정을 서면 고지했더라도 제정·변경 시 협의가 없었다면 그 합리성에 의문이 있습니다. M&A까지 이어질 정도로 기업가치에 기여했는데 정당한 몫을 인정받지 못했다고 느낍니다. 따라서 법적 보상 청구 절차를 시작해 정당한 보상을 요구하겠습니다.",청구,0
56,제약,중요,1,보상규정은 있으나 종업원에게 서면으로 알린 적 없음,0,인색,0.9414,S2,0.05,2054548,0.1336,194,484,1260,1938,라이선스수입,8.0,13726.5,109812.0,2059.0,16471.8,14533.8,청구,자부심,"제약 산업 특성상 발명 독점·라이선스 가치가 높고 회사가 실제로 109,812.0만원의 라이선스수입을 얻어 대법원 2023다237514의 ‘상당인과관계 있는 이익’에 해당하며, 2009다75178에 따른 10년 시효 문제만 없다면 보상청구권은 유효합니다. 회사는 보상규정을 서면 통지하지 않아 발명진흥법 제15조 제2항을 위반했고 제6항의 정당보상 추정도 못 누리므로, 현재 보상 1,938만원은 회사 이익 및 판례상 발명자 공헌도(10~20%)에 비추어 현저히 낮습니다. 수용은 실익이 없고, 단순 협상요청은 법적·사실상 지렛대를 충분히 활용하기 어렵습니다. 반면 청구(사내절차·조정)는 수개월 내 저비용으로 실시료율·독점권 기여·공헌도 산정 재협의를 촉진하고, 불성립 시 소송으로의 단계적 이행이 용이합니다.",청구,0
60,IT,중요,1,보상규정은 있으나 종업원에게 서면으로 알린 적 없음,3,매우후함,10.2436,S1,0.02,1578704,0.2163,1050,2624,6822,10496,사업화성공,10.2,6830.5,69671.1,1024.6,10450.7,-45.3,협상요청,자부심,"사업화가 성공했고 내가 받은 보상은 회사 이익(69,671.1만원) 대비 약 15%로 결코 적지 않다. 다만 보상규정을 서면으로 고지하지 않은 절차상 하자는 향후 분쟁 소지가 있어, 합리적 보상 재산정과 추가 인정 가능성을 먼저 회사와 논의하겠다. 내 기여에 대한 정당한 인정과 제도 개선을 함께 확보하고 싶다. 협의가 원만히 이뤄지지 않으면 그때 법적 절차를 검토하는 것이 순서라고 본다.",협상,0
67,IT,중요,3,"보상규정을 서면으로 알렸고, 작성 시 종업원과 협의했으며, 결정된 보상액도 서면으로 알림",3,매우후함,11.3146,S1,0.02,1603205,0.2093,1139,2847,7402,11388,라이선스수입,6.8,6710.3,45630.0,1006.5,6844.5,-4543.5,수용,자부심,"회사 공시 기준 이익 4,563,000,000원 대비 내가 받은 보상 1,138,800,000원으로 약 25% 수준이다. 이는 일반적인 직무발명 보상 관행 대비 낮지 않고, 회사가 서면 고지·협의 등 절차도 준수했다. 현 시점에서 법적 청구나 소송을 진행해도 추가 이익 대비 비용·관계 리스크가 크다. 합리적 수준의 보상을 인정하고 성과에 자부심을 갖고 마무리하겠다.",수용,0
64,IT,중요,1,보상규정은 있으나 종업원에게 서면으로 알린 적 없음,1,보통,2.487,S1,0.02,1885017,0.1504,212,529,1374,2115,침해소송승소,2.3,5670.4,13041.9,850.6,1956.3,-158.7,청구,배신감,"회사가 보상규정은 갖췄지만 종업원에게 서면 고지를 하지 않은 점에서 절차적 신뢰가 깨졌습니다. 제 발명으로 회사가 침해소송에서 승소하고 13,041.9만원의 이익을 올린 만큼 기여도와 성과가 분명합니다. 이미 받은 2,115만원은 회사 이익 대비 정당한 보상으로 보기 어렵고, 법에 따른 추가 보상 산정 여지가 큽니다. 따라서 우선 법적 보상 청구 절차를 개시해 공식적 기준으로 적정 보상을 요구하겠습니다.",청구,0
61,제약,미미,0,보상규정 자체가 없음,1,보통,2.7989,S2,0.05,3887815,0.0491,400,1001,2603,4004,침해소송승소,2.8,9537.8,26705.8,1430.7,4005.9,1.9,협상요청,자부심,"제약산업 특성 및 침해소송 승소는 2023다237514 취지상 ‘상당인과관계 있는 이익’을 강화하는 요소입니다. 다만 회사는 보상규정이 없어 발명진흥법 제15조의 안전장치(제6항)를 못 얻으므로 보상 산정 근거와 서면 통지가 필요합니다. 공시 이익 26,705.8만원 대비 수령 4,004만원은 판례상 발명자 공헌도 10~20% 범위의 중간(약 15%)이나 상단(20%)까지 여지와 산정공식(실시료율·공헌도·인과관계) 재점검 필요성이 있습니다. 소송은 기간·비용 부담이 커서 우선 규정 정비와 서면 근거 제시, 상단 근접 추가보상을 요청하고 불성립 시 청구·소송으로 단계적 대응이 합리적입니다.",협상,0
63,IT,중요,2,보상규정을 서면으로 알렸으나 작성·변경 시 종업원과 협의한 적 없음,1,보통,2.3938,S1,0.02,4300266,0.2044,631,1578,4103,6312,무효소송승소,1.3,17578.4,22851.9,2636.8,3427.8,-2884.2,수용,자부심,"회사 공시 기준 이익 대비 이미 상당한 수준의 보상을 받았고, 무효소송 승소로 회사도 위험과 비용을 부담해 가치를 지킨 점을 인정합니다. 보상규정 마련 시 협의가 없었던 부분은 아쉽지만, 당장은 관계를 유지하고 성과 인정을 받아들입니다. 내 발명이 시장에서 입증된 것에 대한 자부심이 크며, 향후 추가 이익이나 제도 개선은 별도로 건의하겠습니다.",수용,0
59,IT,보통,1,보상규정은 있으나 종업원에게 서면으로 알린 적 없음,1,보통,2.7886,S2,0.02,3668849,0.091,279,698,1817,2794,사업화성공,6.2,6680.2,41417.2,1002.0,6212.6,3418.6,협상요청,자부심,"IT 산업 특성상 대법원 2014다220347의 낮은 실시료율(정보통신 2%)과 2009다75178의 발명자 공헌도(10~20%) 경향을 감안하면 법원 산식으로 다툴 때 추가보상 폭이 크지 않을 위험이 있습니다. 반면 회사는 보상규정을 서면 통지하지 않아 제15조 제2·4항 위반 소지로 제15조 제6항의 면책을 주장하기 어렵고, 사업화 성공과 공시 이익(약 4.14억)은 보상 산정에 유리합니다. 기지급 2,794만원은 판례상 요소(사용자 이익·공헌도)를 더 명확히 반영해 증액을 요구할 여지를 시사하나, 2023다237514의 ‘상당인과관계 있는 이익’ 법리상 사용자 기여·시장요인 공방이 길어질 수 있습니다. 따라서 장기·고비용 소송 전에 절차 위반 시정(규정 서면통지·협의)과 합리적 추가보상(성과연동 보정 등)을 조건으로 사내 협상·조정을 우선 요청합니다.",협상,0
66,제약,미미,2,보상규정을 서면으로 알렸으나 작성·변경 시 종업원과 협의한 적 없음,3,매우후함,10.7982,S2,0.05,835956,0.0269,182,454,1182,1818,M&A,6.5,1123.0,7299.5,168.4,1094.9,-723.1,수용,손실회피,"사용자는 보상규정을 서면 고지했으나 제15조 제3항의 협의를 거치지 않아 제15조 제6항의 ‘정당보상’ 추정은 어렵지만, 금액의 적정성은 별도로 판단됩니다. 공시된 회사 이익 7,299.5만원에 판례상 발명자 공헌도 10~20%(대법원 2009다75178 등)를 적용하면 730~1,460만원으로, 현재 수령한 1,818만원은 그 범위를 상회합니다. M&A 프리미엄 등 추가 이익이 발명과 ‘상당인과관계’(대법원 2023다237514)에 있다는 구체적 증거가 없고, 청구·소송은 수개월~수년과 변호사 비용 대비 실익이 낮습니다. 다만 시효 10년(2009다75178) 내 관련 자료가 확보되면 재검토 여지를 남기는 것이 합리적입니다.",수용,0
62,반도체,핵심,1,보상규정은 있으나 종업원에게 서면으로 알린 적 없음,2,후함,4.4037,S2,0.03,4854426,0.4466,4296,10740,27926,42962,침해소송승소,3.6,65040.3,234145.1,9756.0,35121.8,-7840.2,수용,손실회피,"반도체 분야 특성상 합리적 실시료율은 대체로 2~3% 수준(대법원 2014다220347: 2%, 2009다75178: 3%)이고, 발명자 공헌도는 10~20%가 기준으로 보이며, 침해소송 승소 이익도 ‘상당인과관계 있는 이익’에 포함될 수 있습니다(2023다237514). 회사는 보상규정을 서면 통지하지 않아 제15조 제6항의 적정보상 추정은 누리지 못하지만, 여전히 ‘사용자 이익·공헌도’를 반영한 정당보상만이 쟁점입니다. 사용자 이익 234,145.1만원 대비 기수령 42,962만원은 약 18.4%로, 판례상 공헌도 상한(10~20%)에 근접하며 통상식(실시료×공헌도)으로 계산하면 이미 상당히 상회할 가능성이 큽니다. 추가 청구·소송은 수개월~수년과 비용 대비 실익이 작고, 오히려 법원 산정액이 더 낮게 평가될 위험이 있어 현재 보상을 수용하는 것이 합리적입니다.",수용,0
74,제약,핵심,1,보상규정은 있으나 종업원에게 서면으로 알린 적 없음,3,매우후함,10.2316,S1,0.05,4409497,0.3173,10737,26843,69793,107373,무효소송승소,1.5,69961.2,104941.8,10494.2,15741.3,-91631.7,수용,자부심,"회사 공시 기준 이익 104,941.8만원 대비 내가 받은 보상 107,373만원이 더 커, 추가 청구 명분이 약합니다. 보상규정 미고지는 쟁점이 될 수 있으나, 이미 합리적 범위를 넘어선 보상을 수령해 분쟁을 확대할 실익이 적습니다. 무효소송 승소로 발명의 가치가 입증된 만큼, 현재 보상을 성취의 결과로 받아들이는 것이 현실적입니다.",수용,0
72,IT,중요,3,"보상규정을 서면으로 알렸고, 작성 시 종업원과 협의했으며, 결정된 보상액도 서면으로 알림",1,보통,2.7722,S2,0.02,4833432,0.261,1049,2622,6819,10490,이직제안,1.4,25226.8,35317.5,3784.0,5297.6,-5192.4,수용,자부심,"IT 산업 특성상 대법원 2014다220347은 정보통신 분야 실시료율을 2%로 보았고, 발명자 공헌도는 2009다75178에서 10~20%가 기준입니다. 회사는 제15조 제2~4항 절차(규정 작성·협의·서면통지)를 모두 이행했으므로 제6항에 따라 원칙적으로 정당보상으로 추정되고, ‘이직제안’은 법리상 보상액 판단에 직접적 영향이 없습니다. 공시 이익 35,317.5만원 대비 현재 수령 10,490만원은 발명자 공헌도 10~20% 범위(3,532~7,064만원)를 상회하고, 2023다237514의 ‘상당인과관계 있는 이익’ 법리에 비추면 인정 이익이 더 축소될 위험도 있습니다. 추가 청구·소송은 수개월~수년과 비용이 들고 기대상승 폭이 크지 않아 실익이 적으므로 현재 보상을 수용합니다.",수용,0
65,제조,핵심,1,보상규정은 있으나 종업원에게 서면으로 알린 적 없음,2,후함,4.5017,S2,0.03,4918732,0.4089,4074,10185,26481,40740,사업화성공,7.2,60334.3,434407.0,9050.1,65161.0,24421.0,협상요청,자부심,"보상규정은 있으나 종업원에게 서면 고지되지 않아 발명진흥법 제15조 제2·4항을 충족하지 못했고, 따라서 제6항의 ‘정당보상 추정’이 약합니다. 회사 공시 이익 434,407만원에 판례상 발명자 공헌도 10~20%를 적용하면 43,441~86,881만원인데, 받은 보상 40,740만원은 최저선에도 미달하여 추가 보상 여지가 있습니다. 다만 대법원 2023다237514에 따른 ‘상당인과관계 있는 이익’ 심사에서 사용자 기여·시장요인 반영 시 산정기준이 낮아질 위험이 있어 바로 소송은 시간·비용 대비 리스크가 큽니다. 먼저 법적 근거(제15조 위반, 공헌도 범위)를 제시해 추가 협의를 요구하고, 불응 시 조정·소송으로 단계적으로 대응하는 것이 실익이 큽니다.",협상,0
68,제조,미미,3,"보상규정을 서면으로 알렸고, 작성 시 종업원과 협의했으며, 결정된 보상액도 서면으로 알림",1,보통,2.4533,S2,0.03,3706181,0.0203,83,208,541,832,사업화성공,17.0,2262.0,38454.0,339.3,5768.1,4936.1,협상요청,자부심,"제조업 특성상 판례상 실시료율은 통상 2~3%이고 발명자 공헌도는 10~20%가 일반(대법원 2009다75178, 2014다220347)입니다. 회사는 보상규정을 서면 고지·협의·통지해 발명진흥법 제15조 제2~4항을 충족하므로 제6항의 정당보상 추정이 작용하되, 산정 시 사용자 이익과 공헌도를 고려했는지가 쟁점입니다. 사업화 성공 및 공시 이익 38,454만원을 기준으로 하면 합리적 보상범위는 대략 769~2,307만원(2~3% × 10~20%)이고, 기지급 832만원은 하한선 근처로 전면 부당하다고 보긴 어렵습니다. 다만 2023다237514에 따른 ‘상당인과관계 있는 이익’과 회사의 구체 산식·기여율 반영 여부를 확인해 추가 조정을 모색하는 것이 소송(2~3년, 비용 부담) 대비 실익이 커 먼저 협의를 요청합니다.",협상,0
73,IT,중요,0,보상규정 자체가 없음,2,후함,5.4862,S1,0.02,1515230,0.2121,529,1322,3438,5289,침해소송승소,3.6,6426.7,23136.1,964.0,3470.4,-1818.6,수용,자부심,"회사가 공시한 이익 대비 내가 받은 보상은 약 23% 수준으로, 업계 관행을 감안하면 적지 않은 금액이라고 판단했습니다. 소송 승소로 회사의 실익이 확정된 만큼 추가 절차로 얻을 수 있는 이익보다 시간·관계 비용이 더 클 수 있습니다. 내 발명이 회사 성과로 이어졌고 그 가치를 상당 부분 인정받았다는 점에 만족합니다. 이번 건은 긍정적으로 마무리하고, 향후에는 내부 보상제도 정비를 별도로 제안하겠습니다.",수용,0
69,IT,미미,0,보상규정 자체가 없음,1,보통,2.3053,S2,0.02,925030,0.0267,17,43,111,171,침해소송승소,3.3,494.5,1631.8,74.2,244.8,73.8,협상요청,자부심,"IT 업종 특성을 감안하면 대법원 2014다220347의 정보통신 분야 실시료율(약 2%) 및 2023다237514의 ‘상당인과관계 있는 이익’ 법리에 비추어 침해소송 승소로 얻은 이익은 직무발명과의 인과관계가 인정될 여지가 큽니다. 회사에 보상규정이 없어 발명진흥법 제15조 제2~4항에 따른 면책(제6항)을 주장하기 어려워 정당한 보상 의무는 남아 있습니다. 공시 이익 1,631.8만원에 판례상 발명자 공헌도 10~20%를 적용하면 163~326만원 범위인데, 기수령 171만원은 하한선에 가까워 추가 보상 여지가 있습니다. 다만 추가 기대치가 최대 약 155만원 수준으로 소송의 시간·비용 대비 실익이 작으므로, 규정 제정과 보상 상향을 묶은 회사와의 추가 협의를 우선 추진하는 것이 합리적입니다.",협상,0
77,반도체,중요,3,"보상규정을 서면으로 알렸고, 작성 시 종업원과 협의했으며, 결정된 보상액도 서면으로 알림",3,매우후함,9.8461,S1,0.03,922576,0.2161,883,2208,5741,8832,라이선스수입,6.7,5980.3,40068.0,897.0,6010.2,-2821.8,수용,자부심,"회사 보상규정을 사전에 알리고 협의·서면 통지를 거친 점에서 절차적 정당성이 있다고 봅니다. 회사 공시 기준 이익 40,068만원 대비 제가 받은 8,832만원은 약 22%로 업계 관행 대비 결코 낮지 않습니다. 라이선스 수입에는 회사의 영업·법무·IP 관리 등 기여가 커 추가 법적 청구의 실익이 크지 않아 보입니다. 제 발명이 의미 있게 인정받았다고 느끼며 현재 보상을 수용합니다.",수용,0
71,반도체,미미,2,보상규정을 서면으로 알렸으나 작성·변경 시 종업원과 협의한 적 없음,0,인색,0.8916,S1,0.03,4108690,0.0384,63,158,412,633,사업화성공,5.6,4730.3,26489.7,709.5,3973.5,3340.5,청구,배신감,"회사가 이 발명으로 공시상 약 2.65억원의 이익을 얻었지만 내가 받은 보상은 633만원으로, 성과 대비 매우 낮습니다. 보상규정 제·개정 시 종업원과의 협의가 없었다면 규정의 구속력이 약해지고, 법상 ‘합리적 보상’ 기준에 미달할 소지가 큽니다. 사업화가 이미 성공해 발명이 회사 이익에 직접 기여했다는 점도 추가 보상의 정당성을 뒷받침합니다. 따라서 정당한 몫을 받기 위해 법적 보상 청구 절차를 곧바로 개시하겠습니다.",청구,0
70,IT,핵심,2,보상규정을 서면으로 알렸으나 작성·변경 시 종업원과 협의한 적 없음,3,매우후함,10.2507,S2,0.02,2677669,0.4095,3372,8430,21919,33721,이직제안,1.0,21930.5,21930.5,3289.6,3289.6,-30431.4,수용,손실회피,"IT 산업 특성상 대법원 2014다220347에서 정보통신 분야 실시료율을 2% 내외로 본 바 있고, 대법원 2009다75178의 발명자 공헌도 10~20%를 결합하면 산정액은 낮게 형성됩니다. 회사가 제15조 제3항의 협의·동의를 거치지 않아 제15조 제6항의 정당보상 추정은 어렵지만, 회사 이익 21,930.5만원 대비 통상 범위(2,193~4,386만원, 2% 적용 시 더 낮음)를 이미 크게 초과하는 33,721만원을 수령했습니다. 현 보상은 회사 이익 자체를 상회하므로 협상·청구·소송은 시간·비용 대비 추가 지급 가능성이 극히 낮고 관계 악화·역공 위험이 큽니다. 따라서 현재 보상을 수용하는 것이 실익이 가장 큽니다.",수용,0
78,제약,미미,3,"보상규정을 서면으로 알렸고, 작성 시 종업원과 협의했으며, 결정된 보상액도 서면으로 알림",1,보통,2.7071,S1,0.05,1920025,0.0494,193,482,1252,1927,라이선스수입,4.8,4746.8,22784.6,712.0,3417.7,1490.7,협상요청,자부심,"회사 보상규정의 절차는 적법해 보이지만, 공시된 이익 22,784.6만원 대비 내가 받은 1,927만원은 기여도에 비해 낮게 느껴집니다. 이익 산정 기준(총수입 vs 순이익), 내 기여율, 공동발명자 분배 기준 등을 재검토하면 추가 보상의 여지가 있습니다. 우선 회사와의 신뢰를 유지하며 합리적 근거로 보상 산식을 투명하게 확인하고 조정받고 싶습니다.",협상,0
76,반도체,미미,2,보상규정을 서면으로 알렸으나 작성·변경 시 종업원과 협의한 적 없음,0,인색,1.1323,S2,0.03,1461710,0.0303,23,56,147,226,이직제안,1.5,1327.8,1991.7,199.2,298.8,72.8,협상요청,자부심,"회사는 보상규정을 서면 고지했지만 제15조 제3항의 ‘협의’ 절차를 거치지 않아 제15조 제6항의 정당보상 추정이 적용되지 않습니다. 공시 이익 1,991.7만원 대비 수령 226만원은 판례상 발명자 공헌도(10~20%) 범위의 하단으로 절대액은 크지 않지만 추가 보상 여지가 있습니다. 다만 최신 대법원 법리에 따른 ‘상당인과관계 있는 이익’ 다툼은 불확실성이 크고, 소송(2~3년·변호사비) 대비 잠재 추가액(수백만원)이 작습니다. 이직제안 등 관계 리스크를 감안해 절차 하자와 산정근거 서면 통지 의무를 근거로 우선 추가 협의를 요청하는 것이 비용 대비 실익이 가장 큽니다.",협상,0
75,제조,미미,2,보상규정을 서면으로 알렸으나 작성·변경 시 종업원과 협의한 적 없음,0,인색,0.8572,S2,0.03,3543840,0.0377,52,129,335,516,라이선스수입,8.2,4012.6,32903.3,601.9,4935.5,4419.5,청구,자부심,"회사는 보상규정을 서면 통지했으나 작성·변경 시 종업원과의 협의를 거치지 않아 발명진흥법 제15조 제3항을 위반했고, 따라서 제6항의 ‘정당보상’ 추정에 기대기 어렵습니다. 이 발명으로 공시된 회사 이익과 라이선스수입이 존재하므로 2023다237514에 따른 ‘상당인과관계 있는 이익’이 인정될 개연성이 높고, 판례상 실시료율 2~3%·발명자 공헌도 10~20% 기준으로 보아도 현재 516만원 보상은 참고범위(3,290~6,581만원)에 비해 현저히 부족합니다. 공지기술 항변(2009다91507)은 경쟁사의 자유실시 가능성이 전제인데 실제 라이선스 수입은 이를 약화시키는 사정입니다. 시간·비용을 고려해 우선 사내·조정 절차로 정당보상을 청구해 증액을 시도하고, 불성립 시 소송으로 전환하는 단계적 접근이 합리적입니다.",청구,0
81,IT,핵심,2,보상규정을 서면으로 알렸으나 작성·변경 시 종업원과 협의한 적 없음,1,보통,2.474,S1,0.02,4244180,0.441,1389,3473,9030,13892,무효소송승소,1.2,37435.3,44922.4,5615.3,6738.4,-7153.6,협상요청,배신감,"보상규정을 서면으로만 알리고 제·개정 시 협의를 하지 않은 점에서 회사 규정의 합리성이 의심됩니다. 회사의 이익이 44,922.4만원인데 제 보상은 13,892만원으로, 무효소송 승소로 확인된 발명의 가치 대비 추가 조정 여지가 있다고 봅니다. 우선 대화를 통해 합리적 추가 보상을 요구하겠습니다. 협의가 결렬되면 법적 절차도 검토하겠습니다.",협상,0
84,제약,미미,3,"보상규정을 서면으로 알렸고, 작성 시 종업원과 협의했으며, 결정된 보상액도 서면으로 알림",2,후함,4.7124,S1,0.05,688622,0.026,63,158,413,634,이직제안,1.3,896.7,1165.7,134.5,174.9,-459.1,수용,자부심,"회사가 보상규정을 사전 협의와 서면 고지 등 절차에 맞게 운영했고, 결정된 보상도 투명하게 통지했습니다. 공시된 회사 이익 1,165.7만원 대비 제가 받은 634만원은 비율상 적지 않아 합리적이라고 판단합니다. 제약 산업의 장기 개발과 공동 기여 특성상 현재 보상 수준은 수긍 가능합니다. 이직 제안은 있었지만, 이번 성과가 정당하게 인정되었다는 자부심으로 관계를 안정적으로 이어가겠습니다.",수용,0
79,반도체,중요,3,"보상규정을 서면으로 알렸고, 작성 시 종업원과 협의했으며, 결정된 보상액도 서면으로 알림",0,인색,1.1063,S2,0.03,2670534,0.1932,257,642,1670,2569,침해소송승소,3.8,15480.3,58825.1,2322.0,8823.8,6254.8,청구,자부심,"회사는 보상규정을 서면 통지·협의·결정통지하여 발명진흥법 제15조 제2~4항을 갖춰 제6항의 적법성 추정이 작동합니다. 다만 지급액(2,569만원)은 회사 이익(약 5.88억원)에 판례상 발명자 공헌도 10~20%를 적용한 5,883~11,765만원 대비 현저히 낮아, ‘이익·공헌 고려’ 예외에 해당할 여지가 큽니다(대법원 2009다75178 등). 침해소송 승소로 독점이익의 상당인과관계가 강화되어(대법원 2023다237514) 공지기술 항변 가능성도 낮습니다. 소송은 2~3년·비용 부담이 커 우선 시효 10년을 관리하며 사내·조정 등 법적 보상 ‘청구’ 절차로 근거자료를 제시해 증액을 도모하는 것이 실익이 큽니다.",청구,0
80,제약,보통,1,보상규정은 있으나 종업원에게 서면으로 알린 적 없음,1,보통,2.5446,S2,0.05,2060929,0.0762,300,750,1948,2998,M&A,2.0,7854.0,15708.0,1178.1,2356.2,-641.8,청구,자부심,"제약업 특성상 독점이익과 합리적 로열티율을 충분히 반영해야 하는데, 회사 공시 이익 15,708만원 대비 수령액 2,998만원은 공헌도 10~20% 범위 상단이긴 해도 최종 ‘정당보상’으로 단정하기 어렵습니다. 회사가 보상규정을 종업원에게 서면 통지하지 않아 발명진흥법 제15조 제6항의 ‘정당보상으로 본다’는 효과를 누리기 어려우므로 추가 조정 여지가 있습니다. 또한 대법원 2023다237514 취지에 따라 M&A 프리미엄 중 발명과 상당인과관계 있는 부분을 사용자 이익에 산입할 가능성이 있어, 공시 이익만을 기준으로 한 보상은 과소일 수 있습니다. 소멸시효 10년(2009다75178) 범위 내에서 우선 사내·조정 절차로 자료열람과 추가 산정을 요구하는 보상 ‘청구’를 진행하고, 불응·결렬 또는 시효 임박 시에만 소송을 검토하는 것이 비용 대비 실익이 큽니다.",청구,0
85,반도체,보통,1,보상규정은 있으나 종업원에게 서면으로 알린 적 없음,2,후함,5.6607,S1,0.03,4741006,0.0769,929,2323,6041,9293,사업화성공,18.7,10943.9,204650.9,1641.6,30697.6,21404.6,청구,배신감,"보상규정이 있다면서도 종업원에게 서면으로 알리지 않은 점에서 신뢰가 흔들렸습니다. 사업화가 성공해 회사가 204,650.9만원의 이익을 얻었는데, 내가 받은 9,293만원은 기여와 성과에 비해 부족하다고 판단합니다. 합리적 보상을 받기 위해 정식 법적 보상 청구 절차로 권리를 명확히 하겠습니다. 다만 청구 과정에서 협의·조정의 여지는 열어 두겠습니다.",청구,0
83,제조,중요,3,"보상규정을 서면으로 알렸고, 작성 시 종업원과 협의했으며, 결정된 보상액도 서면으로 알림",0,인색,1.0817,S2,0.03,3927625,0.2649,506,1266,3293,5065,무효소송승소,1.8,31218.0,56192.4,4682.7,8428.9,3363.9,협상요청,자부심,"회사는 발명진흥법 제15조 제2~4항 절차를 준수하여 보상했으므로 제15조 제6항상 일응 정당보상으로 추정됩니다. 다만 예외적으로 사용자 이익과 공헌도를 반영해야 하는데, 공시 이익 56,192.4만원 대비 수령액 5,065만원(약 9%)은 판례상 발명자 공헌도 10~20%(대법원 2009다75178 등) 하한에도 미달합니다. 또한 무효소송 승소는 독점이익의 현실성과 상당인과관계를 강화하는 요소로서 보상 상향 사유로 작용합니다(대법원 2014다220347, 2023다237514). 다만 추가액 규모가 수백만원대일 가능성이 크고 소송은 장기·비용 부담이 커 실익이 낮으므로, 먼저 회사에 재산정 근거 제시를 요구하며 협상을 요청합니다.",협상,0
87,IT,보통,1,보상규정은 있으나 종업원에게 서면으로 알린 적 없음,2,후함,4.9898,S1,0.02,4707523,0.1178,830,2076,5397,8303,침해소송승소,3.3,11092.5,36605.2,1663.9,5490.8,-2812.2,협상요청,자부심,"회사 공시 기준 이익 36,605.2만원에 비해 내가 받은 8,303만원의 합리성은 재검토가 필요합니다. 보상규정을 서면으로 알리지 않은 점은 규정의 구속력에 의문을 남겨 추가 보상 요구의 근거가 됩니다. 침해소송 승소로 발명의 가치와 기여가 명확해진 만큼, 우선 성과와 기여율을 반영한 추가 보상을 회사와 협의하겠습니다. 다만 협의가 불성실하거나 무산되면 즉시 법적 청구를 검토하겠습니다.",협상,0
91,반도체,핵심,0,보상규정 자체가 없음,2,후함,5.6426,S1,0.03,3025430,0.4115,3161,7903,20549,31613,이직제안,1.4,37350.0,52290.0,5602.5,7843.5,-23769.5,협상요청,자부심,"보상규정이 없어 기준이 모호하니, 내 기여와 회사의 실제 이익을 반영한 명확한 합의를 먼저 정리하고 싶다. 현재 받은 금액이 크지만, 핵심 발명자로서 장래 활용 확대에 대한 성과연동 보상과 공식적 인정이 필요하다. 이직 제안을 지렛대로 삼되, 소송보다는 상호 윈윈하는 조건을 도출하는 편이 리스크가 작다고 판단했다.",협상,0
89,반도체,중요,2,보상규정을 서면으로 알렸으나 작성·변경 시 종업원과 협의한 적 없음,3,매우후함,9.52,S1,0.03,1858676,0.2672,2127,5318,13829,21274,사업화성공,10.5,14897.8,156426.9,2234.7,23464.0,2190.0,협상요청,자부심,"내 발명이 사업화에 성공해 회사가 156,426.9만원의 이익을 얻었는데, 내가 받은 보상은 21,274만원으로 회사 이익 대비 약 13.6%에 그칩니다. 보상규정이 종업원과의 협의 없이 운영된 점도 합리성에 의문을 남깁니다. 우선 회사와 추가 협상을 통해 기여도와 성과를 반영한 합리적 보상을 모색하겠습니다.",협상,0
82,IT,핵심,3,"보상규정을 서면으로 알렸고, 작성 시 종업원과 협의했으며, 결정된 보상액도 서면으로 알림",1,보통,2.7365,S2,0.02,2238730,0.3838,705,1763,4585,7053,사업화성공,3.9,17183.2,67014.5,2577.5,10052.2,2999.2,수용,자부심,"회사가 보상규정을 서면 통지·협의·결정통지까지 이행해 발명진흥법 제15조 제6항의 정당한 보상 추정이 작동합니다. 사용자 이익 67,014.5만원 대비 수령 7,053만원(약 10.5%)은 귀하가 제시한 10~20% 참고범위에도 포함되고, 대법원 2014다220347의 정보통신 분야 통상 실시료율 2%와 2009다75178의 발명자 공헌도 10~20%를 결합한 법원식 산정액을 현저히 상회합니다. 2023다237514의 ‘상당인과관계 있는 이익’ 법리까지 고려하면 독점권 기여율이 더 낮아질 수 있어 추가 청구나 소송의 승소·증액 가능성은 제한적입니다. 청구·소송은 시간과 비용 대비 실익이 적으므로 현재 보상을 수용하는 것이 합리적입니다.",수용,0
92,제약,미미,0,보상규정 자체가 없음,0,인색,1.1077,S2,0.05,892482,0.0228,17,42,110,169,무효소송승소,1.1,1016.2,1117.8,152.4,167.7,-1.3,협상요청,손실회피,"제약 업종 특성상 독점이익은 인정되나, 공시 이익 1,117.8만원에 대법원 2009다75178 등 판례상 발명자 공헌도 10~20%를 적용하면 112~224만원 범위이고, 기수령 169만원은 중간값에 해당합니다. 다만 회사는 보상규정이 없어 발명진흥법 제15조 제2~4항을 지키지 않았고 제6항의 ‘정당한 보상 간주’ 보호도 못 받아 추가 협상의 여지가 큽니다. 무효소송 승소는 이익의 존재를 뒷받침하되(2014다220347, 2023다237514), 회사의 방어·실시 기여를 참작하면 추가 지급 폭은 제한적입니다. 소송(2~3년, 변호사비) 대비 기대이익이 크지 않아 우선 사내 협상으로 규정 제정과 정산 보완을 요구하는 것이 효율적이며, 시효 10년(2009다75178)도 염두에 둡니다.",협상,0
88,제약,핵심,0,보상규정 자체가 없음,1,보통,2.7085,S2,0.05,2527836,0.286,1469,3672,9547,14688,침해소송승소,2.0,36151.7,72303.4,5422.8,10845.5,-3842.5,수용,자부심,"보상규정 부재로 제15조 2~4항의 안전장치는 없지만, 정당보상 판단은 회사 이익과 공헌도를 종합 고려(제15조 6항 단서, 2009다75178)합니다. 제약 업종과 판례상 발명자 공헌도 10~20%, 그리고 2023다237514의 ‘상당인과관계 있는 이익’ 기준에 비추어 침해소송 승소이익 72,303.4만원을 기초로 하면 내 몫은 약 7,230~14,461만원인데 이미 14,688만원을 수령하여 상한을 소폭 상회합니다. 규정 부재를 근거로 협상·청구를 시도할 여지는 있으나 추가 실익 가능성이 낮고, 소송은 2~3년 소요와 변호사 비용 대비 기대수익이 작습니다. 따라서 현 보상을 수용하고, 향후를 위해 회사에 보상규정 정비를 건의하는 것이 합리적입니다.",수용,0
90,제약,핵심,0,보상규정 자체가 없음,2,후함,4.4658,S2,0.05,755691,0.2921,739,1848,4807,7394,라이선스수입,2.9,11038.1,32010.5,1655.7,4801.6,-2592.4,수용,자부심,"제약 산업 발명이고 회사에 보상규정이 없어 발명진흥법 제15조 제2~4항의 절차 준수에 따른 제15조 제6항의 ‘정당한 보상’ 추정은 적용되지 않지만, 종업원은 제15조 제1항에 따른 정당보상권을 가집니다. 회사는 라이선스수입(공시상 이익 32.01억원)을 얻었고, 이는 2023다237514의 ‘상당인과관계 있는 이익’에 해당해 보상의무 자체는 인정됩니다. 다만 대법원 2009다75178 등 판례상 발명자 공헌도 10~20%를 적용한 합리적 범위(3.201~6.402억원) 대비 현재 수령액 7.394억원은 상한을 초과하여 추가 청구의 실익이 약합니다. 청구·소송은 수개월~수년과 비용 부담이 큰 반면 기대이익이 낮고, 협상요청도 근거가 약해 관계 훼손 우려가 있어 현 보상을 수용하는 것이 합리적입니다.",수용,0
86,제약,핵심,1,보상규정은 있으나 종업원에게 서면으로 알린 적 없음,2,후함,5.2019,S2,0.05,4727129,0.4102,7565,18912,49170,75647,침해소송승소,2.4,96948.4,232676.2,14542.3,34901.4,-40745.6,수용,손실회피,"제약 산업의 특성상 독점가치가 크더라도 판례상 산정 틀(실시료율·발명자 공헌도)과 2023다237514의 ‘상당인과관계 있는 이익’ 기준을 적용하면, 침해소송 승소에 따른 이익은 이미 회사 공시 이익(232,676.2만원)에 반영되어 있습니다. 보상규정이 서면 고지되지 않아 발명진흥법 제15조 제6항의 면책은 적용되지 않지만, 쟁점은 정당한 보상액의 규모입니다. 회사 이익에 판례상 발명자 공헌도 10~20%를 적용한 범위(23,268~46,535만원) 대비 기수령액 75,647만원은 이를 현저히 초과하여 추가 청구의 실익이 낮습니다. 반면 청구·소송은 수개월~수년의 시간과 본인 비용 및 관계 악화 리스크가 커 기대순이익이 음수이므로 현 보상을 수용하는 것이 합리적입니다.",수용,0
93,제조,핵심,1,보상규정은 있으나 종업원에게 서면으로 알린 적 없음,3,매우후함,10.6047,S1,0.03,4729109,0.3182,7181,17952,46676,71809,침해소송승소,4.6,45143.5,207660.1,6771.5,31149.0,-40660.0,협상요청,자부심,"회사 보상규정이 있으나 종업원에게 서면 고지가 없었던 점은 보상의 합리성 판단에 불리하게 작용할 수 있습니다. 침해소송 승소로 회사가 이 발명으로 얻은 이익이 상당한데, 현재 보상은 제 기여를 모두 반영했다고 보기 어렵습니다. 이미 받은 보상은 의미 있지만, 정식 분배 기준과 기여율을 재검토해 추가 보상을 협의하겠습니다. 소송 등 강경 절차는 협의가 결렬될 때로 미루겠습니다.",협상,0
96,제약,미미,2,보상규정을 서면으로 알렸으나 작성·변경 시 종업원과 협의한 적 없음,1,보통,2.2822,S1,0.05,4639873,0.0376,298,746,1939,2983,사업화성공,3.2,8713.4,27882.9,1307.0,4182.4,1199.4,청구,배신감,"회사가 보상규정을 서면 고지했지만 작성·변경 시 종업원과 협의하지 않은 점에서 보상의 적정성에 의문이 듭니다. 사업화가 성공해 회사가 27,882.9만원의 이익을 얻었는데, 내가 받은 2,983만원은 기여 대비 낮다고 판단합니다. 권리 소멸을 막고 객관적 산정을 받기 위해 법적 보상 청구 절차를 즉시 개시하겠습니다. 소송 전 단계에서 자료를 확보하고 합리적 추가 보상을 이끌어내는 것을 우선 목표로 합니다.",청구,0
95,반도체,미미,1,보상규정은 있으나 종업원에게 서면으로 알린 적 없음,2,후함,5.2469,S1,0.03,2316916,0.0279,153,382,992,1527,M&A,3.2,1940.7,6210.2,291.1,931.5,-595.5,협상요청,자부심,"보상규정이 있었지만 종업원에게 서면으로 고지되지 않은 점은 규정의 구속력과 산정의 공정성에 의문을 남깁니다. 공시 기준 이익 6,210.2만원 대비 수령액 1,527만원은 적지 않지만, M&A로 창출된 기업가치와 시너지가 발명의 기여이익에 충분히 반영됐는지는 불투명합니다. 우선 회사에 자료 공개와 산정기준 재검토를 공식 요청해 합리적 추가보상을 모색하겠습니다. 협의가 원만히 이루어지지 않으면 법적 청구로 전환할 수 있도록 기록과 근거를 정비하겠습니다.",협상,0
98,제조,보통,2,보상규정을 서면으로 알렸으나 작성·변경 시 종업원과 협의한 적 없음,2,후함,5.0365,S1,0.03,1930936,0.0954,418,1044,2714,4176,무효소송승소,1.7,5527.1,9396.1,829.1,1409.4,-2766.6,협상요청,자부심,"회사 공시에 따르면 이 발명으로 9,396.1만원의 이익이 발생했는데, 내가 받은 4,176만원은 내 기여와 특허의 가치를 충분히 반영하지 못한 느낌이다. 보상규정을 서면으로 알렸다고는 하나 제정·변경 과정에서 종업원과의 협의가 없었다는 점은 보상의 공정성에 의문을 남긴다. 게다가 무효소송 승소로 이 발명의 권리와 사업적 효과가 확인된 만큼 추가 보상 협의의 명분이 충분하다. 우선 회사와 성실히 협상을 시도하고, 성과가 없을 경우 그때 법적 수단을 검토하겠다.",협상,0
99,제약,핵심,0,보상규정 자체가 없음,1,보통,2.3668,S1,0.05,861288,0.4207,643,1608,4181,6432,라이선스수입,5.0,18118.2,90591.0,2717.7,13588.6,7156.6,협상요청,자부심,"내 발명으로 회사가 라이선스 수입 등으로 약 9.06억원의 이익을 얻었는데, 현재까지 받은 6,432만원은 비율상 낮다고 판단합니다. 회사에 보상규정이 없는 상황이므로 법에서 보장하는 합리적 보상 취지에 따라 추가 합의의 여지가 큽니다. 우선 관계를 유지하면서 내 성과에 걸맞은 정당한 인정과 보상을 받기 위해 투명한 근거를 바탕으로 추가 협의를 요청합니다. 협의가 원만치 않을 경우에는 법적 절차 검토 가능성도 사전에 고지하겠습니다.",협상,0
97,반도체,미미,3,"보상규정을 서면으로 알렸고, 작성 시 종업원과 협의했으며, 결정된 보상액도 서면으로 알림",3,매우후함,9.2603,S2,0.03,1494098,0.0381,237,593,1542,2372,이직제안,1.3,1708.2,2220.7,256.2,333.1,-2038.9,수용,자부심,"회사는 보상규정의 서면 고지·협의·결정 통지를 모두 이행해 발명진흥법 제15조 제2~4항 요건을 충족하였고, 제6항의 정당보상 추정이 작용합니다. 회사 공시 이익 2,220.7만원 대비 판례상 발명자 공헌도 10~20%는 222~444만원 수준인데, 저는 이미 2,372만원을 받아 통상 범위와 사용자 이익을 크게 상회합니다. 2023다237514의 ‘상당인과관계 있는 이익’ 법리를 적용해도 추가로 더 큰 회사이익을 입증하지 못하면 증액 가능성은 낮습니다. 청구·소송의 시간·비용 대비 기대이익이 거의 없어 현 보상을 수용하는 것이 합리적입니다.",수용,0
102,제조,미미,3,"보상규정을 서면으로 알렸고, 작성 시 종업원과 협의했으며, 결정된 보상액도 서면으로 알림",3,매우후함,10.2979,S1,0.03,2049241,0.0217,206,514,1338,2058,라이선스수입,7.7,1331.9,10255.6,199.8,1538.3,-519.7,수용,자부심,"회사가 보상규정을 사전에 협의·서면고지하고 절차를 준수한 점이 확인되어 기본 신뢰가 있습니다. 공개된 회사 이익 10,255.6만원 대비 제가 받은 2,058만원(약 20%)은 제조업 라이선스 보상 관행을 고려하면 수용 가능한 수준으로 보입니다. 추가 협상이나 분쟁은 관계 비용과 시간 소모가 크고, 실익이 불확실합니다. 이번 성과에 대한 인정도 충분히 체감되어 현 단계에서는 보상을 받아들이겠습니다.",수용,0
104,IT,미미,0,보상규정 자체가 없음,3,매우후함,10.1722,S1,0.02,4259388,0.0393,511,1278,3325,5114,사업화성공,8.7,3351.5,29158.0,502.7,4373.7,-740.3,수용,자부심,보상규정이 없음에도 회사가 사업화 성공 후 의미 있는 금액을 지급한 점을 높이 평가합니다. 공시된 이익 대비 지금까지의 보상 수준은 체감상 합리적이라 판단되어 분쟁보다 신뢰와 협력을 유지하는 편이 더 유익합니다. 논쟁에 에너지를 쓰기보다 발명가로서 다음 성과 확장에 집중하고 싶습니다. 다만 재발 방지를 위해 내부적으로 명확한 보상제도 마련을 제안하겠습니다.,수용,0
94,제조,미미,3,"보상규정을 서면으로 알렸고, 작성 시 종업원과 협의했으며, 결정된 보상액도 서면으로 알림",1,보통,2.6145,S2,0.03,1374642,0.0394,64,159,414,637,M&A,5.0,1625.1,8125.5,243.8,1218.8,581.8,청구,자부심,"제조업 특성과 판례 기준(실시료율·발명자 공헌도)을 고려하면, 회사 공시 이익 8,125.5만원 대비 현재 보상 637만원은 최소 10% 하한(약 813만원)에도 못 미쳐 추가 보상 여지가 있습니다. 다만 회사가 보상규정을 서면 고지·협의·통지하여 발명진흥법 제15조 제6항의 정당보상 추정이 작동하므로, 곧장 소송으로 갈 경우 입증부담·비용 대비 기대이익이 크지 않습니다. M&A 효과도 2023다237514 판례에 따라 ‘상당인과관계 있는 이익’으로 주장 가능하지만, 그 인과관계 입증은 난도가 높아 2~3년 장기 소송 리스크가 큽니다. 따라서 우선 사내·조정 절차로 공식 청구를 제기해 10~20% 구간(약 813~1,625만원)에 근접하도록 증액을 요구하고, 불성실 대응이나 시효 임박 시에만 소송을 검토하는 것이 실익에 부합합니다.",청구,0
105,제조,보통,2,보상규정을 서면으로 알렸으나 작성·변경 시 종업원과 협의한 적 없음,1,보통,2.6589,S1,0.03,1193179,0.1141,163,407,1059,1629,M&A,2.3,4083.1,9391.1,612.5,1408.7,-220.3,청구,배신감,"회사 보상규정을 일방 통지만 하고 협의 절차를 거치지 않은 점은 법적으로 흠결이 있어, 규정에 구속되지 않는 ‘상당한 보상’을 청구할 여지가 큽니다. 공시된 회사 이익 9,391.1만원 대비 현 보상 1,629만원은 낮아 보이고, M&A로 발생한 가치 상승분도 보상 산정에 반영되어야 합니다. 소송은 후순위로 두되, 시효 관리와 증거 보전을 위해 우선 공식적인 법적 보상 청구 절차를 개시하겠습니다.",청구,0
106,IT,핵심,3,"보상규정을 서면으로 알렸고, 작성 시 종업원과 협의했으며, 결정된 보상액도 서면으로 알림",3,매우후함,10.5495,S1,0.02,622202,0.2814,554,1386,3602,5542,무효소송승소,1.4,3501.7,4902.4,525.3,735.4,-4806.6,수용,자부심,"회사 공시 기준 이익이 4,902.4만원인데 내가 받은 보상은 5,542만원으로 이미 회사 이익을 상회합니다. 보상규정도 사전에 서면 고지·협의되었고 보상액 통지도 적법하게 이뤄져 절차적 흠결이 없어 보입니다. 회사가 무효소송에서도 승소해 추가 리스크와 비용을 감수한 점을 고려하면 추가 청구의 명분과 실익이 크지 않습니다. 관계를 안정적으로 유지하며 성과가 적절히 인정받았다고 판단해 현 보상을 수용합니다.",수용,0
100,제조,중요,3,"보상규정을 서면으로 알렸고, 작성 시 종업원과 협의했으며, 결정된 보상액도 서면으로 알림",0,인색,1.0242,S2,0.03,2084416,0.1332,128,320,832,1280,사업화성공,12.5,8331.1,104138.8,1249.7,15620.8,14340.8,청구,자부심,"사용자가 보상규정의 형식요건을 갖춰 15조 6항의 정당보상 추정이 작동하지만, 그 보상액이 사용자 이익과 공헌도를 반영하지 않으면 예외가 됩니다. 사업화 성공과 공시 이익(104,138.8만원)을 고려하면 현재 수령 1,280만원은 판례상 공헌도(10~20%)와 합리적 실시료율·독점권 기여율을 참작하더라도 과소로 보일 여지가 크고(2009다75178, 2023다237514), 상당인과관계 있는 이익 인정 가능성도 있습니다. 다만 바로 소송은 2~3년의 시간·비용 부담이 커서, 먼저 사내 규정 및 조정 절차에 따라 사용자 이익·실시료율·독점권 기여율·발명자 공헌도를 근거로 증액을 요구하는 ‘청구’가 비용 대비 실익이 큽니다. 이 절차로 재산정·합의 가능성을 타진하고, 불응 또는 저액 제시 시 소 제기를 검토하되 보상청구권 10년 시효 관리도 병행합니다.",청구,0
103,제약,중요,2,보상규정을 서면으로 알렸으나 작성·변경 시 종업원과 협의한 적 없음,1,보통,2.3946,S2,0.05,3545584,0.1223,779,1947,5062,7788,무효소송승소,1.9,21682.6,41196.9,3252.4,6179.5,-1608.5,수용,손실회피,"1) 회사는 보상규정을 서면 통지했으나 협의 의무(제15조 제3항)를 지키지 않아 제15조 제6항의 추정효과가 약화되나, 최종 판단은 금액의 합리성에 달립니다. 2) 무효소송 승소로 독점권 기여는 인정되지만(2014다220347), ‘상당인과관계 있는 이익’을 통합 고려하는 최근 법리(2023다237514)하에서도 증액 사유가 크다고 보긴 어렵습니다. 3) 회사 이익 41,196.9만원 대비 기지급 7,788만원은 약 18.9%로, 판례상 발명자 공헌도 10~20% 범위 상단에 근접합니다(2009다75178 등). 4) 추가 협상·소송의 시간·비용에 비해 기대 가능한 추가이익이 매우 제한적이어서 현 보상을 수용하는 것이 합리적입니다.",수용,0
101,IT,핵심,1,보상규정은 있으나 종업원에게 서면으로 알린 적 없음,2,후함,5.6521,S2,0.02,2934408,0.3261,1622,4056,10547,16225,라이선스수입,5.5,19137.3,105255.1,2870.6,15788.3,-436.7,청구,자부심,"회사는 보상규정의 서면 고지(법 제15조 제2·4항)를 이행하지 않아 제15조 제6항의 정당보상 추정이 적용되지 않으므로, 보상 산정 근거 공개와 재산정을 요구할 명분이 있습니다. 이익이 라이선스수입으로 현실화되어 2023다237514의 ‘상당인과관계 있는 이익’에 해당하고, 발명자 공헌도 10~20%(2009다75178 등) 적용 시 10,526~21,051만원 범위로 현재 수령 16,225만원은 중간값대로 상한 대비 증액 여지가 있습니다. 다만 IT 분야에서는 2014다220347에서 낮은 실시료율(2%) 등 사용자 공헌이 강하게 참작된 전례가 있어 소송은 시간·비용 대비 불확실성이 큽니다. 따라서 사내·조정 절차를 통한 보상 청구로 산정내역 서면공개를 전제로 증액을 우선 협의하고, 불성립 시 소송 전환을 검토하는 것이 합리적입니다.",청구,0
108,반도체,중요,0,보상규정 자체가 없음,3,매우후함,11.0306,S1,0.03,2165926,0.2701,2904,7260,18878,29042,사업화성공,14.4,17552.5,252756.0,2632.9,37913.4,8871.4,협상요청,자부심,"보상규정이 전혀 없는 상태에서 회사는 이 발명으로 252,756만원의 이익을 냈고, 나는 29,042만원(약 11.5%)만 받았습니다. 사업화가 명확히 성공했으므로 발명 기여도와 회사 기여도를 합리적으로 반영한 추가 보상이 필요하다고 판단합니다. 우선 법적 분쟁보다는 기준을 명확히 정하고 증분 보상을 도출하기 위해 회사에 공식 협상을 요청하겠습니다. 협상에서 합리적 개선이 없을 경우에는 권리구제 절차를 검토하겠습니다.",협상,0
107,IT,중요,0,보상규정 자체가 없음,1,보통,2.1421,S2,0.02,622819,0.2205,88,220,574,882,라이선스수입,9.2,2746.2,25265.0,411.9,3789.8,2907.8,청구,자부심,"IT 분야 판례(2014다220347)의 실시료율(약 2%)과 발명자 공헌도 10~20%(2009다75178)를 참작하면, 회사 공시 라이선스 이익 약 25.3억원 대비 현재 수령 882만원은 현저히 부족합니다. 회사는 보상규정 부재로 발명진흥법 제15조 제2~4항을 이행하지 않아 제6항의 정당보상 추정이 배제되므로 추가 보상 청구의 법적 근거가 강합니다. 또한 2023다237514의 ‘상당인과관계 있는 이익’ 법리에 비추어 실제 라이선스수입은 보상 산정에 반영될 수 있어 청구 실익이 큽니다. 다만 소송은 2~3년과 비용 부담이 커 우선 내용증명·사내/조정 절차로 공식 청구해 증거·시효를 확보하며 협상 압박을 가하고, 불응 시 소송으로 전환하는 전략이 합리적입니다.",청구,0
109,IT,미미,2,보상규정을 서면으로 알렸으나 작성·변경 시 종업원과 협의한 적 없음,1,보통,2.8224,S1,0.02,4785930,0.0274,111,278,721,1110,라이선스수입,5.4,2622.9,14163.7,393.4,2124.6,1014.6,청구,배신감,"회사 보상규정을 서면 통지했지만 직원과의 협의가 없었다면 규정의 합리성 추정이 약해 추가 보상 여지가 큽니다. 공시된 이익 14,163.7만원 대비 내가 받은 1,110만원은 약 7~8% 수준으로, 발명의 기여도와 통상 관행에 비춰 낮아 보입니다. 우선 법정 보상 청구 절차로 객관적 기준에 따른 재산정을 요구하겠습니다. 바로 소송으로 가기보다는 청구로 압박하며 협상·입증자료를 정비하는 것이 효율적입니다.",청구,0
116,제약,보통,0,보상규정 자체가 없음,3,매우후함,10.1461,S1,0.05,1646947,0.0515,645,1613,4193,6451,무효소송승소,1.6,4238.6,6781.8,635.8,1017.3,-5433.7,수용,자부심,"지금까지 받은 보상 6,451만원은 회사가 공시한 이익 6,781.8만원의 약 95%로, 합리적이고 충분한 수준이라고 판단합니다. 보상규정이 없어 법적 청구를 검토할 수는 있으나, 추가로 얻을 수 있는 금액 대비 시간·비용·관계 리스크가 과도합니다. 무효소송 승소로 발명의 가치가 입증되었고, 그 성과가 이미 상당 부분 금전적으로 반영되었다고 봅니다. 향후 추가 이익이 명확해지면 그때 협상 여지를 남기되, 현 단계에서는 수용이 최선입니다.",수용,0
112,IT,보통,2,보상규정을 서면으로 알렸으나 작성·변경 시 종업원과 협의한 적 없음,3,매우후함,11.3736,S1,0.02,1559767,0.0895,476,1190,3095,4761,M&A,2.9,2790.8,8093.3,418.6,1214.0,-3547.0,수용,자부심,"회사가 이 발명으로 공시한 이익 8,093.3만원 대비 내가 받은 4,761만원은 상당한 비율이라 현재 보상은 상대적으로 공정하다고 느낍니다. 보상규정 협의 절차의 미비나 M&A 이슈를 근거로 추가 청구를 시도할 수는 있겠지만, 법적 분쟁의 비용·시간과 관계 악화 위험에 비해 기대 이익이 크지 않아 보입니다. 지금은 이 결과를 인정하고 다음 성과와 커리어에 집중하겠습니다.",수용,0
117,반도체,중요,0,보상규정 자체가 없음,0,인색,1.1144,S1,0.03,1611254,0.2284,185,462,1199,1846,M&A,7.5,11042.5,82818.8,1656.4,12422.8,10576.8,청구,배신감,"회사 보상규정이 없음에도 법정 보상 의무는 존재하는데, 회사 이익 82.8억원 대비 보상 1,846만원은 현저히 불균형합니다. M&A로 발명의 가치가 추가로 실현된 점도 보상 산정에 반영되어야 합니다. 사내 기준이 부재한 상태에서 임의 협상은 실효성이 낮아, 정당한 기여율을 반영받기 위해 법적 보상 청구 절차로 착수하겠습니다. 다만 즉시 소송보다는 증거 보존과 시효 관리를 겸해 청구부터 진행합니다.",청구,0
111,반도체,중요,0,보상규정 자체가 없음,1,보통,2.6451,S2,0.03,4084968,0.1667,811,2026,5269,8106,침해소송승소,4.5,20429.5,91932.8,3064.4,13789.9,5683.9,청구,자부심,"회사는 보상규정이 없어 발명진흥법 제15조 제2~4항을 이행하지 않았고, 따라서 제6항의 ‘정당한 보상’ 간주가 적용되지 않아 추가보상 청구 근거가 충분합니다. 침해소송 승소로 회사가 얻은 91,932.8만원은 2023다237514 취지에 비추어 직무발명과 상당인과관계 있는 이익으로 평가될 수 있습니다. 내가 받은 8,106만원은 판례상 발명자 공헌도(10~20%)만 단순 적용한 기준 9,193~18,387만원에도 미달해 추가보상 여지가 큽니다. 다만 법원은 실시료율·독점권 기여율도 고려(2009다75178, 2014다220347)하므로 장기소송의 불확실·비용을 피하기 위해 우선 사내·조정 절차인 ‘청구’부터 개시합니다.",청구,0
113,반도체,보통,1,보상규정은 있으나 종업원에게 서면으로 알린 적 없음,0,인색,1.0872,S2,0.03,784278,0.0773,30,74,193,297,무효소송승소,1.8,1818.7,3273.7,272.8,491.1,194.1,협상요청,자부심,"반도체 업종 특성과 대법원 판례(2011, 2017, 2023)에 비추어 사용자가 얻은 이익을 기준으로 실시료·공헌도를 고려해야 하고, 무효소송 승소는 독점이익의 존재와 인과관계를 강화합니다. 회사는 보상규정을 서면 통지하지 않아 발명진흥법 제15조 제6항의 정당보상 추정이 깨져 추가 보상 협상의 여지가 큽니다. 공시된 이익 3,273.7만원 대비 수령액 297만원은 판례상 발명자 공헌도 10~20%의 하한(약 327만원)에도 못 미쳐 30~358만원 수준의 추가 보상 여지가 있습니다. 소송은 비용·기간 대비 기대금액이 크지 않아 비경제적이므로, 우선 회사에 서면으로 근거를 제시해 추가 보상을 협의하는 것이 합리적입니다.",협상,0
115,제약,미미,1,보상규정은 있으나 종업원에게 서면으로 알린 적 없음,2,후함,4.7486,S1,0.05,3802855,0.0475,644,1610,4186,6440,무효소송승소,2.0,9040.5,18081.0,1356.1,2712.2,-3727.8,협상요청,자부심,"회사가 내 발명으로 공시 기준 상당한 이익을 얻었고, 무효소송에서도 권리를 지켜낸 만큼 발명의 기여도가 충분히 인정되어야 합니다. 보상규정은 있다고 하나 종업원에게 서면 통지가 없었던 점은 보상의 합리성과 절차적 정당성에 의문을 남깁니다. 이미 받은 보상은 의미 있지만, 정당한 범위의 추가 보상 여부를 회사와 먼저 성실히 협의해 보고 싶습니다.",협상,0
110,IT,보통,3,"보상규정을 서면으로 알렸고, 작성 시 종업원과 협의했으며, 결정된 보상액도 서면으로 알림",2,후함,4.8442,S2,0.02,4255629,0.0883,546,1366,3551,5463,라이선스수입,7.4,7518.1,55633.9,1127.7,8345.1,2882.1,협상요청,자부심,"IT 산업 사안에서 회사는 보상규정의 작성·서면통지·협의를 거쳐 발명진흥법 제15조 제2~4항을 충족했고, 원칙적으로 제6항의 정당보상 간주가 적용됩니다. 다만 회사 이익은 라이선스수입 55,633.9만원으로 보이고(2023다237514의 ‘상당인과관계 있는 이익’ 법리상 인정 가능), 현재 보상 5,463만원은 이익의 약 9.8%로 판례상 발명자 공헌도 10~20%의 하한(약 5,563만원)보다 근소하게 낮습니다. 2014다220347의 2% 실시료율은 제품매출 산정 지표로 주로 쓰여 본건 라이선스수입을 직접 감액할 근거가 약하므로 최소 하한 보정(10% 수준) 요청의 협상 여지가 큽니다. 소송은 2~3년과 비용 대비 추가 기대액이 제한적이어서 우선 추가 협의를 요청하고, 불성립 시 사내 청구·조정이나 소송으로 단계적 대응을 준비하는 것이 합리적입니다.",협상,0
118,제약,미미,3,"보상규정을 서면으로 알렸고, 작성 시 종업원과 협의했으며, 결정된 보상액도 서면으로 알림",1,보통,2.2163,S1,0.05,4979279,0.0468,388,969,2518,3875,이직제안,1.1,11654.9,12820.4,1748.2,1923.1,-1951.9,수용,자부심,"회사가 보상규정을 협의·서면고지 등 절차에 맞게 운영했고, 보상액도 투명하게 통지했습니다. 회사 공시 이익 약 1.28억 원 대비 내가 받은 3,875만 원은 약 30%로 업계 평균을 고려하면 결코 낮지 않다고 판단합니다. 불확실한 분쟁에 시간을 쓰기보다 이번 성과를 인정받은 것으로 보고, 제 커리어(이직 제안 포함)에 집중하겠습니다. 추가 협상이나 소송의 비용·관계 리스크 대비 실익이 크지 않다고 봅니다.",수용,0
114,반도체,미미,3,"보상규정을 서면으로 알렸고, 작성 시 종업원과 협의했으며, 결정된 보상액도 서면으로 알림",3,매우후함,10.6576,S2,0.03,519219,0.0382,95,238,619,952,침해소송승소,1.7,595.5,1012.4,89.3,151.9,-800.1,수용,자부심,"반도체 분야에서 대법원 2014다220347의 실시료율(약 2%)과 발명자 공헌도(10~20%)를 적용하면 회사 공시 이익 1,012.4만원 기준 보상범위는 대략 101~202만원인데, 이미 952만원을 지급받아 이익의 대부분이 보상되었습니다. 회사는 제15조 제2~4항 요건을 갖추었으므로 제6항의 정당보상 추정이 작동하고, 금액도 사용자 이익과 공헌도를 충분히 참작한 것으로 보입니다. 침해소송 승소로 인한 이익도 2023다237514 취지상 ‘상당인과관계 있는 이익’으로 보되, 공시된 이익 범위 내에서 이미 반영된 것으로 보입니다. 추가 협상·청구·소송은 수개월~수년의 시간과 비용 대비 실익이 낮아 현재 보상을 수용하는 것이 합리적입니다.",수용,0
120,제조,미미,3,"보상규정을 서면으로 알렸고, 작성 시 종업원과 협의했으며, 결정된 보상액도 서면으로 알림",2,후함,4.9473,S1,0.03,3246216,0.0228,165,412,1071,1648,이직제안,1.1,2220.5,2442.6,333.1,366.4,-1281.6,수용,자부심,"회사는 보상규정을 사전에 고지·협의했고 보상액도 서면으로 통지해 절차상 하자가 없어 보입니다. 회사 공시 이익 2,442.6만원 대비 내가 받은 1,648만원은 약 67%로 통상 수준을 상회해 이미 충분히 인정받았다고 느낍니다. 추가 법적 대응은 실익이 크지 않고 관계 비용이 더 클 수 있습니다. 이직 제안은 별도로 검토하되, 보상 문제는 여기서 수용하고 마무리하겠습니다.",수용,0
124,반도체,미미,0,보상규정 자체가 없음,0,인색,1.024,S1,0.03,2466756,0.028,32,80,206,318,이직제안,1.3,2069.8,2690.7,310.5,403.6,85.6,협상요청,자부심,"회사에 보상규정이 없는 상황에서, 회사가 공시한 이익 대비 내가 받은 318만원은 합리적 보상으로 보기 어렵습니다. 소송은 비용과 시간이 커서 먼저 공식 협의를 통해 기여도와 사용비율을 반영한 추가 보상을 요구하겠습니다. 이직 제안이 있어 협상 레버리지가 있고, 원만한 해결로 관계 리스크를 최소화하는 편이 실익이 큽니다. 협상이 미진하면 즉시 법적 절차로 전환할 수 있도록 근거와 자료를 정비하겠습니다.",협상,0
126,제조,핵심,3,"보상규정을 서면으로 알렸고, 작성 시 종업원과 협의했으며, 결정된 보상액도 서면으로 알림",3,매우후함,10.8368,S2,0.03,3253144,0.4151,6586,16465,42808,65859,침해소송승소,2.3,40515.1,93184.7,6077.3,13977.7,-51881.3,수용,자부심,"보상규정은 제15조 제2~4항 요건(서면 고지·협의·서면통지)을 충족해 제15조 제6항의 정당보상 추정이 작동합니다. 사용자 이익 93,184.7만원에 판례상 발명자 공헌도 10~20%(2009다75178 등)를 적용한 범위(9,318~18,637만원) 대비, 내가 수령한 65,859만원은 상한을 크게 초과합니다. 침해소송 승소로 인한 이익도 2023다237514 법리에 비추어 ‘상당인과관계 있는 이익’에 포함되나, 추가 청구 여지는 크지 않습니다. 청구·소송은 시간·비용 부담(수개월~수년, 본인 변호사비) 대비 실익이 낮아 수용이 합리적입니다.",수용,0
123,반도체,핵심,2,보상규정을 서면으로 알렸으나 작성·변경 시 종업원과 협의한 적 없음,0,인색,0.9494,S1,0.03,4306593,0.4085,752,1879,4884,7515,무효소송승소,1.1,52773.0,58050.3,7915.9,8707.5,1192.5,협상요청,자부심,"회사 보상규정이 종업원과의 협의 없이 운영된 점은 합리적 보상 산정에 다시 논의의 여지가 있다고 본다. 발명이 무효소송에서 인정되어 회사가 58,050.3만원의 이익을 얻은 반면, 내가 받은 7,515만원은 이에 비해 낮다. 우선 신뢰를 유지하며 신속히 조정하기 위해 추가 협의를 요청하겠다. 협상에서 합의가 안 되면 법적 절차도 대비하겠다.",협상,0
119,반도체,미미,1,보상규정은 있으나 종업원에게 서면으로 알린 적 없음,2,후함,5.5709,S2,0.03,2518403,0.0341,216,539,1400,2155,침해소송승소,4.6,2578.4,11860.6,386.8,1779.1,-375.9,협상요청,자부심,"회사는 보상규정이 있으나 서면 통지·보상결정 통지 의무(발명진흥법 제15조 제2·4항)를 이행하지 않아 제15조 제6항의 정당보상 추정이 깨지므로 추가 협의 여지가 있습니다. 다만 사용자 이익 11,860.6만원 대비 기수령 2,155만원은 대법원 2009다75178(실시료 3%, 공헌도 10~20%)·2014다220347(실시료 2%)의 통상 산식(이익×실시료×발명자공헌도)에 비추어 상단 수준이어서 소송으로 증액될 가능성은 높지 않습니다. 또한 2023다237514의 ‘상당인과관계 있는 이익’ 법리에 비추면 침해소송 승소 이익은 회사의 집행·투자 기여가 크게 반영되어 발명자 몫이 오히려 낮아질 위험도 있습니다. 소송(2~3년, 변호사비 부담) 대비 기대이익이 제한적이므로, 절차 미준수(서면 통지·결정 통지 미비)를 근거로 보상 산정 근거 공개, 규정의 적법화, 소정의 추가·명예보상(표창·인사반영) 등을 요구하는 협상을 우선 제안합니다.",협상,0
121,제약,핵심,1,보상규정은 있으나 종업원에게 서면으로 알린 적 없음,0,인색,0.8905,S2,0.05,2391910,0.4401,703,1758,4569,7030,사업화성공,9.5,52628.5,499970.8,7894.3,74995.6,67965.6,청구,자부심,"제약 업종에서 제품이 성공적으로 사업화되어 사용자 이익이 크고, 2023다237514 법리에 비추어 승계 이후 사정까지 포함한 상당인과관계가 인정될 여지가 높습니다. 회사는 보상규정을 서면 고지하지 않아 발명진흥법 제15조 제6항의 적정보상 추정이 미치지 않고, 2009다75178 등 판례의 실시료율·발명자 공헌도(통상 10~20%)를 반영한 재산정 가능성이 큽니다. 공시 이익 499,970.8만원 대비 수령액 7,030만원의 격차가 커 단순 협상만으로는 한계가 있는 반면, 곧바로 소송에 들어가면 2~3년 소요와 비용부담이 과도합니다. 따라서 시효 10년(2009다75178) 관리 하에 자료개시와 추가보상을 공식 요구하는 사내·조정 절차의 청구를 개시하는 것이 비용 대비 기대이익이 가장 큽니다.",청구,0
127,IT,미미,0,보상규정 자체가 없음,3,매우후함,11.312,S2,0.02,2987030,0.0317,321,804,2089,3214,이직제안,1.2,1894.1,2272.9,284.1,340.9,-2873.1,수용,손실회피,"IT 분야 특성상 대법 2014다220347 등을 감안하면 실시료율 2% 내외, 발명자 공헌도 10~20%가 일반적입니다. 회사에 보상규정이 없어 제15조 제6항의 정당보상 추정은 못 얻지만, 공시된 사용자 이익 2,272.9만원에 판례상 공헌도를 적용한 범위(227~455만원) 대비 이미 3,214만원을 수령해 기준을 현저히 상회합니다. 추가 청구·소송은 2009다75178, 2023다237514 법리에 따른 이익·공헌도 재산정 과정에서 감액·반환 공방 위험만 키우고 수개월~수년의 시간·비용 부담이 큽니다. 이직 제안이 있는 현재는 분쟁 확대보다 현 보상을 확정하는 편이 실익이 커 수용을 선택합니다.",수용,0
125,반도체,미미,1,보상규정은 있으나 종업원에게 서면으로 알린 적 없음,0,인색,0.8564,S2,0.03,1876126,0.0461,33,84,217,334,사업화성공,11.2,2596.6,29081.9,389.5,4362.3,4028.3,청구,자부심,"회사는 보상규정이 있으나 종업원에게 서면으로 알리지 않아 발명진흥법 제15조 제2~4항을 준수하지 않았고, 따라서 제6항의 정당보상 추정도 누릴 수 없습니다. 사업화가 성공해 공시 이익 29,081.9만원이 발생했으므로 이는 직무발명과 ‘상당인과관계 있는 이익’(대법원 2023다237514)으로 볼 여지가 크며, 지급된 334만원은 판례상 발명자 공헌도 10~20%(대법원 2009다75178 등)를 고려한 2,908~5,816만원 범위에 비해 현저히 부족합니다. 회사가 공지기술 항변(2009다91507)이나 독점기여율 하향(2014다220347)을 주장할 리스크는 있으나, 보상청구권 소멸시효 10년 내라면 추가 보상 청구의 법적 근거가 충분합니다. 따라서 비용과 시간을 아끼면서도 권리를 분명히 하기 위해 사내·조정 절차로 보상 청구를 개시하고, 불성립 시 소송을 검토하는 것이 합리적입니다.",청구,0
122,제약,보통,1,보상규정은 있으나 종업원에게 서면으로 알린 적 없음,1,보통,2.3651,S2,0.05,2321549,0.0546,225,562,1461,2248,M&A,6.2,6337.0,39289.4,950.5,5893.4,3645.4,청구,자부심,"보상규정이 있으나 서면 고지가 없어 발명진흥법 제15조 제2·4·6항의 정당보상 추정이 깨져 추가 보상 여지가 큽니다. 회사 이익 39,289.4만원 대비 수령 2,248만원은 판례상 발명자 공헌도 10~20%를 참작하면 부족해 보이지만, 합리적 실시료율·독점기여율(대법원 2014다220347 등)이 반영되면 금액 산정의 불확실성이 있으므로 자료확보가 필요합니다. M&A로 늘어난 이익도 2023다237514에 따라 상당인과 있는 부분만 반영되므로, 관련 자료 개시와 인과관계 배분을 전제로 한 공식 절차가 요구됩니다. 현 시점 수용은 저평가를 고착화할 위험이 있고 소송은 2~3년·비용 부담이 커 우선 사내·조정 절차로 ‘청구’를 제기해 증빙을 확보·협상하며 소멸시효 10년(2009다75178)도 점검하는 전략이 합리적입니다.",청구,0
131,제조,보통,0,보상규정 자체가 없음,1,보통,2.5377,S1,0.03,1497014,0.1194,204,510,1327,2041,이직제안,1.4,5361.8,7506.5,804.3,1126.0,-915.0,협상요청,자부심,"회사에 보상규정이 없어 정당한 보상 산정과 절차가 불명확하므로, 먼저 추가 협의를 통해 합리적 기준과 금액을 제시받고 싶습니다. 회사가 공시한 이익 7,506.5만원 대비 현재 수령액 2,041만원은 제 기여와 위험을 충분히 반영하지 못했다고 느낍니다. 외부 이직 제안도 있어 회사의 진정성 있는 보상과 인정 여부를 확인한 후 거취를 정하는 것이 합리적입니다. 원만한 해결을 우선 시도하되, 필요시 법적 조치를 검토할 여지를 남기겠습니다.",협상,0
128,반도체,미미,3,"보상규정을 서면으로 알렸고, 작성 시 종업원과 협의했으며, 결정된 보상액도 서면으로 알림",2,후함,5.6456,S2,0.03,1876798,0.0379,181,452,1176,1809,사업화성공,3.5,2136.7,7478.4,320.5,1121.8,-687.2,수용,자부심,"회사가 보상규정을 서면 고지하고 협의·서면통지를 거친 점은 발명진흥법 제15조 제2~4항 요건을 충족하므로, 제6항에 따라 원칙적으로 정당한 보상으로 봅니다. 사업화 성공에 따른 공시 이익 7,478.4만원에 판례상 발명자 공헌도 10~20%를 적용하면 748~1,496만원인데, 기수령액 1,809만원은 이를 상회합니다. 반도체 등 정보통신 분야 판례(2009다75178, 2014다220347)에서 실시료율이 대략 2~3%로 낮고, 2023다237514의 ‘상당인과관계 있는 이익’ 법리에 비추면 산정기초가 더 보수적으로 줄어 추가 청구의 실익이 제한적입니다. 청구·소송은 수개월~수년의 시간과 본인 비용 대비 기대 상승폭이 크지 않아 현 단계에서는 수용이 합리적입니다.",수용,0
135,제약,보통,0,보상규정 자체가 없음,0,인색,1.1478,S1,0.05,1641180,0.0676,96,239,621,956,M&A,7.6,5550.9,42186.8,832.6,6328.0,5372.0,청구,배신감,"회사에 보상규정조차 없고, 공시 기준 42,186.8만원의 이익에 비해 내가 받은 956만원은 현저히 불균형합니다. M&A가 있었더라도 의무는 승계되므로 정당한 직무발명 보상을 법적으로 요구할 필요가 있습니다. 신뢰가 무너졌지만, 바로 소송보다는 법적 청구 절차를 개시해 객관적 산정과 자료 확보부터 시작하겠습니다. 협의 여지는 남기되 법적 권리를 분명히 하겠다는 메시지를 주고자 합니다.",청구,0
132,반도체,중요,1,보상규정은 있으나 종업원에게 서면으로 알린 적 없음,2,후함,4.4056,S2,0.03,2173960,0.2591,1117,2792,7258,11167,라이선스수입,7.9,16897.6,133491.0,2534.6,20023.6,8856.6,청구,자부심,"보상규정이 존재하나 서면 통지가 없어 발명진흥법 제15조 제2~4항 위반 소지가 크고, 제15조 제6항의 정당보상 추정도 받기 어려워 현재 보상을 그대로 수용할 근거가 약합니다. 라이선스수입이 현실화되어 2023다237514의 ‘상당인과관계 있는 이익’에 해당하고, 2011·2017년 대법원 판례의 실시료율/공헌도 기준(대략 2~3%, 10~20%) 취지를 참작하면 회사 이익 133,491.0만원 대비 제 보상 몫은 13,349~26,698만원 범위로 기수령 11,167만원은 하회합니다. 2009다75178의 10년 소멸시효를 감안해 권리 보전을 서두르되, 소송은 2~3년과 비용 부담이 커 우선 사내·조정 절차로 추가 산정 및 자료공개를 요구하는 것이 실익이 큽니다. 따라서 ‘청구’로 공식 절차를 개시해 미통지된 보상규정의 적법성 및 산정기준(독점권 기여율 등)을 전면 재검토받고 합리적 추가보상을 압박하겠습니다.",청구,0
129,반도체,핵심,2,보상규정을 서면으로 알렸으나 작성·변경 시 종업원과 협의한 적 없음,3,매우후함,10.9521,S2,0.03,4035374,0.2872,5711,14278,37124,57113,사업화성공,14.4,34765.4,500621.8,5214.8,75093.3,17980.3,협상요청,자부심,"1) 보상규정은 서면 고지했으나 종업원과의 협의가 없어 발명진흥법 제15조 제3항 위반 소지가 있고, 제15조 제6항의 정당보상 추정이 미적용되어 추가 협의 레버리지가 있습니다. 2) 사업화 성공과 회사 이익 500,621.8만원은 분명하며 현재 수령 57,113만원은 판례상 발명자 공헌도 10~20%(2009다75178 등) 기준의 하단~중간 수준이지만, 실시료율 2~3%(2014다220347, 2009다75178)와 2023다237514의 ‘상당인과관계 있는 이익’ 법리에 따라 산정이 상하로 변동될 수 있습니다. 3) 즉시 소송은 2~3년 소요·비용 부담과 인과·독점기여율 다툼에 따른 감액 위험이 커 기대효용이 낮습니다. 4) 따라서 우선 회사에 추가 협의·내부 청구를 요청해 산정근거 공개와 상향(예: 공헌도 상단 근접) 여부를 타진하고, 불성사 시 조정·소송으로 단계적으로 이행하는 것이 합리적입니다.",협상,0
130,제조,보통,2,보상규정을 서면으로 알렸으나 작성·변경 시 종업원과 협의한 적 없음,1,보통,2.3701,S2,0.03,3050178,0.0543,177,442,1149,1768,라이선스수입,5.4,4972.0,26848.8,745.8,4027.3,2259.3,청구,자부심,"회사는 보상규정을 서면 고지했으나 제15조 3항의 종업원 협의를 누락하여 제15조 6항의 정당보상 추정이 미치지 않습니다. 공시된 사용자 이익 26,848.8만원에 대법원 2009다75178의 발명자 공헌도 10~20%를 적용하면 2,685~5,370만원인데, 기수령액 1,768만원은 현저히 하회합니다. 라이선스 수입이 존재하므로 2023다237514의 ‘상당인과관계 있는 이익’ 법리에 비추어 사용자 이익 산정이 비교적 명확하고, 공지기술 항변(2009다91507) 가능성도 낮습니다. 소송은 2~3년과 비용 부담이 커서 우선 사내·조정 중심의 ‘청구’ 절차로 추가보상을 공식 요구하되, 10년 소멸시효(2009다75178)를 유념해 신속히 착수하는 것이 합리적입니다.",청구,0
137,반도체,핵심,2,보상규정을 서면으로 알렸으나 작성·변경 시 종업원과 협의한 적 없음,0,인색,0.8769,S1,0.03,2002133,0.4069,322,804,2089,3215,라이선스수입,3.5,24442.9,85550.2,3666.4,12832.5,9617.5,청구,배신감,"회사 보상규정이 일방 통지만 되었고 협의가 없었다면 그 규정만으로 보상의 합리성이 담보되기 어렵다. 발명으로 발생한 라이선스 수입이 85,550.2만원인데 내가 받은 3,215만원은 회사 이익과 기여를 고려할 때 현저히 적다고 본다. 법정 직무발명 보상 청구를 개시해 사용자 이익과 기여율에 대한 객관적 자료를 확보하고 시효를 중단하겠다. 소송 전 합의 가능성은 열어두되 우선 공식 청구로 권리를 분명히 하겠다.",청구,0
139,반도체,미미,3,"보상규정을 서면으로 알렸고, 작성 시 종업원과 협의했으며, 결정된 보상액도 서면으로 알림",2,후함,5.4789,S1,0.03,1488536,0.0403,148,370,961,1479,침해소송승소,3.0,1799.1,5397.3,269.9,809.6,-669.4,수용,자부심,"회사 보상규정이 투명하게 운영되었고, 작성·통지 절차도 준수되었습니다. 공시된 이익 5,397.3만원 대비 내가 받은 1,479만원은 비율상 납득 가능한 수준이라고 판단합니다. 침해소송 승소로 발명의 가치가 공인되어 금전 외 평판·기회 측면의 보상도 기대됩니다. 불필요한 갈등보다 성과를 바탕으로 다음 프로젝트에서 더 큰 기여와 평가를 받는 길을 택합니다.",수용,0
134,제조,핵심,1,보상규정은 있으나 종업원에게 서면으로 알린 적 없음,1,보통,2.5865,S1,0.03,3559569,0.281,1164,2911,7568,11643,이직제안,1.1,30009.2,33010.1,4501.4,4951.5,-6691.5,협상요청,자부심,"회사에 보상규정은 있지만 서면 주지 의무를 이행하지 않아 규정의 구속력이 약하고 추가 보상 협의 여지가 있다고 봅니다. 회사 공시 이익 대비 내가 받은 보상은 의미 있으나, 발명의 기여도와 향후 수익을 반영한 합리성 재검토가 필요합니다. 소송 직행은 비용·시간·관계 리스크가 커 우선 협상으로 신속한 조정을 시도하겠습니다. 또한 이직 제안이 있는 만큼 회사의 유지보상과 인정에 대해 추가 패키지를 협의할 명분이 충분합니다.",협상,0
133,제약,보통,2,보상규정을 서면으로 알렸으나 작성·변경 시 종업원과 협의한 적 없음,0,인색,0.9315,S2,0.05,1314403,0.114,105,262,680,1047,라이선스수입,4.8,7491.8,35960.6,1123.8,5394.1,4347.1,청구,배신감,"보상규정을 서면으로만 알리고 작성·변경 시 종업원과 협의하지 않아 발명진흥법 제15조 제3항을 충족하지 못해 제15조 제6항의 ‘정당보상 간주’ 보호를 받기 어렵습니다. 직무발명으로 라이선스수입(회사 공시 35,960.6만원)이 발생했고, 대법원 2023다237514에 따라 이는 상당인과관계 있는 사용자 이익으로 평가될 여지가 큽니다. 지금까지의 보상 1,047만원은 판례상 발명자 공헌도(10~20%)만 반영해도 3,596~7,192만원과 큰 격차가 있어 2009다75178 등이 요구한 사용자 이익·공헌도 고려 원칙에 미흡합니다. 소송은 시간·비용 부담이 크므로 우선 사내·조정 절차로 공식 청구해 산정 근거 공개와 추가 보상을 압박하고, 불성실 대응 시 소 제기를 대비하는 것이 합리적입니다.",청구,0
138,반도체,핵심,3,"보상규정을 서면으로 알렸고, 작성 시 종업원과 협의했으며, 결정된 보상액도 서면으로 알림",1,보통,2.554,S1,0.03,3398807,0.3142,1227,3068,7978,12273,사업화성공,14.8,32036.8,474144.6,4805.5,71121.7,58848.7,협상요청,자부심,"회사 이익 474,144.6만원 대비 제가 받은 12,273만원은 약 2.6%로, 사업화 성공과 제 공헌도를 감안하면 낮다고 느낍니다. 회사가 보상규정을 성실히 운영한 점은 인정하므로, 법적 절차 전에 공헌도 산정과 이익배분율 재검토를 정식으로 요청하겠습니다. 합리적 조정 가능성을 우선 확인한 뒤, 필요 시 후속 절차를 검토하겠습니다.",협상,0
136,IT,미미,1,보상규정은 있으나 종업원에게 서면으로 알린 적 없음,1,보통,2.4676,S2,0.02,2875713,0.0458,98,244,633,975,이직제안,1.3,2633.6,3423.7,395.0,513.6,-461.4,협상요청,자부심,"IT 산업 특성과 대법원 판례(정보통신 분야 실시료율·발명자 공헌도 낮은 경향)를 감안하면, 회사 공시 이익 3,423.7만원 대비 통상 범위 보상액(342~685만원)을 현재 수령액 975만원이 이미 상회합니다. 다만 회사는 보상규정을 서면 고지하지 않아 발명진흥법 제15조 제6항의 정당보상 추정이 깨지고, 2023다237514 법리에 비추어 승계 이후 사정까지 고려한 추가 보상 협의 여지는 남아 있습니다. 기대 가능한 추가 금액 대비 ‘청구/소송’의 시간·비용 부담이 커 실익이 작습니다. 따라서 서면 산정근거와 회사 이익자료 공개, 규정의 적법 고지, 소액 상향 또는 대체 보상을 조건으로 추가 협의를 우선 요청하겠습니다.",협상,0
143,반도체,미미,3,"보상규정을 서면으로 알렸고, 작성 시 종업원과 협의했으며, 결정된 보상액도 서면으로 알림",2,후함,5.4766,S1,0.03,2845762,0.0329,231,577,1499,2307,이직제안,1.0,2808.0,2808.0,421.2,421.2,-1885.8,수용,자부심,"회사 보상규정이 서면 고지·협의·통지까지 적법하게 이행되었고 절차상 하자가 보이지 않습니다. 회사 이익 2,808만원 대비 제가 받은 2,307만원은 매우 높은 비율로 합리적 보상 수준을 충분히 충족합니다. 추가 협상이나 법적 절차로 얻을 실익이 크지 않고 관계 리스크만 커질 수 있습니다. 제 성과가 제대로 인정받았다는 느낌이 들어 현 보상을 수용합니다.",수용,0
142,반도체,중요,1,보상규정은 있으나 종업원에게 서면으로 알린 적 없음,0,인색,1.0021,S1,0.03,662353,0.278,83,208,539,830,무효소송승소,1.5,5523.9,8285.8,828.6,1242.9,412.9,청구,배신감,회사가 보상규정을 두고도 종업원에게 서면으로 고지하지 않은 점은 규정 효력과 감액 사유로 보기 어렵습니다. 회사 이익이 약 8.3억 원인데 내가 받은 보상은 830만 원으로 약 1% 수준에 불과해 기여에 비해 현저히 낮습니다. 게다가 무효소송 승소로 특허의 유효성과 경제적 가치가 입증되었습니다. 따라서 정당한 추가 보상을 확보하기 위해 법적 보상 청구 절차를 곧바로 개시하겠습니다.,청구,0
144,제약,핵심,1,보상규정은 있으나 종업원에게 서면으로 알린 적 없음,0,인색,1.0073,S1,0.05,4074585,0.4088,1258,3146,8180,12584,라이선스수입,7.9,83283.3,657938.1,12492.5,98690.7,86106.7,청구,배신감,"회사 공시 기준 이익이 약 65.8억인데 받은 보상은 약 1.26억으로, 기여 대비 보상이 현저히 낮아 보입니다. 보상규정이 있으면서도 서면 고지가 없었던 점은 규정의 구속력을 약화시켜 법적 청구에서 제게 유리한 요소입니다. 제약 분야 라이선스 수입은 발명으로 인한 이익 산정이 비교적 명확해 정당한 추가 보상을 인정받을 가능성이 큽니다. 즉시 법적 보상 청구를 개시해 시효를 중단하고 협상 지렛대를 확보한 뒤, 회사 대응을 보고 소송을 검토하겠습니다.",청구,0
145,제약,보통,0,보상규정 자체가 없음,1,보통,2.7555,S1,0.05,939724,0.1129,219,548,1426,2193,무효소송승소,1.7,5306.0,9020.2,795.9,1353.0,-840.0,협상요청,자부심,"회사에 보상규정이 없어 합리적 기준에 따른 보상이 명확히 정해지지 않았다고 느낍니다. 무효소송 승소로 발명의 가치를 회사가 입증했고, 공시된 이익도 확인되는 만큼 제 기여를 기준으로 보상 수준을 재산정할 필요가 있다고 판단했습니다. 현재 수령액이 업계 관행과 기여도에 비추어 적정한지 회사와 함께 수치로 투명하게 점검하고 싶습니다. 소송에 앞서 우선 협의로 합리적 보상과 내부 절차를 마련해 상호 신뢰와 관계를 유지하려 합니다.",협상,0
147,제약,보통,2,보상규정을 서면으로 알렸으나 작성·변경 시 종업원과 협의한 적 없음,2,후함,5.4707,S1,0.05,1155963,0.0807,383,957,2487,3827,침해소송승소,4.0,4664.3,18657.2,699.6,2798.6,-1028.4,협상요청,자부심,"이 발명으로 회사가 18,657.2만원의 이익을 얻었고, 내가 받은 보상은 3,827만원으로 약 20% 수준입니다. 보상규정은 서면 고지에 그쳤고 제·개정 시 종업원 협의가 없어 절차적 정당성이 약합니다. 침해소송 승소로 발명의 가치가 객관적으로 입증된 만큼 추가 보상의 여지가 있다고 봅니다. 소송에 앞서 관계를 유지하며 합리적 수준의 추가 보상을 받기 위해 우선 협상을 요청하겠습니다.",협상,0
146,제조,핵심,1,보상규정은 있으나 종업원에게 서면으로 알린 적 없음,3,매우후함,10.25,S1,0.03,709664,0.445,1457,3642,9468,14567,M&A,5.9,9474.6,55900.1,1421.2,8385.0,-6182.0,협상요청,배신감,"회사에 보상규정은 있었지만 종업원에게 서면으로 알리지 않은 점은 규정의 구속력과 보상 산정의 공정성에 의문을 남깁니다. 공시된 회사 이익(약 5.59억 원) 대비 내가 받은 보상(약 1.46억 원)은 적지 않지만, M&A로 인한 기업가치 상승분이 충분히 반영됐는지는 불명확합니다. 소송 전에 추가 자료 공개와 산정기준 재협의를 공식 요청해 합리적 보상에 도달할 여지가 있다고 봅니다. 협상이 원만히 진행되지 않거나 성실한 응답이 없을 경우 법적 절차로 전환할 것을 전제로 합니다.",협상,0
141,제약,중요,2,보상규정을 서면으로 알렸으나 작성·변경 시 종업원과 협의한 적 없음,2,후함,5.3157,S2,0.05,3213031,0.1763,2258,5645,14677,22580,침해소송승소,3.0,28318.6,84955.8,4247.8,12743.4,-9836.6,수용,자부심,"제약 산업 특성상 판례가 인정한 발명자 공헌도는 10~20% 수준이며, 회사 보상규정은 제15조 제3항의 ‘협의’ 절차 흠이 있어 15조6항의 정당보상 추정은 어렵습니다. 침해소송 승소로 독점효과는 인정되나 공시된 사용자 이익은 84,955.8만원 수준입니다. 제가 이미 받은 22,580만원은 판례상 공헌도(10~20%)를 단순 적용한 범위(8,496~16,991만원)를 넘어 추가 청구의 기대이익이 크지 않습니다. 청구·소송은 시간·비용과 관계 훼손 부담이 큰 반면 규정상 흠만으로 추가 보상이 담보되기 어렵기에, 현재 보상을 수용합니다.",수용,0
153,제조,보통,2,보상규정을 서면으로 알렸으나 작성·변경 시 종업원과 협의한 적 없음,3,매우후함,10.0216,S1,0.03,2861136,0.0642,829,2072,5385,8286,이직제안,1.2,5512.2,6614.6,826.8,992.2,-7293.8,수용,자부심,"회사 공시 기준 이익(6,614.6만원)보다 내가 받은 보상(8,286만원)이 이미 상회하므로 추가 청구의 명분과 실익이 낮습니다. 보상규정 수립 시 협의 절차의 흠은 있으나, 결과적으로 합리 수준을 넘어서는 보상을 받은 셈이며 분쟁은 오히려 리스크만 키울 수 있습니다. 또한 이직 제안이 있는 상황에서 갈등을 확대하기보다 현재 성과를 인정받고 깔끔히 마무리하는 편이 유리합니다. 이번 성과에 대해 스스로도 충분히 인정받았다고 느낍니다.",수용,0
140,제조,보통,0,보상규정 자체가 없음,0,인색,1.0027,S2,0.03,3160452,0.0915,130,326,849,1305,M&A,7.1,8675.9,61598.9,1301.4,9239.8,7934.8,협상요청,자부심,"회사에 보상규정이 없어 발명진흥법 제15조 제2~4항을 이행하지 않았으므로 제6항의 ‘정당보상’ 추정이 적용되지 않습니다(시효 10년, 대법원 2009다75178 유의). 회사 공시 이익 61,598.9만원은 상한적 지표일 뿐이고, 판례상 실시료율(대략 2~3%)·발명자 공헌도(10~20%) 및 ‘상당인과관계 있는 이익’ 법리(대법원 2023다237514)를 반영하면 실제 보상 산정치는 사용자 독점이익에 한정되어 제시 추정보다 낮아질 개연성이 있으나, 현재 수령액 1,305만원은 하한선 대비 낮거나 경계선으로 추가 정산 여지가 있습니다. 협상·사내 절차는 수개월 내 저비용으로 보상규정 제정, 산식·근거자료 개시, 소급 정산을 도출할 여지가 큰 반면, 소송은 2~3년 소요와 변호사비 부담에 비해 M&A 프리미엄의 인과관계 쟁점 등으로 불확실성이 큽니다. 따라서 우선 회사에 정식 협상을 요구해 보상규정 제정 및 추가보상을 도출하고, 불성립 시 조정·소송으로 이행하겠다는 입장을 통지하며 시효 관리로 권리보전을 병행하는 것이 합리적입니다.",협상,0
148,제약,중요,1,보상규정은 있으나 종업원에게 서면으로 알린 적 없음,0,인색,1.1327,S2,0.05,2234941,0.276,524,1310,3407,5241,M&A,3.1,30844.4,95617.6,4626.7,14342.6,9101.6,청구,자부심,"보상규정은 있으나 서면 통지가 없어 발명진흥법 제15조 제2~4항을 충족하지 못하여 제6항의 정당보상 추정이 미적용됩니다. 공시된 이익 95,617.6만원 대비 기지급 5,241만원은 대법원 2009다75178 등에서 본 발명자 공헌도(10~20%) 관행에 비추어 추가 보상 여지가 큽니다. 또한 M&A로 인한 가치 변동도 2023다237514에 따라 상당인과관계가 인정되는 범위에서 사용자 이익에 포함될 수 있습니다. 소송은 2~3년·비용 부담이 커서 바로 가기보다는, 시효 10년(2009다75178) 유념하며 사내·조정 절차로 증분 보상을 공식 요구하는 ‘청구’가 실익 대비 효율적입니다.",청구,0
150,제조,보통,1,보상규정은 있으나 종업원에게 서면으로 알린 적 없음,3,매우후함,9.0593,S2,0.03,2322663,0.0617,584,1461,3798,5843,라이선스수입,6.8,4300.0,29240.0,645.0,4386.0,-1457.0,협상요청,자부심,"제15조 제2~4항의 서면 통지·협의 미이행으로 사용자의 ‘정당보상 추정’(제15조 제6항) 근거가 약하므로, 규정 정비와 산정 내역 서면통지를 요구할 명분이 있습니다. 다만 회사 이익 29,240만원 대비 수령 5,843만원은 판례상 발명자 공헌도 10~20% 범위의 상단(≈5,848만원)과 사실상 일치하여 추가 증액 여지는 크지 않습니다. 2023다237514의 ‘상당인과관계 있는 이익’ 법리나 과거 실시료율 참작을 해도 이미 라이선스 수입이 반영된 사안이라 청구·소송의 시간·비용 대비 기대이익이 낮습니다. 따라서 서면 내역 공개와 규정 적법화, 향후 추가 라이선스 수익 연동 보상 합의를 목표로 우선 협상을 요청하는 것이 합리적입니다.",협상,0
151,제조,핵심,3,"보상규정을 서면으로 알렸고, 작성 시 종업원과 협의했으며, 결정된 보상액도 서면으로 알림",0,인색,0.939,S2,0.03,1252117,0.3565,189,472,1225,1886,이직제안,1.4,13391.5,18748.1,2008.7,2812.2,926.2,협상요청,자부심,"회사는 제15조 제2~4항 절차를 준수했으므로 제6항의 정당보상 추정이 먼저 적용됩니다. 다만 지급액 1,886만원은 공시 이익 18,748.1만원 대비 약 10%로 판례상 발명자 공헌도(10~20%)의 하한에 머물러(2009다75178 등) 산정근거 공개와 상향 협상의 여지가 있습니다. 최신 법리(2023다237514)의 ‘상당인과관계 있는 이익’까지 확대 주장하려면 추가 자료가 필요하고, 청구·소송은 기간·비용 대비 추가 기대액(최대 약 1,800만원 내외)이 크지 않습니다. 갈등과 비용을 최소화하면서 이직제안을 협상 레버리지로 활용해 보상 산식 공개 및 중간값 수준 상향을 요구하는 것이 현 시점의 실익이 가장 큽니다.",협상,0
149,제조,미미,2,보상규정을 서면으로 알렸으나 작성·변경 시 종업원과 협의한 적 없음,2,후함,4.7383,S2,0.03,4313305,0.0381,350,876,2276,3502,이직제안,1.2,4927.4,5912.9,739.1,886.9,-2615.1,수용,손실회피,"제조업 분야에서 대법원 판례상 실시료율 2~3%, 발명자 공헌도 10~20%가 통상인데, 회사 공시 이익 5,912.9만원 대비 저는 이미 3,502만원을 받아 통상 범위를 현저히 상회합니다. 회사가 보상규정을 서면 고지했으나 협의 절차가 없었던 점은 발명진흥법 제15조 제3항 위반으로 15조 6항의 안전장치가 약화되나, 2023년 판례의 ‘상당인과관계 있는 이익’ 기준을 적용해도 추가 보상폭이 클 가능성은 낮습니다. 협상·청구는 수개월, 소송은 2~3년과 변호사비가 소요되는 반면 예상 추가이익이 제한적이고 이직 국면에서 관계 리스크가 큽니다. 따라서 현 보상을 수용하는 것이 비용·시간 대비 합리적입니다.",수용,0
155,IT,핵심,2,보상규정을 서면으로 알렸으나 작성·변경 시 종업원과 협의한 적 없음,2,후함,5.0424,S1,0.02,2648449,0.3402,1363,3407,8858,13628,사업화성공,8.3,18018.4,149552.7,2702.8,22432.9,8804.9,협상요청,자부심,사업화가 성공해 회사가 상당한 이익을 얻었고 내 발명 기여가 분명합니다. 보상규정이 서면 통보만 있고 협의가 없었다는 점에서 보상 산정의 합리성에 의문이 듭니다. 이미 보상을 받았지만 회사 이익 대비 추가 보상 여지가 크다고 판단해 우선 협상을 통해 합리적 조정을 요구하겠습니다. 필요시 다음 단계(청구·소송)도 대비하되 먼저 관계 손상을 최소화하려 합니다.,협상,0
158,반도체,미미,1,보상규정은 있으나 종업원에게 서면으로 알린 적 없음,0,인색,1.0867,S1,0.03,3499769,0.0397,68,170,442,680,침해소송승소,2.7,4172.5,11265.8,625.9,1689.9,1009.9,청구,배신감,"보상규정이 있다면서도 서면 통지를 하지 않아 규정의 감액 효력을 주장하기 어렵고, 법이 정한 합리적 보상권은 분명합니다. 이 발명으로 회사가 공시한 이익이 상당하고 침해소송 승소로 인과관계도 명확합니다. 내가 받은 보상은 약 6% 수준으로 합리적 보상에 미달한다고 판단됩니다. 따라서 정당한 몫을 확보하기 위해 법적 보상 청구 절차를 곧바로 개시하겠습니다.",청구,0
152,제약,미미,0,보상규정 자체가 없음,3,매우후함,9.3662,S2,0.05,3692639,0.0466,1210,3025,7864,12099,라이선스수입,4.6,8611.9,39614.7,1291.8,5942.2,-6156.8,수용,손실회피,"제약 업종의 직무발명으로서 회사는 보상규정이 없어 발명진흥법 제15조 제2~4항을 지키지 못했지만, 이는 제6항의 정당보상 추정만 배제할 뿐 추가보상을 곧바로 인정하지는 않습니다. 최신 대법원 법리에 따라 상당인과관계 있는 사용자 이익은 공시된 라이선스수입 약 39.6억 원으로 볼 수 있고, 이는 로열티 수입이므로 별도 실시료율 산정 없이 기준 이익이 확정됩니다. 판례상 발명자 공헌도 10~20%를 적용하면 4~8억 원 수준인데 저는 이미 12.099억 원을 수령했고, 독점권 기여율·사용자 공헌 등을 더 참작하면 법원 산정액은 이보다 낮아질 가능성이 큽니다. 따라서 추가 협상·청구·소송은 시간·비용 대비 실익이 작고 관계 악화 위험이 있어, 현재 보상을 수용하는 것이 합리적입니다.",수용,0
156,IT,미미,2,보상규정을 서면으로 알렸으나 작성·변경 시 종업원과 협의한 적 없음,3,매우후함,9.0714,S2,0.02,3959714,0.044,474,1184,3079,4737,이직제안,1.2,3481.4,4177.7,522.2,626.7,-4110.3,수용,손실회피,"IT 업종(정보통신) 판례(2014다220347) 기준과 발명자 공헌도 10~20%를 적용하면, 회사 공시 이익 4,177.7만원 대비 정당보상 추정치는 약 418~836만원 수준이다. 내가 받은 4,737만원은 회사 이익과 판례상 범위를 모두 상회하여 발진법 15조6항의 실질 요건(사용자 이익·공헌도 고려)에도 부합하거나 과다에 가깝다. 회사가 보상규정 협의의무(15조3항)를 지키지 않아 절차상 추정은 약하지만, 이를 이유로 추가 청구해도 증액 가능성은 낮고 청구·소송의 시간·비용 부담이 크다. 이직제안으로 기회비용도 높아 분쟁을 확전하지 않는 것이 합리적이므로 현 보상을 수용한다.",수용,0
154,IT,보통,3,"보상규정을 서면으로 알렸고, 작성 시 종업원과 협의했으며, 결정된 보상액도 서면으로 알림",1,보통,2.3609,S2,0.02,4958863,0.0869,305,763,1983,3051,사업화성공,15.1,8616.8,130113.7,1292.5,19517.1,16466.1,협상요청,자부심,"회사는 보상규정을 서면 통지·협의·결정통지까지 이행하여 발명진흥법 제15조 제6항상 정당보상 추정이 작동합니다. 사업화가 성공해 사용자 이익이 존재하나, IT 업종 판례상 합리적 실시료율 2%(2014다220347)와 발명자 공헌도 10~20%(2009다75178)를 반영하면 적정 보상범위는 약 2,600만~5,200만원이고, 기수령 3,051만원은 그 범위 내입니다. 따라서 소송으로 추정을 뒤집기 어렵고 시간·비용 대비 기대이익이 크지 않습니다. 다만 2023다237514 법리에 따른 사후사정·독점기여 등을 근거로 추가 인센티브를 요구할 여지는 있어 우선 회사에 재협상을 요청합니다.",협상,0
159,제약,핵심,2,보상규정을 서면으로 알렸으나 작성·변경 시 종업원과 협의한 적 없음,1,보통,2.7636,S2,0.05,2444618,0.3577,1812,4531,11782,18125,M&A,4.2,43723.7,183639.5,6558.6,27545.9,9420.9,협상요청,자부심,"제15조 2~4항 중 회사가 서면 고지는 했으나 3항의 종업원 협의를 거치지 않아 6항의 정당보상 추정이 깨질 소지가 큽니다. 공시 이익 183,639.5만원에 판례상 발명자 공헌도 10~20%를 적용하면 18,364~36,728만원인데, 기수령 18,125만원은 하한에도 미달합니다. 또한 M&A로 인한 가치 반영 가능성을 대법원 2023다237514의 ‘상당인과관계 있는 이익’ 법리에 비추어 추가 참작할 여지가 있습니다. 다만 소송은 2~3년과 높은 비용 부담이 크므로 우선 회사에 협상을 요청해 추가 보상을 모색하고, 불응 시 청구·소송으로 전환하겠습니다.",협상,0
157,IT,보통,2,보상규정을 서면으로 알렸으나 작성·변경 시 종업원과 협의한 적 없음,3,매우후함,10.7016,S2,0.02,1742792,0.1153,645,1613,4193,6451,라이선스수입,5.3,4018.6,21298.6,602.8,3194.8,-3256.2,수용,자부심,"IT 업종 특성상 대법원 2014다220347 취지에 비추어 합리적 실시료율은 낮게(약 2%) 보고, 발명자 공헌도도 10~20%가 통상 범위입니다. 회사가 보상규정을 서면 통지했으나 협의가 없어 제15조 제3항 위반으로 제15조 제6항의 추정은 곤란하지만, 이는 보상액이 부당할 때 비로소 다툴 여지가 커집니다. 본 건은 발명으로 라이선스수입이 발생했고 회사 공시 이익 21,298.6만원에 판례상 공헌도(10~20%)를 적용하면 2,130~4,260만원인데, 본인은 이미 6,451만원을 받아 통상 상단을 상당히 상회합니다. 추가 청구·소송은 시간·비용 대비 실익이 작으므로 현재 보상을 수용하는 것이 합리적입니다.",수용,0
160,IT,핵심,0,보상규정 자체가 없음,2,후함,4.7,S1,0.02,2444750,0.3807,1312,3280,8529,13121,라이선스수입,4.9,18612.0,91198.8,2791.8,13679.8,558.8,협상요청,자부심,"회사 이익 91,198.8만원과 제가 받은 13,121만원을 비교하면 제 기여가 충분히 반영되지 않았을 수 있습니다. 보상규정이 없는 만큼 합리적 기준을 함께 마련하고, 라이선스 수익 배분의 산정 근거를 투명하게 확인하고 싶습니다. 우선 신뢰 관계를 유지하며 추가 보상에 대해 성실히 협의해 보겠습니다. 협상이 원만히 이루어지지 않을 경우에는 법적 절차도 검토하겠다는 입장을 분명히 하겠습니다.",협상,0
162,제조,보통,0,보상규정 자체가 없음,1,보통,2.3732,S1,0.03,2560378,0.0596,163,408,1059,1630,M&A,6.2,4580.2,28397.2,687.0,4259.6,2629.6,청구,배신감,"보상규정도 없이 M&A까지 거치며 회사가 이 발명으로 상당한 이익을 얻었는데, 내가 받은 보상은 회사 공시 이익 대비 약 6%에 불과해 정당한 수준이라 보기 어렵습니다. 내부 보상체계가 부재하므로 법적 기준에 따른 정당한 보상액 산정을 요구하기 위해 직무발명 보상금 청구를 개시하겠습니다. M&A로 회사가 바뀌었더라도 보상 의무는 승계된다고 보는 만큼, 지금 단계에서 권리를 명확히 주장할 필요가 있습니다. 협의는 청구 진행과 병행하겠습니다.",청구,0
165,반도체,보통,2,보상규정을 서면으로 알렸으나 작성·변경 시 종업원과 협의한 적 없음,0,인색,0.8522,S1,0.03,1028103,0.0848,33,84,217,334,이직제안,1.5,2615.1,3922.6,392.3,588.4,254.4,협상요청,자부심,보상규정이 일방 통보된 점에서 합리성과 공정성에 의문이 들었습니다. 회사 공시 이익 대비 현재 보상은 발명 기여에 비해 낮다고 느껴 제 가치를 제대로 인정받고 싶습니다. 우선 추가 협상을 통해 산정 기준 공개와 보상 재조정을 요구하겠습니다. 협상에서 합리적 개선이 없으면 법적 절차도 검토하겠다는 전제를 밝히고 대화를 시작하겠습니다.,협상,0
161,반도체,중요,3,"보상규정을 서면으로 알렸고, 작성 시 종업원과 협의했으며, 결정된 보상액도 서면으로 알림",1,보통,2.6281,S2,0.03,616958,0.1492,109,272,708,1089,침해소송승소,3.5,2762.2,9667.7,414.3,1450.2,361.2,협상요청,자부심,"반도체 산업 특성상 독점효과가 크지만, 회사가 보상규정을 서면통지·협의·결정통지까지 이행하여 발명진흥법 제15조 제6항의 정당보상 추정이 작동합니다. 다만 침해소송 승소로 사용자 이익과의 상당인과관계가 인정되는 최신 법리(대법원 2023다237514)에 비추어 공헌도 상단 반영 명분이 있습니다. 회사 공시 이익 9,667.7만원 대비 현재 보상 1,089만원은 판례상 공헌도 10~20% 범위의 하한에 가까워 추가 보상 협의 여지가 있습니다. 소송은 2~3년과 비용 부담 대비 불확실성이 커 우선 협상을 통해 상향(예: 1,500~1,900만원선)과 산정 근거 공개를 요구하는 것이 실익이 큽니다.",협상,0
168,제조,미미,3,"보상규정을 서면으로 알렸고, 작성 시 종업원과 협의했으며, 결정된 보상액도 서면으로 알림",2,후함,4.5127,S1,0.03,2657968,0.0323,174,436,1133,1743,M&A,5.1,2575.3,13134.0,386.3,1970.1,227.1,수용,자부심,"회사가 공시한 발명 이익 13,134.0만원 대비 내가 받은 1,743만원은 약 13%로, 통상 판례 범위와 비교해도 낮지 않은 수준이라고 판단했습니다. 보상규정도 사전에 서면 고지·협의·통지 절차를 거친 만큼, 법적 다툼으로 추가 상승을 기대하기 어렵고 리스크가 큽니다. M&A가 있었지만 이 발명으로 인한 추가 프리미엄을 입증하기도 쉽지 않습니다. 지금의 성과와 보상에 만족하고 다음 과제에 집중하기 위해 그대로 수용하겠습니다.",수용,0
166,제조,핵심,2,보상규정을 서면으로 알렸으나 작성·변경 시 종업원과 협의한 적 없음,0,인색,0.9182,S1,0.03,2368405,0.3815,373,933,2427,3733,사업화성공,3.9,27107.7,105720.0,4066.2,15858.0,12125.0,청구,배신감,"회사는 보상규정을 일방적으로 서면 통지했을 뿐 협의가 없어 규정의 정당성에 의문이 듭니다. 사업화가 성공해 회사가 105,720만원의 이익을 얻었는데, 내가 받은 보상은 3,733만원에 그칩니다. 정당한 기여분과 이익배분을 재산정받기 위해 법적 보상 청구 절차를 시작하겠습니다. 소송 전 단계에서 객관적 근거로 합리적 보상안을 도출하기 위한 선택입니다.",청구,0
164,제조,핵심,3,"보상규정을 서면으로 알렸고, 작성 시 종업원과 협의했으며, 결정된 보상액도 서면으로 알림",1,보통,2.4391,S2,0.03,2448011,0.4026,1082,2704,7031,10817,라이선스수입,3.9,29565.2,115304.3,4434.8,17295.6,6478.6,협상요청,자부심,"회사는 제15조 제2~4항 절차(규정 작성·협의·서면 통지)를 이행해 제15조 제6항의 정당보상 추정이 작동하므로 곧바로 소송은 시간·비용 대비 위험이 크다. 다만 라이선스수입은 대법원 2023다237514의 ‘상당인과관계 있는 이익’에 해당하고, 현재 수령 10,817만원은 회사 이익 115,304.3만원에 판례상 발명자 공헌도 10%를 적용한 하한치(11,530만원)보다 소폭 부족하다. 결국 보상액 산정에서 사용자 이익·공헌도 반영이 미흡했을 여지가 있어, 실시료율·독점기여율·산정근거 공개를 전제로 추가 정산 협의를 요구하는 실익이 크다. 협의가 결렬되면 사내·조정 ‘청구’로 자료를 확보한 뒤 소송 여부를 재평가하는 단계적 접근이 합리적이다.",협상,0
163,IT,핵심,3,"보상규정을 서면으로 알렸고, 작성 시 종업원과 협의했으며, 결정된 보상액도 서면으로 알림",2,후함,5.2347,S2,0.02,4041285,0.4671,2964,7410,19267,29641,사업화성공,18.7,37749.7,705919.4,5662.5,105887.9,76246.9,협상요청,자부심,"회사는 발명진흥법 제15조 제2~4항 요건을 갖춰 보상의 정당성이 추정되지만(제6항), IT 분야 판례상 실시료율 2%, 발명자 공헌도 10~20% 등을 참작하면 회사 이익 705,919.4만원 대비 지급액 29,641만원(약 4.2%)은 이익·공헌 고려가 부족했다는 주장을 해볼 여지가 있습니다. 사업화 성공과 최신 대법원 2023다237514의 ‘상당인과관계 있는 이익’ 법리에 비추어 추가 보상 산정의 공간이 있고, 소멸시효 10년(2009다75178) 내라면 청구 가능성도 열려 있습니다. 다만 즉시 소송은 2~3년 소요·비용 부담이 크고 공지기술·독점이익 다툼 위험(2009다91507, 2014다220347)으로 불확실성이 큽니다. 따라서 우선 판례 기준을 반영한 재산정을 요구하는 협상요청으로 증액을 시도하고, 불응 시 내부 청구·조정으로 단계적으로 대응하는 것이 비용 대비 실익이 큽니다.",협상,0
170,반도체,중요,2,보상규정을 서면으로 알렸으나 작성·변경 시 종업원과 협의한 적 없음,1,보통,2.8725,S1,0.03,1253654,0.2013,326,816,2120,3262,무효소송승소,1.1,7570.5,8327.6,1135.6,1249.1,-2012.9,협상요청,자부심,"협의 없이 일방 운영된 보상규정에는 아쉬움이 크고, 무효소송 승소로 제 발명의 가치가 더욱 확정되었다고 느낍니다. 현재 보상은 의미 있으나 회사가 공시한 이익과 제 기여도가 충분히 반영됐는지 투명한 확인이 필요합니다. 분쟁에 앞서 대화를 통해 합리적 보상 기준 재점검과 추가 정산 가능성을 먼저 모색하겠습니다.",협상,0
173,제약,중요,1,보상규정은 있으나 종업원에게 서면으로 알린 적 없음,2,후함,5.5676,S1,0.05,596485,0.2739,682,1706,4435,6823,이직제안,1.5,8169.4,12254.1,1225.4,1838.1,-4984.9,협상요청,자부심,"회사 공시 기준 이익 12,254.1만원 대비 내가 받은 6,823만원은 적지 않지만, 사내 보상규정이 서면 고지되지 않은 점은 추가 보상 협의의 근거가 된다. 발명 직후 이직제안이 있었던 만큼 내 기여가 시장에서 높게 평가되고 있어, 회사와 재협상해 합리적 인정과 장기 보상(추가금·인센티브)을 모색하고 싶다. 법적 절차나 소송은 관계 비용과 불확실성이 커서 현시점에서는 지양하고, 먼저 우호적 협의를 통해 정리를 시도하겠다.",협상,0
167,제조,보통,3,"보상규정을 서면으로 알렸고, 작성 시 종업원과 협의했으며, 결정된 보상액도 서면으로 알림",1,보통,2.557,S2,0.03,4312241,0.0512,254,635,1651,2540,M&A,3.3,6621.7,21851.6,993.3,3277.7,737.7,협상요청,자부심,"회사는 제15조 2~4항 요건(서면 통지·협의·결정 통지)을 갖춰 제15조 6항의 정당보상 추정이 작동하나, 산정에 회사 이익과 공헌도를 실질 반영했는지는 다툼 여지가 있습니다. 공시 이익 21,851.6만원에 판례상 발명자 공헌도 10~20%를 대입하면 2,185~4,370만원인데, 기수령 2,540만원은 하한에 근접해 추가 협상 명분이 있습니다. 다만 대법 2009다75178·2014다220347의 평균 실시료율(2~3%)과 독점권 기여율을 함께 보면 법정 증액폭이 제한될 수 있고, 2023다237514에 따른 M&A 프리미엄 반영도 인과관계 입증 부담이 커 소송 리스크·기간 대비 불확실성이 큽니다. 따라서 우선 산정 근거 공개와 보상 조정을 회사에 요청하고(필요 시 조정 절차 병행), 무응답·거절 시에만 청구·소송으로 단계 전환하는 것이 합리적입니다.",협상,0
172,제조,보통,3,"보상규정을 서면으로 알렸고, 작성 시 종업원과 협의했으며, 결정된 보상액도 서면으로 알림",3,매우후함,10.3939,S1,0.03,2618407,0.1167,1429,3572,9288,14289,M&A,6.5,9165.1,59573.2,1374.8,8936.0,-5353.0,수용,자부심,회사가 공시한 이익 대비 내가 받은 보상 비율이 약 24%로 적지 않다고 판단했다. 보상규정도 사전 협의와 서면 고지가 이뤄지는 등 절차가 준수되어 신뢰감이 든다. M&A가 있었더라도 발명 보상과의 직접적 연관이 불분명해 추가 분쟁의 실익이 크지 않아 보인다. 지금의 성과를 인정받았다는 만족감으로 수용하고 다음 성과를 준비하겠다.,수용,0
175,반도체,미미,3,"보상규정을 서면으로 알렸고, 작성 시 종업원과 협의했으며, 결정된 보상액도 서면으로 알림",0,인색,1.0709,S1,0.03,1028059,0.0211,10,26,69,105,침해소송승소,2.8,652.2,1826.2,97.8,273.9,168.9,협상요청,자부심,"회사가 서면 규정과 절차를 갖춘 점은 인정하지만, 이 발명으로 회사가 공시한 이익 1,826.2만원 대비 제가 받은 보상 105만원은 낮아 보입니다. 침해소송 승소로 발명의 가치가 명확해진 만큼, 실적보상 산정에 소송 성과와 제 기여도를 더 반영해 재산정이 필요하다고 판단합니다. 내부 규정 범위 안에서도 추가 보상 여지가 있는지 먼저 협의해 상호 신뢰를 지키고 싶습니다. 협의로 합리적 수준이 어렵다면 그때 법적 절차를 검토하겠습니다.",협상,0
174,제약,핵심,1,보상규정은 있으나 종업원에게 서면으로 알린 적 없음,0,인색,1.0228,S2,0.05,3114725,0.4179,999,2496,6491,9986,이직제안,1.4,65084.9,91118.9,9762.7,13667.8,3681.8,협상요청,자부심,"제약 산업은 특허 독점효과가 큰 편이고(2014다220347), 회사 이익 91,118.9만원 대비 현 보상 9,986만원은 판례상 발명자 공헌도 10~20%(2009다75178) 기준으로 본 9,112~18,224만원 범위의 하단부입니다. 회사가 보상규정을 서면으로 알리지 않아 발명진흥법 제15조 2~4항을 준수하지 못했으므로 제6항의 정당보상 추정이 약화되고, 2023다237514 취지에 따라 승계 이후 사정까지 반영한 재산정 협의 여지도 있습니다. 수용은 하향 고착 우려가 있고, 청구·소송은 수개월~수년의 기간·비용과 함께 독점권 기여율·실시료율(판시례 2~3%) 재산정 시 감액 리스크가 큽니다. 이직제안으로 신속한 정리를 우선해 서면미고지 하자를 지렛대로 15~20% 구간 반영 또는 단계별 추가보상을 요구하는 협상을 먼저 택합니다.",협상,0
177,반도체,보통,2,보상규정을 서면으로 알렸으나 작성·변경 시 종업원과 협의한 적 없음,1,보통,2.5002,S1,0.03,3661447,0.0635,262,654,1700,2616,M&A,3.6,6976.6,25115.8,1046.5,3767.4,1151.4,협상요청,자부심,"보상규정을 서면으로만 통지하고 협의 절차를 거치지 않은 점은 합리성 추정이 약해 추가 보상을 논의할 여지가 있습니다. 공시된 회사 이익(25,115.8만원)에 비해 내가 받은 보상(2,616만원)이 적지 않지만, 반도체 핵심기술의 기여도와 M&A로 증폭된 무형가치까지 고려하면 재산상 이익 산정에 재검토가 필요합니다. 우선 저비용·저위험의 협상으로 신속히 정리하되, 회사가 성의 있게 응하지 않으면 법적 절차 전환을 예고하겠습니다. 내 발명에 대한 정당한 인정과 보상을 분명히 받고 싶습니다.",협상,0
171,제약,핵심,3,"보상규정을 서면으로 알렸고, 작성 시 종업원과 협의했으며, 결정된 보상액도 서면으로 알림",1,보통,2.427,S2,0.05,1756706,0.292,934,2334,6068,9336,침해소송승소,1.9,25644.7,48724.9,3846.7,7308.7,-2027.3,수용,자부심,"제15조 제2~4항 요건(보상규정의 작성·서면통지·협의·보상내역 통지)을 회사가 충족하여 제6항상 정당보상 추정이 작동합니다. 회사 공시 이익 48,724.9만원 대비 수령 보상 9,336만원(약 19.2%)으로, LG생명과학 판결 취지의 발명자 공헌도 10~20% 범위 상단에 근접해 이익·공헌도를 고려한 것으로 평가됩니다. 2023다237514에 비추어 침해소송 승소 등 사후 사정도 고려 대상이나, 이를 반영하더라도 추가 기대 이익은 최대 수백만원 수준으로 청구·소송(수개월~수년, 본인 비용) 대비 실익이 작습니다. 따라서 현 단계에서는 수용이 합리적이며, 추가 인정이나 포상은 비소송적 방식(사내 협의·포상 제안)으로 가볍게 시도하는 것이 적절합니다.",수용,0
169,IT,핵심,0,보상규정 자체가 없음,3,매우후함,9.748,S2,0.02,2434355,0.3544,2523,6308,16399,25230,침해소송승소,4.0,17255.0,69020.0,2588.2,10353.0,-14877.0,수용,자부심,"IT 산업 특성상 대법원 판례상 합리적 실시료율(정보통신 약 2%)과 발명자 공헌도(10~20%)를 적용하면, 사용자 이익 69,020만원을 기초로 한 통상 보상액은 현재 수령한 25,230만원보다 현저히 적습니다. 회사에 보상규정이 없어 법 제15조 제6항의 적정성 추정은 없지만, 이미 지급액이 회사 이익의 약 36%로 판례상 범위를 크게 상회해 추가 청구의 실익이 낮습니다. 침해소송 승소로 인한 이익도 2023다237514의 ‘상당인과관계 있는 이익’ 법리에 따라 기초가 되나, 이를 반영해도 보상액을 더 올릴 근거로 보기 어렵습니다. 청구·소송은 수개월~수년과 비용이 수반되는 반면 기대이익이 제한적이어서 현 단계에서는 수용이 합리적입니다.",수용,0
179,제조,중요,0,보상규정 자체가 없음,2,후함,4.9538,S2,0.03,3865185,0.2033,1751,4378,11385,17514,무효소송승소,2.0,23569.5,47139.0,3535.4,7070.8,-10443.2,수용,손실회피,"제조업 사안에서 회사에 보상규정이 없어 법 제15조 제2~4항 미이행으로 정당보상 추정은 받지 못하지만(제6항 단서), 이는 ‘과소보상’ 구제 수단일 뿐 이미 받은 보상을 줄이는 근거는 아닙니다. 무효소송 승소는 독점력·사용자 이익을 인정하는 요소일 뿐 보상면제 사유가 아니나(2014다220347, 2023다237514), 회사 공시 이익 47,139.0만원 대비 수령 17,514만원은 약 37%로 판례상 실시료율·발명자 공헌도(대체로 2~3%, 10~20%: 2009다75178 등)를 종합한 통상 범위를 현저히 상회합니다. 따라서 추가 청구의 법리상 여지는 크지 않고, 청구·소송에 드는 수개월~수년의 시간과 변호사 비용 대비 기대이익이 제한적입니다. 종합하면 현 보상을 수용하는 것이 실익 측면에서 가장 합리적입니다.",수용,0
178,반도체,보통,0,보상규정 자체가 없음,0,인색,0.8542,S2,0.03,3151880,0.0679,82,206,535,823,M&A,4.2,6424.3,26982.1,963.6,4047.3,3224.3,청구,자부심,"보상규정 부재는 발명진흥법 제15조 제2~4항 위반이며 제6항의 정당보상 추정이 배제되어 추가보상 법적 여지가 큽니다. 공시된 회사 이익 26,982.1만원 대비 제 수령액 823만원은 판례상 발명자 공헌도 10~20% 하한(약 2,698~5,396만원)에도 현저히 미달합니다. M&A 등 승계 이후 사정도 대법원 2023다237514 취지에 비추어 상당인과 있는 이익으로 산입을 주장할 수 있어 보상 범위 확대가 가능합니다. 소송은 기간·비용 부담이 커 우선 내용증명에 의한 정식 보상 청구와 조정을 개시(시효 10년 유의)하고, 불성실 시 소송 전환을 예고하는 단계가 합리적입니다.",청구,0
180,IT,미미,0,보상규정 자체가 없음,1,보통,2.2558,S1,0.02,3858365,0.042,110,274,712,1096,사업화성공,13.2,3239.0,42754.8,485.8,6413.2,5317.2,협상요청,자부심,"보상규정도 없이 제 발명으로 상용화에 성공했고 회사가 약 4.28억 원의 이익을 얻었는데, 제가 받은 보상은 1,096만원(약 2.6%)으로 너무 낮다고 느낍니다. 제 성과에 대한 정당한 인정과 기준에 따른 재산정을 먼저 회사와 원만히 협의해 보고 싶습니다. 관계를 지키되 합리적 보상에 대한 명확한 원칙을 세우는 것이 우선이라고 판단합니다.",협상,0
176,반도체,중요,2,보상규정을 서면으로 알렸으나 작성·변경 시 종업원과 협의한 적 없음,0,인색,1.0372,S2,0.03,3508504,0.259,424,1060,2758,4242,침해소송승소,3.6,27262.5,98145.0,4089.4,14721.8,10479.8,청구,자부심,"보상규정을 서면 통지했더라도 작성·변경 시 종업원과 협의가 없어 발명진흥법 제15조 제3항 위반이고, 제15조 제6항의 ‘정당한 보상’ 추정도 깨집니다. 침해소송 승소로 회사가 얻은 98,145.0만원은 2023다237514 판결 취지상 ‘상당인과관계 있는 이익’에 해당할 여지가 크며, 판례상 발명자 공헌도(10~20%)를 대입하면 현재 수령한 4,242만원은 현저히 부족합니다. 다만 소송은 2~3년 장기전·비용부담이 크므로 우선 사내 절차·조정을 통한 법적 보상 청구로 증액을 요구하고, 협상이 결렬되면 소송을 대비하는 것이 합리적입니다. 소멸시효(10년)를 감안해 청구로 시효를 중단·관리하면서 회사의 자료(이익 산정 근거) 개시를 요구하겠습니다.",청구,0
182,제약,핵심,2,보상규정을 서면으로 알렸으나 작성·변경 시 종업원과 협의한 적 없음,2,후함,4.5621,S1,0.05,2773057,0.4722,4481,11202,29123,44806,사업화성공,16.1,65476.5,1054171.7,9821.5,158125.8,113319.8,협상요청,자부심,"회사 보상규정이 종업원과의 협의 없이 제정·변경되어 합리성에 의문이 듭니다. 발명이 사업화에 성공해 회사가 약 105.4억원의 이익을 얻은 반면 내가 받은 보상은 약 4.48억원으로, 기여 대비 적다고 느낍니다. 우선 관계를 고려해 추가 협의를 요청해 자료 공개와 산정 근거를 검증하겠습니다. 합리적 조정이 이뤄지지 않으면 법적 청구로 전환하겠다는 입장도 함께 밝히겠습니다.",협상,0
181,IT,보통,1,보상규정은 있으나 종업원에게 서면으로 알린 적 없음,2,후함,5.5039,S2,0.02,1972161,0.089,290,724,1884,2898,무효소송승소,1.1,3509.7,3860.7,526.5,579.1,-2318.9,수용,손실회피,"IT 분야에서는 대법원 2014다220347의 2% 실시료율과 2009다75178의 발명자 공헌도 10~20%가 참작되므로, 공시된 사용자 이익 3,860.7만원 기준의 정당보상은 통상 수백만원대에 그치는데 저는 이미 2,898만원을 수령했습니다. 회사가 보상규정을 서면 고지하지 않아 발명진흥법 제15조 제6항의 면책은 어렵지만, 이는 절차상 하자일 뿐 실질 보상액을 더 늘릴 사유로 보기 곤란합니다. 무효소송 승소는 2023다237514의 ‘상당인과관계 있는 이익’ 판단에 유리한 사정이나, 그를 감안해도 추가 보상 기대치는 매우 낮고 청구·소송의 시간·비용 부담이 큽니다. 협상요청으로 절차 개선을 요구할 수는 있으나 금전적 추가 실익이 미미하므로 현 보상을 수용합니다.",수용,0
185,제조,미미,3,"보상규정을 서면으로 알렸고, 작성 시 종업원과 협의했으며, 결정된 보상액도 서면으로 알림",0,인색,1.0665,S1,0.03,4660919,0.0454,102,254,661,1017,라이선스수입,7.9,6355.1,50205.3,953.3,7530.8,6513.8,협상요청,자부심,"회사 공시에 따르면 이 발명으로 얻은 이익이 약 5억 원대인데, 내가 받은 보상은 1,017만원으로 체감상 기여 대비 낮습니다. 다만 보상규정이 절차적으로 갖춰져 있어 곧바로 소송을 가기보다는 규정의 합리성과 산정기준(라이선스 이익, 발명 공헌율 등)을 근거로 추가 협의를 요청하겠습니다. 협의를 통해 공헌율 재평가와 성과연동 보상 보완을 제안해 원만히 정리하고 싶습니다. 합의가 불발될 경우에만 법적 청구를 검토하겠습니다.",협상,0
183,제약,보통,0,보상규정 자체가 없음,3,매우후함,9.8759,S1,0.05,1674355,0.1118,1386,3466,9013,13865,M&A,5.6,9359.3,52412.1,1403.9,7861.8,-6003.2,협상요청,자부심,"회사에 공식 보상규정이 없는 상황에서 제 발명이 기여한 가치가 M&A 과정에서 충분히 반영됐는지 확인이 필요합니다. 공시 기준 이익 대비 현재 보상 비율이 적지 않지만, M&A 프리미엄 등 회사가 추가로 얻은 이익이 존재할 수 있습니다. 소송 전 단계에서 자료 공유와 산정기준 협의를 통해 합리적 보상 범위를 재조정하도록 회사에 추가 협의를 요청하겠습니다.",협상,0
187,제조,중요,1,보상규정은 있으나 종업원에게 서면으로 알린 적 없음,1,보통,2.4146,S2,0.03,4892051,0.125,664,1661,4320,6645,무효소송승소,1.8,18347.6,33025.7,2752.1,4953.9,-1691.1,수용,자부심,"제조업에서의 통상 실시료율과 독점권 기여율을 반영하면 사용자 이익 전액을 기준으로 보상액을 산정하기 어렵고(대법원 2009다75178, 2014다220347), 승계 후 사정도 함께 고려하는 최근 법리(2023다237514)에 비추어 추가 상향 폭은 제한적입니다. 회사가 보상규정을 서면 통지하지 않아 발명진흥법 제15조 제6항의 ‘정당한 보상’ 추정은 어렵지만, 이미 수령한 6,645만원은 공시 이익 33,025.7만원에 판례상 발명자 공헌도 10~20%를 적용한 상단(6,605만원)을 소폭 상회합니다. 무효소송 승소는 독점력 유지라는 유리한 요소이나, 그 과정의 비용·위험을 함께 참작하면 추가 법적 청구의 기대이익이 크지 않습니다. 청구·소송에 드는 시간(수개월~2~3년)과 비용 대비 실익이 낮아 현재 보상을 수용하는 것이 합리적입니다.",수용,0
188,IT,핵심,3,"보상규정을 서면으로 알렸고, 작성 시 종업원과 협의했으며, 결정된 보상액도 서면으로 알림",2,후함,4.4351,S2,0.02,2892728,0.477,1836,4589,11932,18357,M&A,3.8,27594.3,104858.3,4139.1,15728.7,-2628.3,협상요청,자부심,"IT 산업 특성상 2014다220347에서 본 2% 수준의 실시료율 등으로 독점권 기여율이 보수적으로 산정되는 경향이 있고, 회사는 제15조 제2~4항 요건(서면 고지·협의·서면 통지)을 충족해 제15조 제6항의 정당보상 추정이 작동합니다. 다만 발명 후 M&A가 있었다는 점은 2023다237514 법리에 따라 ‘상당인과관계 있는 이익’에 포함될 수 있어 추가 반영 여지가 있으나, 그 입증과 귀속비율 산정이 쉽지 않습니다. 회사 공시 기준 이익 대비 수령액(18,357만원)은 판례상 발명자 공헌도 10~20% 범위(10,486~20,972만원)의 상단에 근접하여 소송으로 얻을 가산 여지가 크지 않고, 소송 비용·기간 부담이 큽니다. 따라서 우선 회사에 계산기준과 M&A 반영 여부의 투명 공개 및 소폭 상향을 요청하는 협상을 진행하는 것이 비용 대비 실익이 가장 큽니다.",협상,0
186,IT,미미,0,보상규정 자체가 없음,3,매우후함,10.4895,S2,0.02,2636058,0.0401,333,832,2163,3328,M&A,5.6,2115.3,11845.7,317.3,1776.9,-1551.1,수용,손실회피,"보상규정이 없어 제15조 제2~4항 준수에 따른 정당보상 추정은 적용되지 않지만, 이미 수령한 3,328만원은 공시 이익 11,845.7만원에 판례상 발명자 공헌도(10~20%)만 적용해도 산출되는 범위(1,185~2,369만원)를 상당히 상회합니다. 정보통신 분야에서 대법원은 실시료율 2% 등 낮은 독점권 기여율을 인정해 온 점(2014다220347)을 감안하면, 소송 시 추가 보상 폭은 크지 않거나 오히려 감액될 위험도 있습니다. M&A로 인한 이익도 2023다237514 취지에 따라 ‘상당 인과관계’ 입증이 필요하고, 전부를 발명 이익으로 보기 어려워 소요 시간·비용 대비 실익이 제한적입니다. 따라서 현 보상을 수용하되, 향후 회사에 보상규정 마련 및 서면 통지를 요구하는 수준의 협의를 병행하는 것이 합리적입니다.",수용,0
192,반도체,보통,3,"보상규정을 서면으로 알렸고, 작성 시 종업원과 협의했으며, 결정된 보상액도 서면으로 알림",3,매우후함,10.9145,S1,0.03,4557808,0.1159,2594,6484,16858,25936,무효소송승소,1.3,15841.7,20594.2,2376.3,3089.1,-22846.9,수용,자부심,"이미 수령한 보상 25,936만원은 회사가 공시한 이 발명으로 인한 이익 20,594.2만원을 상회해 추가 청구의 실익이 거의 없습니다. 회사는 보상규정을 사전에 서면 고지하고 협의했으며, 보상액도 서면으로 통지하는 등 절차적 정당성을 갖추었습니다. 또한 무효소송 승소로 회사가 권리를 지키기 위해 부담한 리스크와 기여가 확인되어 내부 규정에 따른 보상이 합리적으로 보입니다. 내 성과가 충분히 인정받았다고 판단해 현 보상을 수용합니다.",수용,0
184,IT,미미,2,보상규정을 서면으로 알렸으나 작성·변경 시 종업원과 협의한 적 없음,1,보통,2.2955,S2,0.02,3783793,0.0262,68,171,445,684,사업화성공,18.3,1986.4,36351.1,298.0,5452.7,4768.7,청구,자부심,"보상규정은 서면 통지되었으나 종업원과의 협의가 없어 발명진흥법 제15조 제3항 미이행 소지가 크고, 이에 따라 제15조 제6항의 정당보상 추정도 깨집니다. 사업화 성공으로 회사가 36,351.1만원의 이익을 얻었는데 지급된 684만원은 현저히 낮아, ‘상당인과관계 있는 이익’을 기준으로 보상액을 산정할 수 있고(대법원 2023다237514), 업종 판례상 실시료율 2% 전후 및 발명자 공헌도 10~20%가 일반적이므로(2009다75178, 2014다220347) 추가 보상 여지가 큽니다. 수용은 명백히 불리하고 단순 협상요청은 강제력이 약한 반면, 소송은 승산이 있더라도 2~3년 소요·비용 부담이 커서, 먼저 사내·조정 절차를 통한 보상청구로 자료개시와 산정기준 재검토를 압박하는 편이 시간·비용 대비 효과적입니다. 소멸시효 10년(2009다75178)을 유의하면서, 청구 결과에 따라 소송 전환을 준비하는 전략이 합리적입니다.",청구,0
193,제약,핵심,0,보상규정 자체가 없음,1,보통,2.7406,S1,0.05,2909683,0.3045,1821,4553,11839,18213,이직제안,1.1,44304.6,48735.1,6645.7,7310.3,-10902.7,협상요청,자부심,"회사에 공식 보상규정이 없는 상황에서, 제 발명이 창출한 이익 규모를 고려하면 보상 산정 근거와 구조를 투명하게 재정렬할 필요가 있다고 느꼈습니다. 이미 의미 있는 금액을 받았지만, 기여율·이익산정 기준·향후 로열티/성과배분 체계를 명확히 하며 제 공헌을 정당하게 인정받고 싶습니다. 동시에 이직 제안이 있는 만큼 잔류 인센티브와 성장 기회를 포함한 패키지 협상을 시도하겠습니다. 협의가 결렬될 경우에는 법적 절차를 검토한다는 입장도 분명히 하겠습니다.",협상,0
189,반도체,보통,3,"보상규정을 서면으로 알렸고, 작성 시 종업원과 협의했으며, 결정된 보상액도 서면으로 알림",0,인색,1.0625,S2,0.03,3089785,0.0689,102,254,661,1017,M&A,2.5,6382.3,15955.8,957.3,2393.4,1376.4,협상요청,자부심,"보상규정을 서면 통지·협의·개별통지 했으므로 제15조 2~4항 요건을 충족해 원칙적으로 제15조 6항의 정당보상 추정이 작동합니다. 다만 회사 공시 이익 15,955.8만원 대비 수령 1,017만원은 판례상 발명자 공헌도 10~20% 기준(1,596~3,191만원) 하한에도 못 미쳐 이익·공헌 고려가 불충분했을 가능성이 있어 예외사유를 주장할 여지가 있습니다. M&A와 최신 법리의 ‘상당인과관계 있는 이익’까지 반영하면 추가 산정 여지도 있으나, 인과·기여율 입증 부담이 있고 곧바로 소송할 만큼 금액 대비 비용·기간(2~3년, 변호사비용)이 큽니다. 따라서 우선 회사에 보상 산정근거(이익, 독점권·기여율·공헌도 반영 여부) 공개를 요구하며 추가 협의를 시도하고, 불수용 시 사내·조정 절차(청구)로 단계적 대응이 합리적입니다.",협상,0
191,제조,미미,2,보상규정을 서면으로 알렸으나 작성·변경 시 종업원과 협의한 적 없음,1,보통,2.5463,S2,0.03,3402818,0.0299,117,292,757,1166,침해소송승소,1.6,3051.7,4882.7,457.8,732.4,-433.6,수용,손실회피,"보상규정은 서면 통지되었으나 제15조 3항의 협의가 없어 제15조 6항의 정당보상 추정은 곤란하지만, 결국 보상액의 합리성이 핵심입니다. 회사 공시 이익 4,882.7만원에 판례상 발명자 공헌도 10~20%를 적용하면 488~977만원인데, 이미 수령한 1,166만원은 이를 상회합니다(2009다75178, 2014다220347). 침해소송 승소로 이익의 상당인과관계는 인정되나(2023다237514), 공시된 금액을 넘는 추가 이익 입증 없이는 청구·소송의 기대이익이 작고 시간·비용 부담이 큽니다. 따라서 추가 분쟁보다 현 보상을 수용하는 것이 합리적입니다.",수용,0
190,제약,보통,0,보상규정 자체가 없음,0,인색,1.0006,S2,0.05,3787138,0.0903,257,642,1667,2566,무효소송승소,1.4,17094.8,23932.7,2564.2,3589.9,1023.9,청구,손실회피,"제약 업종 특성과 무효소송 승소를 감안하면 발명의 독점력 기여가 인정될 여지가 커 ‘상당인과관계 있는 이익’은 존재합니다. 회사는 보상규정이 없어 제15조 제2~4항의 안전장치가 적용되지 않으므로 현재 지급액이 ‘정당한 보상’으로 추정되지 않습니다. 다만 공시 이익 23,932.7만원 대비 기수령 2,566만원은 판례상 발명자 공헌도 10~20% 범위의 하한에 근접해 추가 상향 폭이 크지 않고, 법원은 실시료율·기여율을 낮게 볼 위험이 있어 소송의 비용·기간 대비 기대이익이 제한적입니다. 따라서 사내 절차·조정으로 추가 보상을 공식 청구(예: 총 15% 내지 상한 20% 근접분)하며 합의를 우선 시도하는 것이 합리적입니다.",청구,0
194,제약,보통,1,보상규정은 있으나 종업원에게 서면으로 알린 적 없음,3,매우후함,10.1482,S1,0.05,1458372,0.0792,879,2198,5713,8790,사업화성공,14.8,5774.4,85461.1,866.2,12819.2,4029.2,협상요청,자부심,"회사에 보상규정은 있으나 종업원에게 서면 통지가 없었으므로 정당한 보상 범위에 대해 추가 협의 여지가 있다고 판단했습니다. 사업화가 성공해 회사 이익이 85,461.1만원으로 공시된 만큼, 현재 보상 8,790만원을 성과연동 기준으로 보완할 필요가 있습니다. 우선 관계를 유지하며 실제 이익과 공헌도를 반영한 추가 보상을 협상하고, 협의가 불성실할 경우 법적 절차도 검토하겠습니다.",협상,0
196,반도체,미미,0,보상규정 자체가 없음,3,매우후함,10.1025,S2,0.03,4981496,0.0322,730,1824,4744,7298,무효소송승소,1.5,4816.1,7224.2,722.4,1083.6,-6214.4,수용,손실회피,"보상규정이 없어 제15조 제6항의 ‘정당보상 추정’은 적용되지 않지만, 법원은 사용자 이익과 공헌도를 중심으로 정당보상을 산정합니다. 대법원 2009다75178 등 취지(실시료율 2~3%, 발명자 공헌도 10~20%)와 업종 특성을 감안하면, 회사 공시 이익 7,224.2만원 대비 정당보상은 약 722~1,445만원이 통상 범위입니다. 저는 이미 7,298만원을 받아 회사 이익 및 통상 범위를 현저히 상회하고, 무효소송 승소는 의무 면제 사유가 아니더라도(2014다220347) 2023다237514의 ‘상당인과관계 있는 이익’ 법리상 추가 청구 인정 가능성은 낮으며 과다지급 반소 위험이 있습니다. 소송·청구는 시간·비용 대비 실익이 미미하므로 현 보상을 수용하고, 별개로 향후 보상규정 마련 협의를 요구하는 것이 현실적입니다.",수용,0
200,반도체,보통,0,보상규정 자체가 없음,3,매우후함,9.7833,S1,0.03,3058958,0.1078,1452,3630,9438,14520,사업화성공,9.0,9894.5,89050.5,1484.2,13357.6,-1162.4,협상요청,자부심,"보상규정이 없는 상태에서 제 발명이 사업화되어 회사에 큰 이익이 발생했는데, 현재 보상은 그 성과 대비 충분하지 않다고 판단합니다. 이미 의미 있는 금액을 받았지만, 합리적 기준과 기여도를 근거로 추가 보상을 논의하는 것이 공정합니다. 소송에 앞서 관계를 유지하며 투명한 수치 검증과 정산을 위한 추가 협의를 요청하겠습니다.",협상,0
195,IT,보통,0,보상규정 자체가 없음,2,후함,5.2999,S2,0.02,4766967,0.0687,520,1301,3384,5205,이직제안,1.0,6547.6,6547.6,982.1,982.1,-4222.9,수용,손실회피,"IT 업종 특성상(대법원 2014다220347) 합리적 실시료율을 낮게 보는 경향이 있어 사용자 이익 산정 기초가 크지 않습니다. 회사에 보상규정이 없어 발명진흥법 제15조 제6항의 ‘정당보상 추정’은 적용되지 않지만, 회사 공시 이익 6,547.6만원에 판례상 발명자 공헌도 10~20%만 적용해도 655~1,310만원 수준으로, 제가 이미 받은 5,205만원을 크게 밑돕니다. 더구나 2023다237514의 ‘상당인과관계 있는 이익’ 법리에 따르면 산정 기초가 추가로 축소될 여지가 큽니다. 청구·소송의 시간·비용 대비 추가 실익이 사실상 없고(이직 기회도 고려), 현재 보상을 받아들이는 것이 합리적입니다.",수용,0
199,제약,보통,3,"보상규정을 서면으로 알렸고, 작성 시 종업원과 협의했으며, 결정된 보상액도 서면으로 알림",2,후함,4.8108,S1,0.05,712399,0.0704,181,452,1177,1810,사업화성공,18.8,2508.6,47161.7,376.3,7074.3,5264.3,협상요청,자부심,"회사는 보상규정을 성실히 운영했지만, 사업화로 발생한 47,161.7만원의 이익에 비해 내가 받은 1,810만원은 낮은 편이라 판단했다. 직무발명 보상의 취지와 업계 관행을 감안하면 추가 성과 공유가 타당하므로 우선 내부 협상을 통해 합리적인 조정을 요구하겠다. 원만한 합의 가능성이 있다고 보고, 불가 시에만 법적 절차를 검토하는 단계적 접근이 합리적이라 판단했다.",협상,0
197,반도체,미미,0,보상규정 자체가 없음,3,매우후함,9.3488,S2,0.03,1675253,0.0312,220,551,1432,2203,M&A,6.9,1570.5,10836.5,235.6,1625.5,-577.5,수용,자부심,"반도체 분야 직무발명 보상은 판례상 실시료율 2~3%, 발명자 공헌도 10~20% 경향이며, 무효나 공지기술은 주로 기여율 참작 사유입니다. 회사에 보상규정이 없어 제15조 제6항의 정당보상 추정은 없지만, 공시된 사용자 이익(10,836.5만원)에 비해 내가 받은 2,203만원은 판례상 공헌도 상한(약 2,167만원)을 이미 상회합니다. M&A로 인한 추가가치도 2023다237514에 따라 주장 여지는 있으나, 인과·기여율 입증 부담과 소송(2~3년)·비용 대비 추가 실익이 제한적입니다. 따라서 현 보상은 합리 범위로 보아 수용하되, 별도로 회사에 법정 보상규정의 작성·통지 의무 이행을 요구하는 선에서 마무리합니다.",수용,0
201,반도체,핵심,2,보상규정을 서면으로 알렸으나 작성·변경 시 종업원과 협의한 적 없음,0,인색,0.9532,S2,0.03,3120916,0.4696,629,1572,4086,6287,사업화성공,19.5,43970.1,857416.9,6595.5,128612.5,122325.5,청구,자부심,"보상규정은 서면 고지는 했으나 제15조 제3항상의 ‘협의’ 절차가 없어 제15조 제6항의 적정보상 추정이 약하고, 보상액 산정도 사용자 이익·공헌도를 충분히 반영하지 못한 정황입니다. 사업화 성공으로 회사 이익 857,416.9만원 대비 수령 6,287만원은 대법 2009다75178·2014다220347의 실시료율·공헌도 범위 및 2023다237514의 ‘상당인과관계 있는 이익’ 법리에 비추어 현저히 낮습니다. 우선 사내·조정 절차로 정식 보상 청구를 하여 회사 이익, 독점권 기여율, 발명자 공헌도를 반영한 재산정을 요구하고(시효 10년 유의), 근거자료 제출을 촉구하는 것이 비용·시간 대비 실익이 큽니다. 회사가 불응하거나 저보상 고수를 할 경우에만 소송으로 전환하는 단계적 대응이 합리적입니다.",청구,0
198,반도체,보통,3,"보상규정을 서면으로 알렸고, 작성 시 종업원과 협의했으며, 결정된 보상액도 서면으로 알림",1,보통,2.3468,S2,0.03,1181206,0.0801,100,250,649,999,침해소송승소,3.5,2837.1,9929.9,425.6,1489.5,490.5,협상요청,자부심,"회사가 제15조 제2~4항 절차를 갖췄으므로 제6항에 따른 정당보상 추정은 성립하되, 금액이 사용자 이익과 공헌도를 제대로 반영했는지가 핵심입니다. 반도체 업종 특성상 대법원 2014다220347(2%)·2009다75178(3%)의 취지를 참고하되, 2023다237514에 따라 침해소송 승소로 발생한 이익도 ‘상당인과관계 있는 이익’으로 사용자 이익에 포함될 수 있습니다. 공시 이익 9,929.9만원 대비 수령 999만원은 발명자 공헌도 하한(약 10%)과 유사해 범위 내이나 하단에 머무릅니다. 소송은 장기·비용 대비 추정 번복 부담이 커 비효율적이므로, 승소이익 반영 및 공헌도 상향(중간값 부근) 재산정을 전제로 추가 협의를 요청하는 편이 실익이 큽니다.",협상,0
204,제조,보통,0,보상규정 자체가 없음,1,보통,2.8536,S1,0.03,3528368,0.0532,241,602,1567,2410,이직제안,1.1,5631.5,6194.7,844.7,929.2,-1480.8,협상요청,자부심,"회사에 보상규정이 없어 제도 정비와 내 기여에 대한 명확한 인정을 받는 협의가 필요하다고 느꼈습니다. 회사가 6,194.7만원의 이익을 얻었고 나는 2,410만원을 받았지만, 기여도와 귀속이익 산정 기준을 투명하게 합의하고 싶습니다. 이직제안이 있는 만큼 합리적 보상과 향후 역할/유지보상에 대해 대화를 통해 윈윈을 모색하겠습니다. 당장은 소송보다 신속한 추가 협의로 관계를 유지하면서 가능성을 최대화하는 것이 낫다고 판단했습니다.",협상,0
206,제조,미미,2,보상규정을 서면으로 알렸으나 작성·변경 시 종업원과 협의한 적 없음,3,매우후함,11.3482,S1,0.03,2640725,0.0232,312,780,2030,3122,무효소송승소,1.9,1834.2,3485.0,275.1,522.8,-2599.2,수용,자부심,"회사 공시 이익 3,485만원 대비 내가 받은 3,122만원은 약 90%로 통상 보상 수준을 크게 상회합니다. 무효소송 승소로 발명의 가치와 회사의 기여도도 확인되었고, 추가 분쟁으로 얻을 실익이 크지 않습니다. 규정 제정·변경 시 협의가 없었던 점은 아쉽지만, 이번에는 관계와 효율을 고려해 현 보상을 수용하겠습니다. 다만 앞으로는 제도 개선과 투명한 협의를 정식으로 요청할 생각입니다.",수용,0
207,반도체,미미,3,"보상규정을 서면으로 알렸고, 작성 시 종업원과 협의했으며, 결정된 보상액도 서면으로 알림",1,보통,2.7634,S1,0.03,2161233,0.0266,72,179,465,716,침해소송승소,3.5,1727.3,6045.6,259.1,906.8,190.8,협상요청,자부심,"회사 보상규정이 서면·협의 절차를 갖추었고, 현재 보상액이 회사 공개 이익 대비 약 12% 수준이라 전적으로 불합리하진 않다고 봅니다. 다만 침해소송 승소로 확정 이익이 발생한 만큼, 그 실적을 반영한 추가보상이나 성과급 조정은 타당하다고 판단합니다. 불필요한 분쟁보다는 관계를 유지하며 데이터에 근거한 재협의를 시도하겠습니다. 제 발명이 회사 성과에 기여한 만큼 정당한 인정과 보상을 받고 싶습니다.",협상,0
203,반도체,보통,1,보상규정은 있으나 종업원에게 서면으로 알린 적 없음,3,매우후함,9.5684,S2,0.03,4480623,0.0835,1612,4029,10474,16115,라이선스수입,9.3,11228.3,104423.2,1684.2,15663.5,-451.5,협상요청,자부심,"보상규정은 있으나 서면 통지가 없어 발명진흥법 제15조 제2항을 충족하지 못해 제15조 제6항의 ‘정당보상’ 추정이 깨지므로 추가 조정 여지가 있습니다. 사용자 이익 104,423.2만원에 판례상 발명자 공헌도 10~20%(대법 2009다75178 등)를 적용한 합리적 범위는 10,442~20,885만원이고, 기수령 16,115만원은 중간대이지만 상한 대비 증액 여지가 있습니다. 이익은 라이선스수입으로 발명과 상당인과관계가 인정될 수 있어(대법 2023다237514) 추가 보상 논거가 있으나, 즉시 소송은 2~3년 소요·본인 부담 비용 대비 기대 증액 폭이 제한적입니다. 따라서 먼저 회사에 보상기준·산정근거의 서면 통지와 상한에 근접한 추가분 지급을 요구하고, 불성립 시 시효(10년, 2009다75178) 내에 청구·소송을 순차 검토하겠습니다.",협상,0
205,반도체,핵심,1,보상규정은 있으나 종업원에게 서면으로 알린 적 없음,0,인색,0.8631,S2,0.03,1913871,0.4378,326,814,2115,3255,M&A,6.3,25138.9,158375.1,3770.8,23756.3,20501.3,청구,자부심,"반도체 산업 특성상 실시료율이 낮더라도 회사 공시 이익 158,375.1만원 대비 현재 수령액 3,255만원은 현저히 적어, 판례상 발명자 공헌도 10~20%를 감안해도 추가보상 여지가 큽니다. 회사가 보상규정을 서면으로 알린 사실이 없어 발명진흥법 제15조 제6항의 정당보상 추정이 깨지고, 보상액은 사용자 이익과 공헌도를 반영해 재산정되어야 합니다. M&A로 인한 프리미엄도 2023다237514에 따른 상당인과관계가 인정되면 사용자 이익에 포함될 수 있어 협상 지렛대가 됩니다. 소멸시효 10년(2009다75178)을 의식해 신속히 사내 청구·조정으로 기록을 남기고 증거를 모은 뒤 필요시 소송을 검토하기 위해 ‘청구’를 선택합니다.",청구,0
202,IT,보통,2,보상규정을 서면으로 알렸으나 작성·변경 시 종업원과 협의한 적 없음,3,매우후함,8.6753,S2,0.02,1304067,0.069,234,586,1523,2343,이직제안,1.1,1800.8,1980.9,270.1,297.1,-2045.9,수용,손실회피,"IT 산업 특성과 대법원 2014다220347(정보통신 2%)·발명자 공헌도 10~20% 기준을 적용하면, 회사 공시 이익 1,980.9만원 대비 통상 제 몫은 198~396만원 수준인데 이미 2,343만원을 수령해 회사 이익 및 통상 보상범위를 크게 상회합니다. 사용자가 보상규정을 서면 통지했으나 제15조 제3항 협의 의무를 지키지 않아 제15조 제6항의 면책 성립은 의문이지만, 같은 조 단서에 따른 실질 판단(사용자 이익·공헌도 고려)으로도 추가 보상을 뒷받침하기 어렵습니다. 이직제안은 2023다237514의 ‘상당인과관계 있는 이익’ 범위와 직접 관련이 약하고, 소송을 택해도 2009다91507의 공지기술 항변 등으로 산정 이익이 축소될 위험과 2~3년 소요·변호사비 부담이 큽니다. 따라서 협상요청·청구·소송 대비 실익이 작아 현 보상을 수용함이 합리적입니다.",수용,0
209,반도체,중요,1,보상규정은 있으나 종업원에게 서면으로 알린 적 없음,0,인색,0.9784,S1,0.03,4165551,0.2709,497,1242,3229,4968,침해소송승소,4.6,33849.5,155707.7,5077.4,23356.2,18388.2,청구,배신감,보상규정이 있으면서도 서면으로 공지하지 않은 점은 신뢰를 깨고 보상의 정당성에 의문을 갖게 합니다. 침해소송 승소로 회사가 얻은 경제적 이익이 큰데 비해 현재 받은 보상은 현저히 낮습니다. 정당한 기준에 따른 재산정을 위해 법적 보상 청구 절차를 곧바로 개시하겠습니다. 이를 통해 협상력과 권리보전을 확보한 뒤 필요시 추가 조치를 검토하겠습니다.,청구,0
210,반도체,핵심,2,보상규정을 서면으로 알렸으나 작성·변경 시 종업원과 협의한 적 없음,2,후함,5.6456,S1,0.03,2720670,0.3875,2679,6696,17411,26786,사업화성공,6.6,31630.0,208758.0,4744.5,31313.7,4527.7,협상요청,자부심,"내 발명이 사업화에 성공해 회사가 공시 기준으로 208,758.0만원의 이익을 거둔 만큼, 제 공헌에 상응하는 정당한 보상이 필요하다고 느낍니다. 지금까지 받은 26,786만원은 의미 있지만, 보상규정을 정할 때 종업원과 협의가 없었다면 그 공정성에 의문이 있습니다. 우선 협상을 통해 합리적인 추가 보상을 모색하고, 필요시 다음 단계 조치를 검토하려 합니다.",협상,0
212,제조,중요,0,보상규정 자체가 없음,0,인색,1.075,S1,0.03,3291599,0.2057,328,819,2129,3276,무효소송승소,1.5,20316.4,30474.6,3047.5,4571.2,1295.2,협상요청,자부심,"발명으로 회사가 큰 이익을 올렸고, 저는 의미 있는 보상을 받았지만 보상규정이 부재한 상황에서 합리적 보상 재산정의 여지가 있습니다. 특히 무효소송 승소로 특허의 기여도와 독점력이 확인되어 제 기여율을 재평가할 근거가 충분합니다. 소송에 앞서 추가 보상과 보상규정 수립을 공식적으로 협의해 관계를 유지하며 정당한 인정을 받고자 합니다. 협상이 원만히 이뤄지지 않을 경우 법적 절차 검토 의사도 함께 전달하겠습니다.",협상,0
211,제조,보통,1,보상규정은 있으나 종업원에게 서면으로 알린 적 없음,3,매우후함,9.6006,S1,0.03,2513167,0.1001,1087,2717,7065,10869,라이선스수입,4.7,7547.6,35473.7,1132.1,5321.1,-5547.9,협상요청,자부심,"회사가 공시한 이익 대비 약 30% 수준의 보상을 받았지만, 보상규정을 서면으로 통지하지 않은 절차적 흠결이 있어 정당성에 대한 추가 논의가 필요합니다. 라이선스 수입이 지속되거나 파생 이익이 더 커질 수 있으므로 잔여 보상과 향후 분배 기준을 합리적으로 재산정하자고 제안하겠습니다. 내 기여가 컸다고 자부하며 그에 걸맞은 투명한 기준과 공식적인 인정이 필요합니다. 우선 원만한 협의를 시도하고, 미진하면 그다음 수단을 검토하겠습니다.",협상,0
218,IT,보통,2,보상규정을 서면으로 알렸으나 작성·변경 시 종업원과 협의한 적 없음,1,보통,2.7745,S1,0.02,1117756,0.0518,48,120,314,482,라이선스수입,7.3,1157.3,8448.3,173.6,1267.2,785.2,협상요청,자부심,"보상규정 제·개정 시 종업원과의 협의가 없었던 점에서 현 보상의 합리성 추정이 약하다고 봅니다. 발명으로 회사가 얻은 이익(8,448.3만원)에 비해 내가 받은 482만원은 비율상 낮아 보입니다. 먼저 회사와 추가 협의를 통해 이익, 발명 기여도, 회사 공헌도를 반영한 합리적 보상 재산정을 요구하겠습니다. 협의가 불성실하거나 결렬될 경우 법적 청구를 검토한다는 전제를 분명히 하겠습니다.",협상,0
215,IT,중요,0,보상규정 자체가 없음,0,인색,1.0242,S2,0.02,3908892,0.267,321,802,2083,3206,M&A,7.4,20870.4,154441.0,3130.6,23166.1,19960.1,청구,자부심,"회사에는 보상규정이 없어 발명진흥법 제15조 제2~4항을 위반하였고, 제6항의 정당보상 추정도 적용되지 않아 추가보상 청구의 법적 근거가 강합니다. 공시된 이익 154,441.0만원 대비 현재 보상 3,206만원은 판례상 발명자 공헌도(10~20%)와 정보통신 분야의 통상적 요소를 감안해도 현저히 부족합니다. M&A로 인한 가치도 2023다237514 판례에 따라 발명과의 상당인과관계가 인정되는 한 이익에 포함될 수 있어, 자료제출과 산정 방식 협의를 요구하는 ‘청구’ 절차가 비용·시간 면에서 유리합니다. 소멸시효 10년(2009다75178) 내라면 즉시 청구를 개시하고, 불응·저보상 시 소송 전환을 예고하는 단계적 접근이 합리적입니다.",청구,0
219,반도체,핵심,3,"보상규정을 서면으로 알렸고, 작성 시 종업원과 협의했으며, 결정된 보상액도 서면으로 알림",3,매우후함,11.1352,S1,0.03,3142125,0.3594,5659,14148,36784,56591,무효소송승소,1.1,33881.1,37269.2,5082.2,5590.4,-51000.6,수용,자부심,"회사가 보상규정을 사전에 서면 고지·협의했고, 결정도 투명하게 통지해 절차가 적정했습니다. 공시상 회사 이익(약 3.7억)에 비해 제가 받은 보상(약 5.7억)은 이미 매우 후한 수준입니다. 또한 무효소송 승소에는 회사의 기여도 크므로 추가 청구의 명분과 여지는 제한적입니다. 성과가 충분히 인정받았다고 느끼며 관계를 안정적으로 유지하기 위해 수용합니다.",수용,0
216,제약,중요,1,보상규정은 있으나 종업원에게 서면으로 알린 적 없음,2,후함,5.2716,S1,0.05,2991483,0.1773,2097,5242,13629,20968,M&A,4.3,26517.2,114024.0,3977.6,17103.6,-3864.4,협상요청,자부심,"보상규정이 있었지만 서면 고지가 없었던 점은 회사 규정의 구속력을 약화시켜 제 협상력을 높입니다. 공시 기준 회사 이익 114,024만원 대비 수령액 20,968만원은 의미 있으나, M&A 과정에서 발명이 창출한 가치가 충분히 반영됐는지는 불분명합니다. 우선 근거 자료를 확인하며 기여율·발명 공헌도·M&A 프리미엄 반영 여부를 재검토하는 추가 협의를 요청하겠습니다. 협의가 원만히 정리되지 않을 경우에 한해 법적 절차를 검토하겠습니다.",협상,0
214,제약,미미,0,보상규정 자체가 없음,1,보통,2.418,S2,0.05,4793074,0.0275,239,597,1553,2389,라이선스수입,9.2,6587.4,60604.1,988.1,9090.6,6701.6,청구,자부심,"제약업종이고 발명 이후 실제 라이선스수입(60,604.1만원)이 발생하여 대법원 2023다237514의 ‘상당인과관계 있는 이익’에 해당할 가능성이 높으며, 현재 보상 2,389만원은 판례상 발명자 공헌도 10~20%만 적용해도 예상 범위(6,060~12,121만원)에 크게 못 미칩니다. 회사에는 보상규정이 없어 발명진흥법 제15조 제2~4항을 이행하지 않았으므로 제6항의 ‘정당한 보상 간주’가 적용되지 않아 추가 보상 요구의 정당성이 큽니다. 수용은 과소보상을 고착시킬 위험이 있고, 단순 협상요청은 규정 부재 상황에서 실효성이 낮을 수 있는 반면, 청구는 비교적 적은 비용·기간으로 공식 절차와 자료개시를 촉구해 협상력을 높일 수 있습니다. 따라서 우선 회사에 법정 기준(사용자 이익·공헌도)을 근거로 증액을 청구하고, 응답이 미흡하면 소송을 예고해 로열티율·독점권 기여율 산정자료를 요구하는 단계적 접근이 합리적입니다.",청구,0
217,제조,미미,2,보상규정을 서면으로 알렸으나 작성·변경 시 종업원과 협의한 적 없음,2,후함,4.4255,S1,0.03,4391621,0.044,385,962,2501,3848,침해소송승소,2.1,5796.3,12172.2,869.4,1825.8,-2022.2,청구,배신감,"회사 보상규정을 서면 통지했지만 제정·변경 시 협의가 없었던 점에서 규정의 합리성과 구속력에 의문이 듭니다. 이 발명으로 회사가 공시한 이익이 12,172.2만원이고 침해소송에서도 승소해 기여가 분명한데, 내가 받은 보상 3,848만원은 이에 비해 부족하다고 판단합니다. 우선 법정 요건에 맞춘 직무발명 보상금 청구 절차를 개시해 합리적 산식과 기여율을 재산정받겠습니다. 협의가 원만치 않으면 그다음 단계로 갈 여지를 남기되 지금은 권리를 명확히 주장하는 것이 맞습니다.",청구,0
220,IT,보통,0,보상규정 자체가 없음,3,매우후함,9.4312,S1,0.02,3396782,0.0783,753,1882,4895,7530,이직제안,1.4,5322.5,7451.5,798.4,1117.7,-6412.3,수용,자부심,"이미 받은 보상이 회사 공시 기준 이익보다 커 추가 청구의 명분과 실익이 크지 않습니다. 보상규정이 없었음에도 실질적으로 충분한 보상을 받았고, 분쟁을 통한 추가 이익 기대는 낮습니다. 청구나 소송은 시간·비용 대비 리스크가 커 비합리적입니다. 이직 제안도 있어 법적 다툼보다는 성과를 인정받은 상태에서 커리어 선택에 집중하겠습니다.",수용,0
221,반도체,미미,2,보상규정을 서면으로 알렸으나 작성·변경 시 종업원과 협의한 적 없음,0,인색,1.0442,S1,0.03,2875266,0.0431,58,146,378,582,라이선스수입,2.2,3714.8,8172.6,557.2,1225.9,643.9,청구,배신감,"회사는 보상규정을 서면 통지했지만 제정·변경 시 종업원과 협의하지 않아 보상의 합리성에 대한 법적 추정이 약합니다. 이 발명으로 회사가 공시한 이익은 8,172.6만원인데, 내가 받은 보상은 582만원에 그쳐 격차가 큽니다. 라이선스 수입이 존재해 사용자 이익이 명확하고, 법에 따른 합리적 보상 재산정 여지가 큽니다. 따라서 우선 법적 보상 청구 절차를 개시해 추가 보상을 요구하겠습니다.",청구,0
208,반도체,보통,1,보상규정은 있으나 종업원에게 서면으로 알린 적 없음,1,보통,2.7579,S2,0.03,1376744,0.0502,86,214,558,858,라이선스수입,7.5,2074.9,15561.8,311.2,2334.3,1476.3,청구,자부심,"보상규정은 있으나 서면 통지가 없어 발명진흥법 제15조 제2항 위반으로 제6항의 ‘정당보상 추정’이 적용되지 않아 추가 보상 청구 여지가 큽니다. 회사 이익은 라이선스수입 15,561.8만원으로 직무발명과 상당인과관계가 인정될 가능성이 높고(대법원 2023다237514), 실제 라이선스가 있어 공지기술 항변 위험도 낮습니다. 판례상 발명자 공헌도 10~20%를 적용하면 합리적 보상은 1,556~3,112만원이고, 기수령 858만원을 제외하면 698~2,254만원 추가 보상 범위가 도출됩니다. 금액 대비 소송(2~3년, 비용 부담) 비효율성이 커 우선 사내·조정 절차로 정식 ‘청구’를 통해 재산정·협상을 유도하되, 소멸시효 10년(대법원 2009다75178) 관리가 필요합니다.",청구,0
213,IT,핵심,0,보상규정 자체가 없음,0,인색,1.0457,S2,0.02,4853153,0.3561,542,1355,3524,5421,무효소송승소,1.8,34561.2,62210.2,5184.2,9331.5,3910.5,협상요청,손실회피,"IT 업종 특성상 실시료율은 2% 내외로 보아야 하고(대법 2014다220347), 2023다237514의 ‘상당인과관계 있는 이익’ 법리상 공시이익 전부가 기초가 되지 않을 수 있어, 단순 공헌도 10~20% 적용치(6,221~12,442만원) 대비 현재 수령액 5,421만원은 하한에 미달하나 소송계산식으로는 오히려 초과로 평가될 위험도 있습니다. 회사는 보상규정이 없어 법 제15조 제6항의 적정보상 추정이 배제되고, 무효소송 승소로 독점이익 존재는 유리하지만, 원가·마케팅 기여 공제 등 쟁점으로 소송은 2~3년 장기·비용 부담 대비 추가 회수 폭이 제한적입니다. 따라서 먼저 법 제15조 근거로 최소 하한선 충족 및 추가보상(정산 또는 분할지급) 협의를 공식 요청하고, 불응 시 시효 10년 내 사내 조정·청구로 전환하겠다는 일정과 근거를 제시하는 것이 합리적입니다.",협상,0
225,IT,미미,0,보상규정 자체가 없음,0,인색,1.1277,S1,0.02,2530968,0.0253,22,54,141,217,M&A,5.5,1281.3,7047.1,192.2,1057.1,840.1,청구,배신감,"회사에 보상규정이 없고, 받은 217만원은 공시된 이익 7,047.1만원 대비 약 3%로 현저히 낮습니다. 법은 규정이 없어도 합리적 직무발명 보상을 청구할 수 있게 하므로, 법적 보상 청구 절차로 권리를 분명히 하겠습니다. 특히 M&A로 발명 가치가 회사 가치에 반영됐을 여지가 커 이익 산정에 포함될 수 있습니다. 우선 법적 청구로 기준과 자료를 확보하고, 필요시 후속 절차를 검토하겠습니다.",청구,0
226,제조,보통,2,보상규정을 서면으로 알렸으나 작성·변경 시 종업원과 협의한 적 없음,3,매우후함,11.3449,S1,0.03,4554267,0.058,1348,3369,8760,13477,무효소송승소,1.3,7919.5,10295.4,1187.9,1544.3,-11932.7,수용,자부심,"회사 공시 기준 이익(약 10,295.4만원)보다 내가 받은 보상(약 13,477만원)이 더 커 추가 청구의 실익이 크지 않습니다. 무효소송 승소로 발명의 가치가 인정된 만큼 지금의 성과와 보상을 긍정적으로 받아들이겠습니다. 규정 운영에 아쉬움은 있으나, 분쟁을 키우기보다 관계와 평판을 지키는 편이 현명하다고 판단합니다. 향후 회사 이익이 크게 확대되면 그때 협의 여지를 열어두겠습니다.",수용,0
228,제약,보통,1,보상규정은 있으나 종업원에게 서면으로 알린 적 없음,1,보통,2.1612,S1,0.05,1871529,0.1047,318,794,2064,3176,라이선스수입,7.3,9795.7,71508.6,1469.4,10726.3,7550.3,협상요청,배신감,"회사 보상규정이 존재한다면서도 서면 고지를 하지 않은 점은 절차적 신뢰를 저버린 것으로 보입니다. 공개된 회사 이익(약 71,508.6만원) 대비 내가 받은 보상(3,176만원)은 약 4.4%로, 제 기여와 업계 관행을 고려하면 낮아 보입니다. 먼저 원만한 해결을 위해 추가 협의를 요청해 정당한 기준과 산정 근거를 투명하게 검토하겠습니다. 협의가 불성실하거나 합리적 조정이 어려우면 법적 절차를 검토할 수 있음을 전제로 하겠습니다.",협상,0
227,제조,중요,1,보상규정은 있으나 종업원에게 서면으로 알린 적 없음,3,매우후함,10.3906,S1,0.03,2123537,0.2423,2406,6014,15637,24057,이직제안,1.2,15435.2,18522.2,2315.3,2778.3,-21278.7,수용,자부심,"회사 공시 이익(18,522.2만원)보다 내가 받은 보상(24,057만원)이 더 커 추가 청구의 실익이 거의 없습니다. 규정의 서면 통지 미비는 쟁점이 될 수 있으나, 이미 충분한 보상을 받았고 분쟁에 따른 시간·관계 비용이 더 클 수 있습니다. 이직 제안도 감안해 현 보상을 수용하고, 향후 커리어 선택과 성과 확장에 집중하겠습니다.",수용,0
224,IT,미미,1,보상규정은 있으나 종업원에게 서면으로 알린 적 없음,2,후함,5.2392,S2,0.02,3194776,0.0328,165,412,1071,1648,라이선스수입,2.7,2096.9,5661.6,314.5,849.2,-798.8,수용,손실회피,"IT 산업에서 라이선스수입 5,661.6만원 대비 지금까지 받은 1,648만원(약 29%)은, 대법원 2009다75178의 발명자 공헌도 10~20% 및 2014다220347의 정보통신 분야 실시료율 2% 등을 종합할 때 통상 범위를 상회합니다. 회사가 제15조 제2~4항의 서면 통지를 이행하지 않아 제15조 제6항의 ‘정당보상’ 추정은 누리지 못하나, 금액 자체는 사용자 이익과 공헌도를 고려할 때 추가 증액 근거가 약합니다. 2023다237514의 ‘상당인과관계 있는 이익’ 법리를 적용해도 실제 라이선스수입이 이미 반영되어 추가 상승 여지는 크지 않습니다. 협상·청구·소송은 시간·비용(청구 수개월, 소송 2~3년)에 비해 실익이 작으므로 현 보상을 수용하는 것이 합리적입니다.",수용,0
223,제조,핵심,0,보상규정 자체가 없음,0,인색,1.1318,S2,0.03,2193049,0.3569,399,997,2591,3987,M&A,5.7,23481.8,133846.3,3522.3,20076.9,16089.9,청구,자부심,"제조업 특성상 실시료율·독점권 기여율과 발명자 공헌도(10~20%)를 참작하는데, 회사 공시 이익 133,846.3만원 대비 현재 보상 3,987만원은 보수적으로 보아도 추가 보상 여지가 큽니다. 보상규정 부재로 제15조 제2~4항이 미이행이므로 제15조 제6항의 정당보상 추정이 배제되어 사용자의 방어가 약합니다. M&A 이후 사정도 2023다 판결 취지에 따라 ‘상당인과관계 있는 이익’ 범위에 포함될 수 있습니다. 소멸시효 10년 내라면 비용이 적고 수개월 내 가능한 사내·조정 절차부터 개시(청구)하고, 불성립 시 소송을 예고하는 단계적 접근이 시간·비용 대비 합리적입니다.",청구,0
230,반도체,중요,0,보상규정 자체가 없음,2,후함,4.3007,S1,0.03,540165,0.1414,148,370,960,1478,M&A,5.1,2290.7,11682.6,343.6,1752.4,274.4,협상요청,자부심,"보상규정이 없는 상태에서 공시 기준 이익 11,682.6만원에 비해 받은 1,478만원은 일단 의미가 있으나, M&A로 반영된 무형가치와 장기 수익을 감안하면 추가 협의 여지가 있다고 본다. 소송 전 단계에서 합리적 산식과 후속 보상 기준을 명확히 합의하는 것이 시간과 관계 비용을 줄인다. 나의 기여가 회사 가치에 반영된 만큼 정당한 인정과 투명한 제도를 요구하겠다.",협상,0
229,IT,미미,3,"보상규정을 서면으로 알렸고, 작성 시 종업원과 협의했으며, 결정된 보상액도 서면으로 알림",1,보통,2.8161,S2,0.02,3698051,0.0362,113,283,735,1131,이직제안,1.1,2677.7,2945.5,401.7,441.8,-689.2,수용,손실회피,"산업이 IT이므로 대법원 2014다220347 취지상 실시료율은 낮고 발명자 공헌도는 통상 10~20% 범위입니다. 회사는 보상규정을 서면 통지·협의·결정 통지까지 이행하여 발명진흥법 제15조 제6항의 정당보상 추정이 작동합니다. 공시된 회사 이익 2,945.5만원 대비 수령액 1,131만원은 공헌도 10~20% 적용액(약 295~589만원)을 상회해 추가 청구 실익이 작고, 최신 법리(2023다237514)의 ‘상당인과관계 있는 이익’ 주장도 추가 이익 입증 부담이 큽니다. 청구·소송은 수개월~수년과 비용이 들고 이직 제안 상황에서 기회비용이 커 수용이 합리적입니다.",수용,0
233,IT,중요,2,보상규정을 서면으로 알렸으나 작성·변경 시 종업원과 협의한 적 없음,0,인색,0.9043,S1,0.02,2306361,0.1275,80,200,518,798,라이선스수입,4.3,5883.4,25298.6,882.5,3794.8,2996.8,청구,배신감,"회사 공시 기준 이익 25,298.6만원 대비 내가 받은 798만원은 현저히 불균형합니다. 보상규정을 서면 통지했다 해도 제·개정 시 종업원과 협의가 없었던 점은 합리성 추정이 깨져 추가 보상 청구의 법적 근거가 됩니다. 이미 라이선스 수입으로 구체적 이익이 확정되어 산정도 가능합니다. 신뢰가 흔들린 만큼 정당한 몫을 확보하기 위해 법적 보상 청구 절차를 곧바로 개시하겠습니다.",청구,0
222,제약,중요,1,보상규정은 있으나 종업원에게 서면으로 알린 적 없음,1,보통,2.8145,S1,0.05,906386,0.1991,381,952,2477,3810,M&A,3.3,9024.8,29781.8,1353.7,4467.3,657.3,협상요청,배신감,"회사의 보상규정이 서면으로 고지되지 않아 규정에만 구속될 이유가 약하고, M&A로 인한 가치 상승이 보상 산정에 충분히 반영되지 않았을 수 있습니다. 공시 기준 회사 이익(29,781.8만원) 대비 내 보상(3,810만원)은 약 12.8%로, 추가 기여분과 위험부담을 고려하면 더 합리적 보상이 가능해 보입니다. 소송에 앞서 회사의 자료 공개와 재산정을 요구하며 협상으로 신속하고 비용 효율적인 해결을 먼저 시도하겠습니다.",협상,0
234,IT,미미,0,보상규정 자체가 없음,3,매우후함,9.4284,S1,0.02,1638535,0.0334,155,387,1005,1547,라이선스수입,5.1,1094.0,5579.4,164.1,836.9,-710.1,협상요청,자부심,"회사에 보상규정이 없는 것은 제도적 미비이며, 내 발명 기여에 대한 공식적 인정과 기준이 필요합니다. 현재 보상은 회사 이익 대비 나쁘지 않지만, 합리적 산정 근거와 향후 라이선스 수익에 대한 명확한 보상 구조를 마련해야 합니다. 소송보다는 관계를 유지하면서 추가 보상과 규정 제정을 요구하는 협상이 효율적입니다. 분쟁 비용을 줄이면서도 내 성과가 정당하게 반영되도록 하겠습니다.",협상,0
235,반도체,핵심,0,보상규정 자체가 없음,1,보통,2.7305,S1,0.03,1668297,0.2813,577,1442,3748,5767,이직제안,1.3,14081.0,18305.3,2112.2,2745.8,-3021.2,협상요청,자부심,"회사가 이 발명으로 거둔 이익이 큰 만큼, 제 기여에 대한 합리적이고 투명한 추가 보상이 필요하다고 판단합니다. 보상규정이 없어 기준이 불명확하니, 기여율과 회사 이익을 근거로 재산정하는 협의를 정식으로 요청하겠습니다. 마침 이직 제안도 있어 협상 지렛대가 충분하므로, 소송에 앞서 원만한 합의를 통해 관계도 유지하는 방향을 우선 선택합니다. 협의가 결렬될 경우에는 그때 법적 절차를 검토하겠습니다.",협상,0
232,반도체,보통,0,보상규정 자체가 없음,2,후함,5.6825,S1,0.03,2715394,0.0625,434,1085,2822,4341,사업화성공,13.0,5092.8,66206.4,763.9,9931.0,5590.0,청구,자부심,"회사에 보상규정도 없이 내 발명으로 사업화에 성공했고, 공시 기준 이익이 66,206.4만원에 이른다. 지금까지 받은 4,341만원은 성과 대비 현저히 부족하며, 합리적 산정 근거도 없다. 직무발명 보상은 법으로 보장되므로 객관적 기준에 따른 정당한 비율과 지연이자까지 포함해 법적 보상 청구 절차를 개시하겠다. 우선 공식 청구로 합의를 시도하되, 불성실 대응 시 소송으로 전환할 준비를 하겠다.",청구,0
231,IT,핵심,3,"보상규정을 서면으로 알렸고, 작성 시 종업원과 협의했으며, 결정된 보상액도 서면으로 알림",2,후함,5.5639,S2,0.02,2854888,0.3163,1507,3768,9797,15072,침해소송승소,2.5,18058.9,45147.2,2708.8,6772.1,-8299.9,수용,자부심,"IT 업종이고 회사가 제15조 2~4항(보상규정 서면 고지·협의·보상액 통지)을 충족해 제15조 6항의 정당보상 추정이 작용합니다. 회사 이익 4억5,147만원 대비 내가 받은 1억5,072만원은 판례상 발명자 공헌도 10~20%(대법원 2009다75178 등)를 적용한 4,515~9,029만원 범위를 상회합니다. 정보통신 분야에서는 독점권 기여율(합리적 실시료율) 2%가 참작되는 경향이 있어(대법원 2014다220347) 소송 시 산정기초가 더 낮아질 위험이 큽니다. 침해소송 승소로 인한 이익도 ‘상당인과관계 있는 이익’ 범위에서 이미 반영된 것으로 보이며(대법원 2023다237514), 추가 청구나 소송의 시간·비용 대비 기대이익이 크지 않으므로 수용이 합리적입니다.",수용,0
238,제약,중요,3,"보상규정을 서면으로 알렸고, 작성 시 종업원과 협의했으며, 결정된 보상액도 서면으로 알림",2,후함,4.3297,S1,0.05,4764874,0.1837,2842,7104,18471,28417,라이선스수입,6.7,43754.9,293157.8,6563.2,43973.7,15556.7,협상요청,충성심,"현재 보상은 회사 공시상 이익 293,157.8만원 대비 약 9.7%로, 절대적으로 낮다고 보긴 어렵지만 제 기여도와 라이선스 파급효과를 반영하면 상향 여지가 있다고 느낍니다. 회사가 규정을 성실히 운영해 온 점을 고려해 소송 이전에 상호 신뢰를 바탕으로 추가 협의를 요청하겠습니다. 향후 로열티 실적 연동 보상과 후속 성과에 대한 인센티브 구조를 함께 재설계하면 회사와 저 모두 윈윈이 가능하다고 봅니다.",협상,0
237,제조,미미,3,"보상규정을 서면으로 알렸고, 작성 시 종업원과 협의했으며, 결정된 보상액도 서면으로 알림",3,매우후함,10.7556,S2,0.03,790190,0.0479,183,458,1191,1832,무효소송승소,1.4,1135.3,1589.4,170.3,238.4,-1593.6,수용,충성심,"보상규정의 서면 고지·협의·결정 통지 요건이 모두 충족되어 발명진흥법 제15조 제6항상 정당한 보상으로 추정됩니다. 예외를 주장하려면 사용자 이익·공헌도 미고려를 입증해야 하나, 공시된 이익 1,589.4만원보다 내가 받은 1,832만원이 더 많아 오히려 후한 보상입니다. 대법원 2009다75178·2014다220347 취지의 통상적 실시료율(2~3%)·발명자 공헌도(10~20%) 기준 범위(약 159~318만원)를 현저히 상회하고, 무효소송 승소도 2023다237514 법리에 비추어 보상 의무 면제 사유는 아니나 추가 증액을 정당화할 ‘상당인과관계’ 이익이 현실적으로 늘었다고 보기 어렵습니다. 따라서 추가 협상·청구·소송은 시간·비용 대비 기대 실익이 거의 없어 현 보상을 수용합니다.",수용,0
239,제약,중요,2,보상규정을 서면으로 알렸으나 작성·변경 시 종업원과 협의한 적 없음,3,매우후함,8.8045,S1,0.05,3145594,0.2327,4834,12084,31419,48337,침해소송승소,4.3,36599.8,157379.1,5490.0,23606.9,-24730.1,협상요청,자부심,"회사는 직무발명으로 157,379.1만원의 이익을 얻었고, 내가 받은 48,337만원은 의미 있지만 발명의 기여에 비해 충분한지 재검토가 필요합니다. 보상규정을 서면 통지했을 뿐 작성·변경 시 협의가 없었던 점은 절차상 흠으로 추가 보상의 근거가 될 수 있습니다. 침해소송 승소로 발명의 가치와 회사 이익이 명확해진 만큼, 우선 소송 전에 합리적 보상 재산정을 회사에 공식적으로 요구하겠습니다.",협상,0
236,제약,보통,3,"보상규정을 서면으로 알렸고, 작성 시 종업원과 협의했으며, 결정된 보상액도 서면으로 알림",0,인색,1.046,S2,0.05,1444438,0.1067,121,302,786,1209,이직제안,1.0,7705.1,7705.1,1155.8,1155.8,-53.2,협상요청,자부심,"회사가 발명진흥법 제15조 제2~4항 절차를 이행하여 제6항의 정당보상 추정이 작동하고, 면제 예외를 깨려면 ‘이익·공헌 고려 부재’가 입증되어야 합니다. 회사 이익 7,705.1만원 대비 기수령 1,209만원은 판례상 발명자 공헌도 10~20%(대법원 2009다75178 등) 범위의 중간 수준으로, 정보통신 사건(2014다220347) 등 경향과도 크게 어긋나지 않습니다. 다만 2023다237514의 ‘상당인과관계 있는 이익’ 법리에 비추어도 추가 상향 여지는 크지 않아 소송 실익은 제한적이므로, 산식·가정(이익 범위, 공헌도 배분)의 서면 근거를 요구하며 소폭 상향을 모색하는 협상이 합리적입니다. 이직 제안 등 향후 관계·평판 리스크와 소송(2~3년, 변호사 비용) 대비 기대 추가 금액(최대 수백만원)을 저울질할 때, 우선 협의로 마무리하는 편이 비용 대비 효율적입니다.",협상,0
240,제조,중요,0,보상규정 자체가 없음,2,후함,4.3629,S2,0.03,2147303,0.209,881,2202,5727,8810,M&A,7.2,13461.6,96923.5,2019.2,14538.5,5728.5,청구,자부심,"제조업 환경에서 보상규정 자체가 없는 것은 발명진흥법 제15조 제2~4항 위반에 해당해 제6항의 정당보상 추정이 배제되므로 추가 보상 청구 여지가 큽니다. 회사 공시 이익 96.9억 대비 기수령 8.81억은 판례상 발명자 공헌도 10~20%의 하한에도 미달 가능하고, M&A로 인한 가치 상승분도 대법원 2023다237514의 ‘상당인과관계 있는 이익’ 법리에 따라 고려 여지가 있습니다. 소멸시효 10년(2009다75178)을 유념하되 곧바로 소송은 2~3년 소요와 비용 부담이 커 비효율적이고, 단순 수용은 실익이 적습니다. 규정 부재로 단순 협상은 구속력이 약하므로 자료열람·산정근거 제시를 공식적으로 요구하는 ‘청구’부터 진행하고 불성립 시 소송을 대비하는 것이 합리적입니다.",청구,0
245,IT,미미,1,보상규정은 있으나 종업원에게 서면으로 알린 적 없음,3,매우후함,9.028,S1,0.02,3051966,0.0242,200,501,1303,2004,침해소송승소,4.2,1480.1,6216.4,222.0,932.5,-1071.5,협상요청,자부심,"보상규정이 있었지만 서면 고지가 없어 보상 산정의 구속력이 약하고, 재산정 여지가 있다고 봅니다. 침해소송 승소로 발명의 가치가 명확히 입증되었고 회사의 실질 이익과 향후 파급효과가 공시 수치보다 클 수 있습니다. 현재 받은 2,004만원이 공시된 이익 대비 어떤 기준으로 산정됐는지 설명이 부족해 추가 조정이 필요합니다. 우선 협상으로 관계를 유지하며 합리적 추가 보상을 모색하고, 합의가 어려우면 그때 법적 절차를 검토하겠습니다.",협상,0
241,제약,핵심,2,보상규정을 서면으로 알렸으나 작성·변경 시 종업원과 협의한 적 없음,0,인색,1.0129,S1,0.05,1046818,0.4395,350,874,2271,3495,라이선스수입,5.6,23003.3,128818.5,3450.5,19322.8,15827.8,청구,배신감,"회사 공시 기준 이익이 약 12.9억 원인데 내가 받은 보상은 3,495만 원(약 2.7%)에 그쳐 합리적인 범위를 벗어난다고 판단했습니다. 보상규정을 서면 통지했더라도 제정·변경 시 협의가 없었다면 발명진흥법상 보상 합리성 판단에서 사용자에게 불리하게 작용할 수 있어 규정만으로 정당성이 보장되지 않습니다. 라이선스 수입은 발명 자체의 기여가 직접 반영된 성과이므로 법정 기준에 따른 합리적 보상액 산정을 요구하기 위해 공식적인 보상 청구 절차를 시작하겠습니다. 다만 소송 제기 전 단계에서 자료개시와 협의를 통해 조정·합의 가능성도 병행하겠습니다.",청구,0
242,제조,보통,0,보상규정 자체가 없음,2,후함,5.1728,S1,0.03,3793073,0.088,777,1942,5051,7770,사업화성공,19.0,10013.9,190264.1,1502.1,28539.6,20769.6,청구,배신감,"보상규정이 전혀 없는 상태에서 내 발명으로 사업화가 성공해 회사가 약 19억 원의 이익을 얻었는데, 내가 받은 보상은 7,770만 원에 그친다. 합리적 기준과 산정 과정이 부재해 보상의 정당성이 담보되지 않았다고 느낀다. 신뢰가 깨진 상태라 단순 협상만으로는 바로잡기 어렵다고 판단한다. 따라서 정당한 몫을 확보하기 위해 법적 보상 청구 절차를 곧바로 개시하겠다.",청구,0
247,IT,미미,3,"보상규정을 서면으로 알렸고, 작성 시 종업원과 협의했으며, 결정된 보상액도 서면으로 알림",3,매우후함,10.4921,S2,0.02,4285045,0.0412,556,1389,3610,5555,이직제안,1.3,3529.4,4588.2,529.4,688.2,-4866.8,수용,자부심,"회사는 보상규정의 작성·서면통지·협의 요건을 충족하여 발명진흥법 제15조 제6항의 정당보상 추정이 작동합니다. IT 업종 관련 판례(2014다220347 등) 기준의 실시료율·공헌도(약 2%, 10~20%)와 회사 공시 이익 4,588.2만원을 적용하면 발명자 몫은 약 459~918만원인데, 이미 수령한 5,555만원은 이를 크게 상회합니다. 2023다237514의 ‘상당인과관계 있는 이익’ 법리를 적용해도 현재 자료상 추가로 특정·입증되는 더 큰 사용자 이익이 보이지 않고, 이직제안은 보상 산정과 직접 관련성이 약합니다. 추가 협상·소송은 시간·비용(수개월~수년) 대비 기대이익이 낮으므로 현 보상을 수용하는 것이 합리적입니다.",수용,0
243,반도체,중요,2,보상규정을 서면으로 알렸으나 작성·변경 시 종업원과 협의한 적 없음,1,보통,2.2325,S2,0.03,4269260,0.2412,1035,2586,6725,10346,라이선스수입,4.1,30894.2,126666.2,4634.1,18999.9,8653.9,청구,자부심,"회사는 보상규정을 서면 통지했으나 제3항 협의 의무를 이행하지 않아 제6항의 정당보상 추정이 미치지 않으므로(시효 10년 전제, 2009다75178), 보상 재산정 다툼의 여지가 큽니다. 발명으로 직접 라이선스 수입이 발생해 사용자 이익과의 상당인과관계가 인정될 개연성이 높고(2023다237514), 현재 지급액 10,346만원은 회사 이익 126,666.2만원 대비 판례상 발명자 공헌도 10~20%(LG생명과학) 하한에도 약 2,321만원 부족합니다. 소송은 2~3년과 변호사비 부담이 커서, 우선 사내·조정 기반의 ‘청구’로 추가 차액(대략 2,300만~1억5천만원 범위)과 규정 위반 리스크를 근거로 증액을 압박하는 편이 비용 대비 효율적입니다. 단순 협상요청은 법적 구속력이 약하고, 수용은 손해가 커 보이므로, 불응 시 소 제기를 예고하는 전제로 ‘청구’를 선택합니다.",청구,0
248,IT,중요,0,보상규정 자체가 없음,2,후함,4.8439,S2,0.02,647704,0.2299,216,541,1407,2164,M&A,5.5,2978.0,16379.0,446.7,2456.8,292.8,협상요청,자부심,"IT 산업 특성상 대법원 2014다220347의 기준(실시료율 2%, 발명자 공헌도 10~20%)을 참고할 수 있습니다. 회사에 보상규정이 없어 발명진흥법 제15조 제2~4항을 준수하지 못했고, 제6항의 적법보상 추정도 적용되지 않아 협상 레버리지가 있습니다. M&A로 인한 가치 반영은 2023다237514 취지상 ‘상당인과관계 있는 이익’으로 주장 가능하나, 인과·기여 입증 부담이 커 소송으로 가면 불확실성이 큽니다. 현재 수령 2,164만원은 회사 이익 16,379만원 대비 공헌도 10~20% 범위의 중간 수준이므로, 장기 소송(2~3년·변호사비 부담)보다는 추가 정산·규정정비를 요구하는 협상이 비용 대비 실익이 큽니다.",협상,0
244,반도체,보통,1,보상규정은 있으나 종업원에게 서면으로 알린 적 없음,2,후함,5.2683,S2,0.03,3980420,0.0989,933,2333,6067,9333,이직제안,1.3,11810.9,15354.2,1771.6,2303.1,-7029.9,수용,자부심,"보상규정이 있으나 서면 통지가 없어 제15조 제6항의 정당보상 추정은 미적용이나, 결국 회사 이익과 공헌도를 기준으로 실질 판단해야 합니다(대법원 2009다75178 등). 공시 이익 15,354.2만원에 판례상 발명자 공헌도 10~20%를 적용하면 1,535~3,071만원인데, 내가 받은 9,333만원은 이를 현저히 상회합니다. 최신 법리(2023다237514)의 ‘상당인과관계 있는 이익’을 고려해도 추가 인정 폭이 크지 않고, 청구·소송의 시간·비용 대비 기대이익이 낮습니다. 이직제안은 협상 레버리지일 뿐 보상법리상 증액사유가 아니므로, 현 단계에서는 분쟁을 피하고 현재 보상을 수용하는 것이 합리적입니다.",수용,0
249,제조,미미,1,보상규정은 있으나 종업원에게 서면으로 알린 적 없음,3,매우후함,9.112,S1,0.03,3790855,0.0405,629,1573,4089,6291,사업화성공,10.9,4602.9,50171.6,690.4,7525.7,1234.7,수용,자부심,"회사 공시 이익 약 5.0억원 대비 내가 받은 6,291만원은 약 12.5%로, 통상 관행·판례 수준을 상회하는 합리적 보상으로 보입니다. 보상규정이 서면 고지되지 않은 점은 아쉽지만, 현재 금액 대비 추가 청구의 실익과 리스크를 감안하면 충돌을 키울 필요는 적어 보입니다. 사업화 성공과 내 기여가 실질적으로 인정받았다는 점에 의미를 두고자 합니다.",수용,0
246,제약,중요,2,보상규정을 서면으로 알렸으나 작성·변경 시 종업원과 협의한 적 없음,2,후함,5.1253,S2,0.05,4455414,0.2317,3968,9920,25793,39681,무효소송승소,1.5,51614.7,77422.0,7742.2,11613.3,-28067.7,수용,자부심,"회사 보상규정은 서면고지는 있었으나 제15조 제3항상 협의가 없어 제15조 제6항의 정당보상 추정은 약화되지만, 최종 보상액 산정은 사용자 이익·실시료율·공헌도를 종합해 판단됩니다. 대법원 2009다75178, 2014다220347, 2023다237514에 비추어 제약 업종의 합리적 실시료율(통상 2~5%)과 발명자 공헌도(10~20%)를 적용하면 통상 범위는 수억원대에 그치고, 이미 수령한 39,681만원은 참고범위(7,742~15,484만원)보다 현저히 많아 추가 증액 가능성이 낮습니다. 무효소송 승소는 독점이익 인정 사정이지만, 오히려 현재 지급액이 법원이 산정할 가능 범위를 상회하는 정황입니다. 추가 협상·청구·소송은 각각 수개월~수년과 변호사 비용 부담에 비해 기대이익이 작아, 현재 보상을 수용하는 것이 실익상 합리적입니다.",수용,0
251,제약,미미,3,"보상규정을 서면으로 알렸고, 작성 시 종업원과 협의했으며, 결정된 보상액도 서면으로 알림",2,후함,5.2902,S2,0.05,3615765,0.0342,491,1228,3192,4911,무효소송승소,1.5,6189.3,9284.0,928.4,1392.6,-3518.4,수용,자부심,"회사가 보상규정의 작성·서면고지·협의를 거쳐 보상액도 서면 통지해 발진법 제15조 2~4항을 충족, 6항상 정당보상 추정이 작동합니다. 공시된 사용자 이익 9,284만원에 판례상 발명자 공헌도 10~20%를 적용하면 928~1,857만원인데, 귀하의 수령액 4,911만원은 이를 크게 상회하여 부족 보상이라고 보기 어렵습니다. 무효소송 승소는 독점효를 확인해 사용자 이익을 뒷받침하지만 그 과정의 사용자 기여도(소송비·마케팅 등) 역시 공헌도 산정에 반영될 요소입니다(대법원 2014다220347, 2023다237514). 추가 협상·청구·소송은 시간·비용 대비 실익이 적어 현 보상을 수용하는 것이 합리적입니다.",수용,0
250,제조,보통,0,보상규정 자체가 없음,1,보통,2.5427,S2,0.03,1528172,0.0718,126,314,815,1255,M&A,2.9,3290.3,9541.9,493.5,1431.3,176.3,협상요청,자부심,"제조업 사안에서 대법원 2009다75178·2014다220347의 틀(실시료율 2~3%, 발명자공헌도 10~20%)을 원용하면, 회사 공시 이익 9,541.9만원을 사용자 이익으로 볼 수 있다는 전제하에 현재 보상 1,255만원은 954~1,908만원 범위의 하한~중간 수준입니다. 다만 회사는 보상규정이 없어 발명진흥법 제15조 제2~4항을 준수하지 않았고 제6항의 정당보상 추정이 배제되므로, 추가 협의·보정의무가 남습니다. 또한 M&A는 2023다237514 법리에 따라 특허가 거래가치에 기여했다는 상당인과관계를 입증하면 사용자 이익 산정이 확대될 여지가 있지만, 입증부담과 비용이 큽니다. 기대 추가금액이 크지 않고 소송(2~3년, 비용 부담)에 비해 비효율적이므로, 우선 계산근거 공개와 보상규정 제정·추가보상을 요구하는 협상요청이 최적입니다.",협상,0
252,반도체,보통,1,보상규정은 있으나 종업원에게 서면으로 알린 적 없음,1,보통,2.8364,S1,0.03,4910475,0.1068,669,1673,4350,6692,사업화성공,5.7,15727.9,89649.0,2359.2,13447.4,6755.4,협상요청,자부심,"회사 공시에 따르면 이 발명으로 회사가 약 89,649만원의 이익을 얻었고, 내가 받은 보상은 6,692만원(약 7.5%)에 그칩니다. 보상규정이 있으나 종업원에게 서면 고지가 없었다면 합리적 보상에 대한 회사 측 추정이 약해 추가 보상 여지가 큽니다. 우선 회사와의 관계와 속도를 고려해 협상으로 보상 인상과 산정 근거 공개를 요구하겠습니다. 합의가 어려우면 곧바로 법적 절차로 전환할 준비를 하겠습니다.",협상,0
256,IT,미미,3,"보상규정을 서면으로 알렸고, 작성 시 종업원과 협의했으며, 결정된 보상액도 서면으로 알림",3,매우후함,10.0437,S1,0.02,2627621,0.0331,262,655,1702,2619,M&A,3.2,1738.4,5562.9,260.8,834.4,-1784.6,수용,자부심,"회사 공시 기준 사용자 이익 5,562.9만원 중 이미 2,619만원을 수령해 비율상 상당히 합리적이라 판단합니다. 보상규정도 사전 협의와 서면고지를 거쳐 절차적 정당성이 확보되어 있어 추가 법적 대응의 실익이 크지 않아 보입니다. M&A 효과 중 발명 기여분을 별도로 입증하기도 어려워, 현재 수준에서 마무리하는 것이 현명하다고 봅니다. 내 성과가 적정히 인정받았다고 느껴 자부심이 듭니다.",수용,0
254,제약,보통,1,보상규정은 있으나 종업원에게 서면으로 알린 적 없음,1,보통,2.7333,S1,0.05,1188492,0.098,239,597,1553,2389,무효소송승소,1.9,5826.0,11069.4,873.9,1660.4,-728.6,협상요청,자부심,"보상규정이 있었음에도 서면 고지가 없었던 점은 발명진흥법상 정당한 보상 산정에서 사용자에게 불리하게 작용할 수 있어 추가 보상의 여지가 있다고 봅니다. 또한 무효소송 승소로 발명의 사업적 가치와 회사 이익 기여도가 커졌는데, 현재 보상이 이를 충분히 반영했는지 재검토가 필요합니다. 다만 회사와의 관계와 신뢰를 고려해 우선 추가 협의를 통해 합리적 조정을 시도하겠습니다. 협의가 원만히 이루어지지 않으면 법적 절차 검토 의사도 함께 분명히 하겠습니다.",협상,0
258,제약,핵심,1,보상규정은 있으나 종업원에게 서면으로 알린 적 없음,3,매우후함,8.9514,S2,0.05,4420922,0.3358,9966,24914,64776,99656,이직제안,1.2,74220.9,89065.1,11133.1,13359.8,-86296.2,수용,자부심,"제약업 특성상 실시료율 2~3%, 발명자 공헌도 10~20% 선이 판례상 참고치이고, 회사 이익 89,065.1만원에 비춰 합리적 보상범위는 8,907~17,813만원이다. 회사가 보상규정을 서면 고지하지 않아 제15조 제6항의 추정은 받지 못하지만, 정당보상 판단은 결국 사용자 이익과 공헌도를 종합하는 것(2014다220347, 2023다237514)이며, 이직제안은 보상액 산정과 직접 관련이 없다. 나는 이미 99,656만원을 받아 위 범위 및 회사 이익 자체를 초과하므로 추가 청구의 승소 가능성과 실익이 낮고, 오히려 다툼·과지급 쟁점, 시간·변호사비 부담이 크다. 따라서 현 보상은 수용하되, 절차적 미비(서면 통지·보상결정 통지)는 향후 사내 개선을 건의하는 선에서 정리한다.",수용,0
259,IT,중요,1,보상규정은 있으나 종업원에게 서면으로 알린 적 없음,0,인색,0.935,S1,0.02,4705204,0.2037,269,672,1747,2688,M&A,7.3,19168.1,139927.1,2875.2,20989.1,18301.1,청구,배신감,"회사가 이 발명으로 얻은 이익이 약 14억인데, 내가 받은 보상은 2,688만원에 그쳐 불균형이 크다고 느낍니다. 보상규정이 있다면서도 이를 서면으로 알리지 않은 점은 절차적으로 부당하다고 생각됩니다. M&A를 통해 회사 가치가 크게 상승했는데 그 기여가 충분히 반영되지 않았습니다. 감정에 휘둘리지 않고 합리적 보상을 받기 위해 법적 보상 청구 절차부터 시작하겠습니다.",청구,0
255,IT,미미,2,보상규정을 서면으로 알렸으나 작성·변경 시 종업원과 협의한 적 없음,2,후함,5.2981,S2,0.02,869126,0.0426,59,147,383,589,침해소송승소,1.9,741.0,1407.9,111.1,211.2,-377.8,수용,손실회피,"보상규정은 서면 통지는 있었으나 협의가 없어 발명진흥법 제15조 제3항 위반 소지가 있어 제6항의 정당보상 간주효는 약합니다. 다만 회사가 얻은 1,407.9만원은 침해소송 승소와 상당인과관계 있는 이익으로 보이므로(대법원 2023다237514), 판례상 발명자 공헌도 10~20%를 적용하면 정당보상 범위는 약 141~282만원입니다. 이미 수령한 589만원은 이 범위를 크게 상회하고, 정보통신 분야 통상 실시료율 2%(대법원 2014다220347)까지 감안해도 추가 청구로 증액될 여지가 작습니다. 협상·청구·소송의 시간·비용과 관계 리스크 대비 기대이익이 낮아 현재 보상을 수용하는 것이 합리적입니다.",수용,0
260,제약,핵심,3,"보상규정을 서면으로 알렸고, 작성 시 종업원과 협의했으며, 결정된 보상액도 서면으로 알림",2,후함,4.2925,S1,0.05,4197642,0.2826,3820,9549,24827,38196,무효소송승소,2.0,59322.5,118645.0,8898.4,17796.8,-20399.2,수용,자부심,"회사 보상규정이 서면 통지와 협의를 거쳐 투명하게 운영되었고, 결정된 보상액도 명확히 고지되었습니다. 회사 공시 기준 이익 대비 지금까지 받은 38,196만원은 의미 있는 수준으로 평가됩니다. 특히 무효소송 승소 과정에서 회사의 기여와 리스크 부담이 컸다는 점을 고려하면 추가 요구보다 신뢰 유지가 합리적입니다. 내 발명이 사업에 기여했고 그 공헌이 인정받았다는 점에서 자부심이 큽니다.",수용,0
261,IT,중요,3,"보상규정을 서면으로 알렸고, 작성 시 종업원과 협의했으며, 결정된 보상액도 서면으로 알림",3,매우후함,8.6541,S2,0.02,1328251,0.1479,510,1275,3315,5100,침해소송승소,2.7,3928.6,10607.2,589.3,1591.1,-3508.9,수용,자부심,"회사는 보상규정을 서면 고지·협의·결정 통지까지 이행하여 발명진흥법 제15조 2~4항을 충족했고, 제15조 6항의 정당보상 추정이 작동합니다. 회사 이익 10,607.2만원 대비 수령액 5,100만원(약 48%)은 대법원 2014다220347(정보통신 2% 실시료율) 및 2009다75178(발명자 공헌도 10~20%) 기준을 감안한 통상 보상(약 1,061~2,121만원)을 크게 상회합니다. 침해소송 승소로 2023다237514의 ‘상당인과관계 있는 이익’을 보더라도 추가 증액 가능성은 낮고, 청구/소송의 시간·비용 대비 실익이 작습니다. 따라서 현 보상을 수용하고, 추후 추가 이익이 현실화되면 사내 협의 수준에서 점검하는 것이 합리적입니다.",수용,0
262,제조,보통,2,보상규정을 서면으로 알렸으나 작성·변경 시 종업원과 협의한 적 없음,2,후함,4.7147,S1,0.03,4357094,0.1125,1040,2601,6762,10403,이직제안,1.2,14710.8,17653.0,2206.6,2647.9,-7755.1,협상요청,자부심,"회사 보상규정을 일방적으로 통지했고, 작성·변경 시 협의가 없었다는 점에서 보상 산정의 합리성에 의문이 남습니다. 현재까지 받은 금액이 적지는 않지만 제 기여에 대한 인정과 장기 인센티브가 더 명확해지길 원합니다. 마침 이직 제안도 있어 이를 레버리지로 삼아 추가 보상과 처우 개선을 협의하겠습니다. 협의가 불성실하거나 합리적 타결이 어려우면 그때 법적 절차를 검토하겠습니다.",협상,0
253,제조,보통,2,보상규정을 서면으로 알렸으나 작성·변경 시 종업원과 협의한 적 없음,1,보통,2.7016,S2,0.03,793308,0.1075,104,259,674,1037,라이선스수입,2.5,2559.5,6398.8,383.9,959.8,-77.2,협상요청,자부심,"제조업 발명으로 실제 라이선스 수입(6,398.8만원)이 확정되어 2023다237514의 ‘상당인과관계 있는 이익’ 요건을 충족합니다. 현재 보상 1,037만원은 사용자 이익 대비 약 16%로, 2009다75178 등 판례상 발명자 공헌도 10~20% 범위 안에 있어 원칙적으로 과소하다고 단정하기 어렵습니다. 다만 회사가 제15조 제3항의 협의 절차를 거치지 않아 제15조 제6항의 정당보상 추정이 깨지므로, 상단(20%)에 맞춘 추가 보상 협상 여지가 있습니다. 소송은 2~3년과 변호사 비용에 비해 추가 상향 가능 폭(최대 약 240만원)이 작으므로, 우선 회사에 근거자료 공유와 20% 수준 보완을 요구하는 협상요청이 가장 실익이 큽니다.",협상,0
263,반도체,핵심,1,보상규정은 있으나 종업원에게 서면으로 알린 적 없음,3,매우후함,10.4948,S1,0.03,1278565,0.4268,2577,6443,16753,25773,무효소송승소,1.7,16372.1,27832.6,2455.8,4174.9,-21598.1,수용,자부심,"회사 공시 기준 이익 27,832.6만원 대비 제가 받은 보상 25,773만원은 90% 이상으로, 통상 기준을 넘어 충분하다고 판단했습니다. 보상규정이 서면 통지되지 않은 점을 근거로 추가 청구를 시도할 수는 있으나, 실익이 크지 않고 관계·평판 비용과 리스크가 더 큽니다. 무효소송 승소로 인한 기여분도 현재 보상에 상당 부분 반영된 것으로 보입니다. 이번 성과에 대해 충분히 인정받았다고 느끼며, 여기서 마무리하는 것이 현명하다고 생각합니다.",수용,0
264,반도체,중요,0,보상규정 자체가 없음,2,후함,4.3799,S1,0.03,2324896,0.12,550,1375,3574,5499,라이선스수입,9.7,8370.3,81191.9,1255.5,12178.8,6679.8,협상요청,자부심,"회사가 공시한 이익 약 8.12억원 대비 내가 받은 5,499만원은 정당보상으로 보기엔 낮아 보입니다. 보상규정이 없는 만큼 산정 근거와 분배 기준에 대한 투명한 설명을 요구하고, 라이선스 수익에 비례한 추가 보상을 협의하겠습니다. 먼저 원만한 합의를 시도하되, 협의가 결렬될 경우 법적 절차도 검토한다는 전제를 깔겠습니다.",협상,0
257,IT,중요,1,보상규정은 있으나 종업원에게 서면으로 알린 적 없음,1,보통,2.5197,S2,0.02,3260206,0.2532,624,1560,4055,6239,이직제안,1.2,16506.8,19808.2,2476.0,2971.2,-3267.8,수용,손실회피,"IT 산업 특성상 대법원 2014다220347의 2% 실시료율·발명자 공헌도 10~20% 기준을 적용하면 정당보상 범위가 약 1,981~3,962만원인데, 나는 이미 6,239만원을 받아 이를 상당히 상회합니다. 회사가 보상규정을 서면 통지하지 않아 발진법 제15조 제6항의 ‘정당성 추정’은 어렵지만, 금액 자체가 판례 기준을 넘어서 추가 청구의 실익이 크지 않습니다. 2023다237514의 ‘상당인과관계 있는 이익’ 법리와 10년 시효(2009다75178)를 감안하더라도 더 큰 이익을 입증하기는 불확실하고, 청구·소송은 시간(수개월~수년)과 비용 부담이 큽니다. 이직 제안으로 관계·평판 리스크도 고려하여 현 수준을 최종 수용합니다.",수용,0
267,반도체,미미,3,"보상규정을 서면으로 알렸고, 작성 시 종업원과 협의했으며, 결정된 보상액도 서면으로 알림",2,후함,4.6324,S1,0.03,3628159,0.0451,341,852,2217,3410,라이선스수입,7.3,4907.1,35821.8,736.1,5373.3,1963.3,수용,자부심,"회사가 보상규정을 종업원과 협의해 마련하고 서면으로 보상액과 기준을 통지해 ‘상당한 보상’의 추정 요건을 충족했습니다. 공시된 회사 이익 약 3.58억 원 대비 내가 받은 3,410만 원은 약 9.5% 수준으로, 업계 관행과 산식(회사 이익 × 기여율 × 분배율)을 고려해 과소하다고 보기 어렵습니다. 추정 번복을 위한 분쟁·소송의 시간과 비용 대비 기대 이익이 크지 않아 현 단계에서는 받아들이는 편이 합리적입니다.",수용,0
270,제조,핵심,3,"보상규정을 서면으로 알렸고, 작성 시 종업원과 협의했으며, 결정된 보상액도 서면으로 알림",3,매우후함,10.3912,S1,0.03,776792,0.4407,1601,4002,10405,16008,라이선스수입,3.3,10270.1,33891.3,1540.5,5083.7,-10924.3,수용,자부심,"회사가 보상규정을 사전에 협의·서면고지했고, 결정도 투명하게 통지한 점을 신뢰합니다. 회사 공시 기준 이익 대비 내가 받은 보상 비율이 상당히 높아 합리적이라고 판단합니다. 추가 협상이나 청구는 불확실성과 관계 비용이 커 보입니다. 지금 선에서 마무리하고 성과를 인정받은 것에 만족합니다.",수용,0
265,IT,핵심,1,보상규정은 있으나 종업원에게 서면으로 알린 적 없음,3,매우후함,10.7618,S2,0.02,3011960,0.3116,3030,7574,19692,30296,M&A,2.4,18767.6,45042.2,2815.1,6756.3,-23539.7,수용,손실회피,"발명진흥법 제15조에 따라 보상권은 있으나 회사가 제15조 제2~4항의 서면 고지·협의 의무를 이행하지 않아 제6항의 ‘정당한 보상’ 추정은 어렵습니다. 다만 회사 공시 이익 45,042.2만원에 판례상 발명자 공헌도 10~20%(대법원 2009다75178, 2014다220347)를 적용하면 4,504~9,008만원 수준인데, 기수령 30,296만원이 이를 현저히 상회하여 추가 청구 실익이 낮습니다. 최신 법리(대법원 2023다237514)에 따라 M&A 프리미엄 등 승계 이후 사정도 고려될 수 있으나, 특허가 거래가치에 기여했다는 인과관계와 기여율 입증 부담이 커 시간·비용 대비 불확실성이 큽니다. 소멸시효 10년(2009다75178)도 유의하되, 현 단계에서는 분쟁 비용과 리스크를 피하는 것이 합리적이라 판단합니다.",수용,0
266,IT,중요,3,"보상규정을 서면으로 알렸고, 작성 시 종업원과 협의했으며, 결정된 보상액도 서면으로 알림",0,인색,1.076,S2,0.02,2440063,0.1212,96,239,620,955,라이선스수입,8.7,5915.3,51463.1,887.3,7719.5,6764.5,청구,자부심,"회사는 제15조 2~4항 요건은 충족해 보이나, 제15조 6항 단서의 ‘사용자 이익과 공헌도 고려’가 보상액(955만원)에 실질 반영됐는지는 금액 격차상 의문입니다. IT 분야에서 2014다220347의 2% 로열티는 매출 기반 산정에 주로 쓰이지만, 본건은 실제 라이선스수입이 존재해 2023다237514의 ‘상당인과관계 있는 이익’에 바로 해당하며 여기에 발명자 공헌도 10~20%를 적용하는 접근이 합리적입니다. 그 경우 적정보상 추정치 5,146~10,293만원 대비 현 수령액은 현저히 낮아 수용은 불리하고, 곧장 소송은 2~3년·비용부담 대비 아직 협상 여지가 큽니다. 따라서 내용증명·사내 절차 및 조정 등 공식 보상 청구로 수입·배분 기준과 다특허 기여율 자료를 열람·검증하며 추가보상을 압박하는 것이 비용 대비 실익이 큽니다.",청구,0
268,IT,미미,2,보상규정을 서면으로 알렸으나 작성·변경 시 종업원과 협의한 적 없음,0,인색,0.8839,S2,0.02,1521781,0.0238,10,24,62,96,라이선스수입,2.1,724.1,1520.6,108.6,228.1,132.1,청구,자부심,"IT 산업 특성상 보상 산정에 독점권 기여율·실시료율(정보통신 2% 판례)과 2023년 '상당인과관계 있는 이익' 법리를 고려하되, 본 건은 이미 라이선스수입이 발생해 인과관계 있는 사용자 이익이 명확합니다. 회사는 보상규정을 서면으로만 통지하고 종업원과 협의하지 않아 제15조 제3항·제6항의 정당보상 추정에 이르지 못하므로 추가 보상 요구의 법리적 근거가 큽니다. 공시된 이익 1,520.6만원 대비 지급액 96만원은 판례상 발명자 공헌도 10~20%(152~304만원) 하한에도 못 미쳐 격차가 큽니다. 다만 소송은 비용·기간 부담이 커서, 먼저 사내 절차·조정으로 추가금을 요구하는 '청구'가 실익 대비 가장 효율적입니다.",청구,0
269,제약,미미,2,보상규정을 서면으로 알렸으나 작성·변경 시 종업원과 협의한 적 없음,3,매우후함,11.4198,S2,0.05,3419281,0.0464,1358,3396,8830,13584,라이선스수입,6.9,7930.0,54717.0,1189.5,8207.5,-5376.5,수용,손실회피,"회사는 보상규정을 서면 통지했지만 작성·변경 시 협의가 없어 발명진흥법 제15조 제3항 위반으로 제6항의 정당보상 추정은 곤란하나, 금액의 타당성은 별도로 봐야 합니다. 사용자 이익 54,717만원에 대하여 대법원 판례상 발명자 공헌도 10~20% (2009다75178 등) 및 최신 법리(2023다237514)에 비추어 라이선스수입은 상당인과관계 있는 이익인데, 제가 받은 13,584만원은 그 범위 상한(10,943만원)을 이미 초과합니다. 이 경우 추가 협상·청구·소송의 기대이익은 작고, 특히 소송은 2~3년과 변호사 비용 부담 대비 보상 축소 가능성까지 존재합니다. 따라서 현 보상은 수용하되, 산정근거의 서면 통지(제15조 제4항)와 규정 정비·협의 절차 이행은 내부적으로 요구하는 것이 합리적입니다.",수용,0
272,제약,보통,0,보상규정 자체가 없음,2,후함,4.8985,S2,0.05,1289418,0.1052,498,1246,3241,4985,침해소송승소,1.6,6784.9,10855.8,1017.7,1628.4,-3356.6,수용,자부심,"제약 분야 특성을 감안해도 판례상 발명자 공헌도는 통상 10~20% 범위로 보며(2009다75178 등), 이를 전제로 단계별로 검토했습니다. 회사는 보상규정 부재로 발명진흥법 제15조의 절차적 적법성 추정은 못 받지만, 정당보상 여부는 결국 회사가 얻은 이익과 공헌도를 기준으로 실체 판단됩니다. 공시 이익 10,855.8만원에 공헌도(10~20%)를 적용하면 1,086~2,171만원인데, 제가 이미 받은 4,985만원은 이를 크게 상회하고 2023다237514의 ‘상당인과관계 있는 이익’ 법리를 고려하더라도 추가 상승 여지가 제한적입니다. 청구·소송은 수개월~수년과 비용이 드는 반면 기대이익이 낮아 실익이 적으므로, 현 단계에서는 수용이 합리적입니다.",수용,0
274,제조,핵심,1,보상규정은 있으나 종업원에게 서면으로 알린 적 없음,1,보통,2.8043,S1,0.03,555578,0.4397,308,771,2004,3083,이직제안,1.2,7329.2,8795.0,1099.4,1319.2,-1763.8,협상요청,자부심,"회사가 공시한 이익 8,795만원 대비 내가 받은 보상 3,083만원은 적지 않지만, 보상규정을 종업원에게 서면으로 알리지 않은 점을 보면 더 정당한 보상을 논의할 여지가 있다고 느낍니다. 내 발명이 회사 이익에 기여한 만큼의 인정과 투명한 기준을 확인하고 싶습니다. 소송으로 가기 전, 관계를 해치지 않으면서도 조건을 개선할 수 있는지 추가 협의를 먼저 제안하겠습니다. 또한 이직제안이 있는 상황이라 합리적 보상이 확정된다면 잔류 여부를 판단하는 데 도움이 됩니다.",협상,0
271,제조,보통,1,보상규정은 있으나 종업원에게 서면으로 알린 적 없음,2,후함,4.8916,S2,0.03,1525315,0.0527,177,443,1151,1771,침해소송승소,3.4,2413.8,8206.9,362.1,1231.0,-540.0,협상요청,자부심,"보상규정의 서면 고지가 없어 제15조 제6항의 ‘정당보상 간주’가 곧바로 적용되지 않으므로, 회사는 보상 산정 근거와 지급내역을 서면으로 소명할 의무가 있습니다. 다만 회사 공시 이익 8,206.9만원 대비 수령액 1,771만원은 판례상 발명자 공헌도 10~20%(821~1,641만원)를 다소 상회해 소송으로 즉시 추가 이득을 얻을 가능성은 높지 않습니다. 2023다237514에 비추어 침해소송 승소 등 승계 이후 사정에서 발생한 ‘상당인과관계 있는 이익’이 전부 반영되었는지, 지연이자·세후 실수령 보정 등이 적정한지부터 협상으로 점검·보정 요구하는 것이 비용 대비 합리적입니다. 협상이 결렬되거나 추가 이익이 확인될 때에 한해 청구·소송으로 단계적 전환을 도모합니다.",협상,0
275,제약,중요,1,보상규정은 있으나 종업원에게 서면으로 알린 적 없음,3,매우후함,10.9526,S2,0.05,2108941,0.1327,2299,5747,14941,22987,M&A,6.4,13992.1,89549.4,2098.8,13432.4,-9554.6,수용,손실회피,"제약 분야라도 판례상 실시료율 2~3%, 발명자 공헌도 10~20%가 통상이고, 제시된 회사 이익(약 8.95억)에 이를 적용한 기대보상 0.90~1.79억 대비 내가 이미 수령한 2.30억은 상회합니다. 회사가 보상규정을 서면 통지하지 않아 제15조의 추정효는 없지만, 보상액이 이익·공헌도를 고려한 합리범위를 넘는 이상 추가 청구 논거가 약합니다. M&A와 관련해 2023다237514에 따라 사후 이익도 주장 가능하나, 특허가 거래가치에 기여한 상당인과관계 입증 부담과 비용이 커 실익이 불확실합니다. 소송은 2~3년 소요·비용 부담인 점을 감안해 현 단계에서는 수용이 합리적입니다.",수용,0
278,반도체,미미,0,보상규정 자체가 없음,1,보통,2.6054,S1,0.03,2990948,0.0404,142,354,922,1418,M&A,6.0,3628.8,21772.8,544.3,3265.9,1847.9,청구,배신감,보상규정이 전혀 없는 상황에서 회사가 발명으로 상당한 이익을 얻었음에도 현재 보상액은 이에 비해 낮다고 판단합니다. 게다가 발명 이후 M&A까지 발생한 점을 보면 발명의 기여가 회사 가치에 크게 반영된 것으로 보입니다. 단순한 내부 협상만으로는 자료 공개와 공정한 산정이 이뤄지기 어렵다고 느낍니다. 따라서 법적 보상 청구 절차를 개시해 정당한 보상과 산정 근거를 공식적으로 확보하겠습니다.,청구,0
273,제조,미미,1,보상규정은 있으나 종업원에게 서면으로 알린 적 없음,0,인색,0.8801,S2,0.03,2479791,0.0451,44,111,288,443,사업화성공,19.8,3358.3,66494.3,503.7,9974.1,9531.1,협상요청,자부심,"회사는 보상규정을 서면으로 알리지 않아 법 제15조 제2항을 위반했고, 이로 인해 제15조 제6항의 ‘정당보상 간주’ 보호도 받기 어려워 추가 보상 요구의 명분이 큽니다. 사업화로 이익이 발생했고 2023다237514 판결 취지상 직무발명과 상당인과관계 있는 이익을 기초로 보상을 산정할 수 있으나, 전액이 아니라 합리적 실시료와 공헌도를 반영해야 합니다. 제조 업종 판례(2009다75178, 2014다220347)의 실시료율 2~3%와 발명자 공헌도 10~20%를 적용하면 수백만원 규모가 도출되어, 기수령 443만원은 판례식 산정치와 유사하거나 상단을 소폭 상회할 가능성이 있습니다. 다만 회사의 절차 위반을 지렛대로 내부 재산정·추가지급을 우선 협의하고, 불수용 시 시효(10년)를 감안해 조정·소송을 순차 검토하는 것이 시간·비용 대비 합리적입니다.",협상,0
276,제조,중요,2,보상규정을 서면으로 알렸으나 작성·변경 시 종업원과 협의한 적 없음,1,보통,2.6402,S2,0.03,3172253,0.1995,752,1880,4888,7520,M&A,2.6,18988.3,49369.6,2848.2,7405.4,-114.6,협상요청,자부심,"회사 공시 이익 49,369.6만원에 판례상 발명자 공헌도 10~20%(2009다75178 등)를 적용하면 4,937~9,874만원이고, 기수령 7,520만원은 중간 수준이라 추가 여지는 제한적입니다. 다만 보상규정 작성·변경 시 종업원과 협의하지 않은 점은 발명진흥법 제15조 제3항 위반으로 제15조 제6항의 적정보상 간주가 깨져 추가 조정 요구 근거가 됩니다. M&A로 인한 이익은 대법원 2023다237514의 ‘상당인과관계 있는 이익’ 법리에 따라 일부 제외될 수 있어 소송에서는 인정액이 오히려 축소될 리스크가 있습니다. 비용·기간(청구 수개월, 소송 2~3년) 대비 기대 추가액이 크지 않으므로 내부·사전 협의를 통해 20% 상단 근처로 보상 보완 및 제15조 제4항의 서면 통지를 요구하는 협상요청이 최적입니다.",협상,0
277,제약,보통,0,보상규정 자체가 없음,3,매우후함,9.358,S2,0.05,1152210,0.0961,777,1943,5053,7773,무효소송승소,2.0,5537.4,11074.8,830.6,1661.2,-6111.8,수용,손실회피,"제약 업종의 독점가치가 큰 점을 감안하더라도 회사에 보상규정이 없어 제15조 제6항의 간주효는 적용되지 않으나, 정당보상은 사용자 이익·실시료율·발명자 공헌도를 종합한 판례식 산정으로 판단됩니다. 회사 이익 11,074.8만원 대비 현재 수령 7,773만원은 판례상 공헌도 10~20% 적용 범위(1,107~2,215만원)를 크게 상회하며, 2009다75178·2014다220347의 실시료율(2~3%)을 감안해도 추가 청구 여지는 낮습니다. 무효소송 승소로 독점효가 인정되더라도(2023다237514 취지) 이는 이미 지급액을 넘어설 추가 보상을 뒷받침하기 어렵습니다. 따라서 ‘협상요청’·‘청구’·‘소송’은 시간·비용 대비 실익이 미미하여 현 보상 수용이 합리적입니다.",수용,0
280,제약,핵심,2,보상규정을 서면으로 알렸으나 작성·변경 시 종업원과 협의한 적 없음,3,매우후함,11.4404,S1,0.05,3306302,0.4555,12923,32308,84000,129231,사업화성공,4.5,75306.8,338880.6,11296.0,50832.1,-78398.9,협상요청,자부심,"회사 보상규정이 일방 통지로 운영되고 종업원과의 협의가 없었다는 점에서 보상의 합리성에 의문이 듭니다. 발명이 사업화에 성공해 회사가 큰 이익을 얻은 만큼 제 기여가 공정하게 반영되었는지 확인하고 싶습니다. 이미 받은 보상이 크지만, 투명한 기준을 공유하고 재산정 여지가 있다면 조정하는 것이 서로에게 이롭다고 판단합니다. 우선 내부 협의로 해결을 시도하고, 결과에 따라 후속 절차를 검토하겠습니다.",협상,0
283,IT,보통,3,"보상규정을 서면으로 알렸고, 작성 시 종업원과 협의했으며, 결정된 보상액도 서면으로 알림",3,매우후함,10.778,S1,0.02,4409601,0.0961,1370,3425,8904,13699,사업화성공,14.2,8473.4,120322.3,1271.0,18048.3,4349.3,수용,자부심,"회사 보상규정이 적법하게 운영되었고, 결정 과정에서 협의와 서면 통지가 이루어졌습니다. 회사가 얻은 이익 대비 내가 받은 보상 비율도 업계·판례 수준을 감안하면 상당한 편이라 추가 청구의 실익이 크지 않아 보입니다. 분쟁으로 인한 비용과 관계 훼손을 피하고, 성과를 함께 키우는 편이 낫다고 판단했습니다. 이번 성과와 보상에 대해 자부심을 가지고 다음 기회를 준비하겠습니다.",수용,0
285,제약,미미,1,보상규정은 있으나 종업원에게 서면으로 알린 적 없음,0,인색,0.8783,S1,0.05,2220852,0.0357,52,131,340,523,사업화성공,9.0,3966.8,35701.2,595.0,5355.2,4832.2,청구,배신감,"회사는 보상규정이 있음에도 서면으로 고지하지 않았고, 이는 직무발명 보상제도의 적법성에 중대한 하자입니다. 발명이 사업화에 성공해 회사가 35,701.2만원의 이익을 얻었는데, 내가 받은 523만원은 현저히 불균형합니다. 법률과 판례상 정당한 추가 보상을 청구할 여지가 크므로, 즉시 법적 보상 청구 절차를 개시하겠습니다. 우선 공식 청구로 사실관계를 확정하고 증거를 확보한 뒤, 필요시 협상이나 소송으로 단계적으로 나아가겠습니다.",청구,0
279,제약,미미,0,보상규정 자체가 없음,0,인색,0.9368,S2,0.05,905048,0.0488,31,78,201,310,이직제안,1.1,2206.6,2427.3,331.0,364.1,54.1,협상요청,자부심,"제약업 특성상 독점효과가 있으나 회사 공시 이익 2,427.3만원을 기준으로 보면, 내가 받은 310만원은 대법원 2009다75178 등에서 본 발명자 공헌도 10~20% 범위의 중간값 수준입니다. 회사는 보상규정 자체가 없어 발명진흥법 제15조 2~4항의 절차를 지키지 못했으므로 안전지대(제6항)를 주장하기 어려워 추가협상의 법적 명분이 있습니다. 다만 소송은 2~3년·비용 부담 대비 추가 기대액이 최대 약 175만원(상한 20% 가정)으로 크지 않고, 10년 소멸시효(2009다75178)도 여유가 있어 즉각 소 제기는 비효율적입니다. 따라서 이직제안으로 신속성이 필요한 점을 고려해 회사에 협상요청을 하되, 20% 수준의 추가보상과 보상규정 제정·서면통지 이행을 요구하는 것이 최적입니다.",협상,0
286,제조,미미,2,보상규정을 서면으로 알렸으나 작성·변경 시 종업원과 협의한 적 없음,2,후함,4.5853,S1,0.03,4332033,0.0208,186,466,1211,1863,M&A,5.4,2709.0,14628.6,406.3,2194.3,331.3,협상요청,자부심,보상규정을 서면 통지했지만 제정·변경 시 협의가 없었으므로 현 보상액의 합리성 추정이 약하고 추가 보상 근거가 있습니다. 공시된 이익 규모와 M&A로 드러난 가치 상승에 비해 제 보상이 적정한지 근거 자료와 산식을 다시 확인할 필요가 있습니다. 다만 회사와의 관계를 유지하며 신속히 해결하고자 먼저 추가 협의를 공식 요청하겠습니다.,협상,0
281,IT,보통,0,보상규정 자체가 없음,1,보통,2.2827,S2,0.02,638057,0.0678,30,74,193,297,무효소송승소,1.8,865.7,1558.3,129.9,233.7,-63.3,협상요청,자부심,"IT 분야에서는 대법원 2014다220347 취지상 실시료율이 낮게(약 2%) 보고, 발명자 공헌도도 10~20% 범위가 통설인데, 회사 이익 1,558.3만원 대비 기수령 297만원은 상한에 근접합니다. 다만 회사에 보상규정이 없어 발명진흥법 제15조 제2~4항을 지키지 않았으므로 제6항의 정당보상 추정이 배제되어 추가 협의 명분은 충분합니다. 무효소송 승소는 2014다220347·2023다237514 법리에 비추어 독점이익 및 상당인과관계 인정에는 유리하지만, 공시된 이익 자체가 작아 소송으로 얻을 실익이 제한되고(2009다75178에 따른 10년 소멸시효로 시급성도 낮음) 비용·기간 부담이 큽니다. 따라서 우선 규정 제정 및 소액 보완(예: 공헌도 상단 반영·사후 성과연동) 협의를 요청하고, 불응 시에만 청구·소송을 검토하는 것이 합리적입니다.",협상,0
287,IT,미미,3,"보상규정을 서면으로 알렸고, 작성 시 종업원과 협의했으며, 결정된 보상액도 서면으로 알림",0,인색,1.0577,S2,0.02,3610225,0.0296,34,85,220,339,이직제안,1.3,2139.5,2781.3,320.9,417.2,78.2,협상요청,자부심,"회사는 보상규정을 서면 고지·협의·통지하여 발명진흥법 제15조 2~4항을 충족했고, 원칙적으로 제6항의 정당보상 추정이 적용됩니다(다만 이익·공헌도 반영 여부는 확인 필요). 회사 공시 이익 2,781.3만원에 판례상 발명자 공헌도 10~20%를 적용하면 278~556만원 범위이고, 현재 수령 339만원은 범위 내이되 상단에는 못 미칩니다; IT 분야 2014다220347의 2% 실시료 및 2023다237514의 ‘상당인과관계 있는 이익’ 법리를 감안해도 추가 이익 폭은 크지 않아 소송 승익이 제한적입니다. 선택지별로 소송은 2~3년·변호사비 대비 분쟁가액이 작아 비효율적이고, 청구도 수개월 소요되므로 비용 대비 효과가 낮습니다. 먼저 협상으로 산정근거(사용자 이익·공헌도 반영 여부) 공개와 상향(예: 상단 근접 추가 100~200만원)을 요구하고, 명백한 미반영이 확인될 때에만 청구로 전환하겠습니다.",협상,0
282,제약,보통,2,보상규정을 서면으로 알렸으나 작성·변경 시 종업원과 협의한 적 없음,0,인색,1.0967,S2,0.05,4650317,0.0829,317,792,2061,3170,이직제안,1.2,19271.5,23125.8,2890.7,3468.9,298.9,협상요청,손실회피,"제약 업종 특성 및 회사 이익 23,125.8만원을 기준으로 판례상 발명자 공헌도 10~20%를 적용하면 2,313~4,625만원 범위이며, 기지급 3,170만원은 하한~중간 수준입니다. 회사가 제15조 제3항의 협의의무를 이행하지 않아 제15조 제6항의 면책 전제 충족이 어려우므로 보상 재협의 요구 근거가 있습니다. 다만 2023다237514의 ‘상당인과관계 있는 이익’ 법리에 따라 사용자 이익이 축소될 여지(한림제약 취지 참작)와 소송의 시간·비용 대비 추가 기대이익이 최대 약 1,455만원에 그치는 점을 고려하면 즉각 소송은 비효율적입니다. 이직 제안으로 관계 비용을 낮출 필요도 있어, 우선 추가 협의를 통해 중간값 이상으로 보완 지급을 요구하는 것이 합리적입니다.",협상,0
291,제조,미미,3,"보상규정을 서면으로 알렸고, 작성 시 종업원과 협의했으며, 결정된 보상액도 서면으로 알림",1,보통,2.3106,S1,0.03,3783890,0.0494,194,486,1265,1945,이직제안,1.1,5610.9,6172.0,841.6,925.8,-1019.2,협상요청,자부심,"회사는 보상규정을 투명하게 운영했고, 현재 보상도 회사 공시 이익(약 6,172만원) 대비 약 31%로 수치상 낮지 않습니다. 다만 발명의 사업화 기여와 향후 수익 확대 가능성, 그리고 이직제안을 고려하면 추가 성과연동 보상이나 유지 인센티브에 대한 협상 여지가 있습니다. 신뢰관계를 유지하면서 내부적으로 합리적 보상 구조(추가 성과급·장기인센티브 등)를 먼저 모색하겠습니다. 협상 결과가 미흡할 때에만 후속 절차를 검토하는 것이 현명하다고 판단합니다.",협상,0
284,IT,중요,3,"보상규정을 서면으로 알렸고, 작성 시 종업원과 협의했으며, 결정된 보상액도 서면으로 알림",2,후함,4.2512,S2,0.02,736501,0.1897,178,446,1158,1782,사업화성공,13.2,2794.6,36888.7,419.2,5533.3,3751.3,협상요청,자부심,"회사는 발명진흥법 제15조 2~4항 절차를 이행해 6항상의 정당보상 추정이 작동하나, 산정 과정에서 사용자 이익과 공헌도 반영 여부는 다툼의 여지가 있습니다. IT 분야에서 대법원은 합리적 실시료율 2%(2014다220347)와 발명자 공헌도 10~20%(2009다75178)를 참작하고, 2023다237514에 따라 사업화 성과 등 사후 사정도 ‘상당인과관계 있는 이익’으로 포섭할 수 있습니다. 회사 공시 이익 36,888.7만원과 사업화 성공을 고려하면, 현재 지급액 1,782만원은 보수적 기준 대비도 낮아 추가 보상 여지가 큽니다. 소송은 2~3년 소요·비용 부담이 커 우선 매출·이익과 산정식 공개를 전제로 증액을 요구하는 협상요청을 하고, 불응 시 청구 절차로 전환하는 것이 효율적입니다.",협상,0
292,제약,중요,3,"보상규정을 서면으로 알렸고, 작성 시 종업원과 협의했으며, 결정된 보상액도 서면으로 알림",1,보통,2.5391,S1,0.05,4557353,0.2026,1759,4397,11431,17587,라이선스수입,8.4,46176.8,387885.1,6926.5,58182.8,40595.8,협상요청,자부심,"회사 공시 기준 이익 387,885.1만원 대비 내가 받은 17,587만원은 기여에 비해 낮다고 느낀다. 다만 회사가 보상규정을 성실히 운영해온 점은 인정하므로, 먼저 귀속이익과 공헌율 산정 근거를 놓고 투명하게 재협의를 원한다. 내 발명의 가치에 상응하는 인정과 보상을 받고 싶다. 협의가 원만히 이루어지지 않을 경우에만 법적 절차를 검토하겠다.",협상,0
288,IT,중요,0,보상규정 자체가 없음,3,매우후함,8.8493,S1,0.02,3089676,0.1779,1459,3648,9484,14591,M&A,7.0,10991.7,76941.9,1648.8,11541.3,-3049.7,협상요청,자부심,"회사에 보상규정이 없고 내 발명이 약 7.7억 원의 회사 이익을 만들었는데, 내가 받은 보상은 약 1.46억 원으로 기여가 완전히 반영됐다고 보긴 어렵습니다. 현재 보상도 의미는 있으나, 기여율과 M&A로 인한 승계 이익까지 고려하면 추가 보상이 합리적입니다. 소송보다는 먼저 협상을 통해 객관적 산정기준(기여율, 사용이익 등)을 합의해 공정하게 정리하고자 합니다. 협상이 불발될 경우에 대비해 법적 절차 검토 여지는 남기겠습니다.",협상,0
289,제조,핵심,2,보상규정을 서면으로 알렸으나 작성·변경 시 종업원과 협의한 적 없음,3,매우후함,9.5292,S2,0.03,2325529,0.2847,2839,7098,18453,28390,침해소송승소,1.8,19862.3,35752.1,2979.3,5362.8,-23027.2,수용,자부심,"보상규정은 서면 고지되었지만 종업원과의 협의가 없어 제15조 제3항 미준수 소지가 있어도, 이는 주로 과소보상 다툼에서 문제될 뿐입니다. 회사 이익 35,752.1만원에 판례상 발명자 공헌도 10~20%(2009다75178 등)를 적용하면 정당보상 범위는 3,575~7,150만원인데, 현재 기수령액 28,390만원은 이를 현저히 상회합니다. 공지기술 항변(2009다91507) 상황도 아니고, 침해소송 승소로 ‘상당인과관계 있는 이익’(2023다237514)이 인정되더라도 독점권 기여율·사용자 공헌도 참작(2014다220347) 시 추가 증액 여지는 작고 오히려 산정기초가 줄어들 위험이 있습니다. 협상·청구·소송은 시간·비용 부담(수개월~수년)에 비해 실익이 거의 없어 현재 보상을 수용하는 것이 합리적입니다.",수용,0
294,IT,미미,3,"보상규정을 서면으로 알렸고, 작성 시 종업원과 협의했으며, 결정된 보상액도 서면으로 알림",3,매우후함,9.1536,S1,0.02,3805090,0.036,376,940,2446,3762,침해소송승소,2.8,2739.9,7671.7,411.0,1150.8,-2611.2,수용,자부심,"회사 이익 7,671.7만원 중 내가 받은 3,762만원은 약 49%로 업계 관행 대비 상당히 높은 수준이라고 판단됩니다. 회사가 보상규정을 적법하게 운영했고 보상액도 서면으로 통지한 점에서 절차적 공정성도 확인됩니다. 침해소송 승소로 발명의 가치를 공식적으로 인정받아 만족감과 자부심이 큽니다. 관계를 안정적으로 유지하면서 향후 추가 이익이 발생하면 규정에 따른 보상 기회를 기대합니다.",수용,0
295,IT,보통,1,보상규정은 있으나 종업원에게 서면으로 알린 적 없음,2,후함,4.8857,S1,0.02,4514233,0.1024,678,1694,4405,6777,사업화성공,13.8,9248.3,127626.5,1387.2,19144.0,12367.0,청구,배신감,"회사가 보상규정은 있다면서도 종업원에게 서면으로 고지하지 않아 합리성 추정이 깨지고, 제 권리가 가볍게 다뤄졌다고 느꼈습니다. 회사가 이 발명으로 공시 기준 127,626.5만원의 이익을 얻은 반면 제가 받은 보상은 6,777만원에 그쳐 합리적 추가보상 여지가 큽니다. 시효와 증거를 확보하기 위해 법적 보상 청구 절차를 즉시 개시하되, 소송 전 단계에서 합의 가능성도 열어 두겠습니다.",청구,0
293,반도체,보통,0,보상규정 자체가 없음,3,매우후함,9.7261,S1,0.03,2333993,0.0677,692,1730,4498,6920,침해소송승소,3.2,4743.3,15178.6,711.5,2276.8,-4643.2,수용,자부심,"회사 공시 기준 이익 15,178.6만원 대비 내가 받은 6,920만원은 약 45%로, 통상적인 직무발명 보상 수준을 상회합니다. 무보상 규정 상황에서 법적 절차로 추가로 얻을 수 있는 기대이익이 크지 않고, 소송 비용·시간을 감안하면 실익이 낮습니다. 침해소송 승소에 기여한 결과가 이미 금전과 명예로 인정받았다고 판단합니다.",수용,0
297,반도체,핵심,3,"보상규정을 서면으로 알렸고, 작성 시 종업원과 협의했으며, 결정된 보상액도 서면으로 알림",2,후함,5.0192,S1,0.03,3558717,0.3265,2624,6560,17057,26241,이직제안,1.4,34854.9,48796.9,5228.2,7319.5,-18921.5,수용,자부심,"회사 공시 기준 이익 48,796.9만원 대비 제가 받은 보상 26,241만원의 비율이 상당히 높아 합리적이라고 판단했습니다. 보상규정도 사전 협의와 서면 고지 등 절차가 갖춰져 있어 공정성이 확인됩니다. 법적 청구나 소송은 추가 이익 대비 시간·관계 비용이 크고 결과도 불확실합니다. 이번 성과에 대해 충분히 인정받았다고 느껴 지금은 수용이 최선이라 결정합니다.",수용,0
290,IT,보통,2,보상규정을 서면으로 알렸으나 작성·변경 시 종업원과 협의한 적 없음,0,인색,1.0045,S2,0.02,4168826,0.0949,119,298,775,1192,M&A,6.9,7913.6,54603.8,1187.0,8190.6,6998.6,청구,자부심,"보상규정을 서면 고지했으나 작성·변경 시 협의가 없어 제15조 제3항 위반으로 제6항의 정당보상 추정이 배제되므로 추가 보상 청구 여지가 큽니다. 회사 공시 이익 54,603.8만원과 2023다237514의 ‘상당인과관계 있는 이익’ 법리에 비추어 M&A 등 사후 사정까지 고려하면, 판례상 발명자 공헌도 10~20% 적용 시 약 5.46~10.92억으로 현재 지급액 1,192만원과 격차가 현저합니다. 사용자는 공지기술 항변(2009다91507)이나 독점기여율·실시료율(정보통신 2%: 2014다220347) 하향을 주장할 수 있으나, 무효사유는 감액 요소에 그칠 뿐이고 시효 10년(2009다75178) 내 청구 가능합니다. 소송은 시간·비용 부담이 커 우선 사내·조정 절차로 정식 청구해 자료개시와 협상을 압박하고, 불성실 대응 시 소 제기를 검토하는 것이 합리적입니다.",청구,0
298,IT,미미,0,보상규정 자체가 없음,3,매우후함,10.1616,S2,0.02,1661128,0.0342,173,434,1127,1734,사업화성공,19.8,1137.3,22518.5,170.6,3377.8,1643.8,청구,자부심,"보상규정이 없어 발명진흥법 제15조 제2~4항 요건을 충족하지 못하므로 제6항의 정당보상 추정도 적용되지 않아, 제1항에 따른 추가 보상청구 여지가 큽니다. 사업화가 성공했고 회사 공시 이익 22,518.5만원은 대법원 2023다237514의 ‘상당인과관계 있는 이익’에 해당할 가능성이 높습니다. 판례상 발명자 공헌도 10~20%(2009다75178 등)를 적용한 기준 2,252~4,504만원 대비 기수령 1,734만원은 현저히 부족합니다. 따라서 소송(2~3년, 비용 부담)보다는 사내·조정 절차로 추가 보상을 청구해 근거자료를 제시하며 합의를 시도하고, 불성립 시 소송을 검토하는 순차 대응이 시간·비용 대비 합리적입니다.",청구,0
299,반도체,보통,0,보상규정 자체가 없음,1,보통,2.6152,S1,0.03,4492399,0.0861,455,1138,2957,4550,사업화성공,15.7,11599.4,182110.6,1739.9,27316.6,22766.6,청구,배신감,"보상규정도 없는 상태에서 회사가 내 발명으로 약 18.2억 원(182,110.6만원)의 이익을 올렸는데, 내가 받은 보상은 4,550만원으로 약 2.5%에 불과합니다. 이는 법에서 요구하는 합리적 보상 기준에 미달할 가능성이 높다고 판단합니다. 시효를 확보하고 객관적 산정 근거(기여율·공헌도·회사이익)를 바탕으로 정당한 금액을 요구하기 위해 직무발명 보상 청구 절차를 개시하겠습니다. 다만 협상 여지는 열어 두되, 불성실하면 소송으로 전환하겠습니다.",청구,0
301,제조,미미,1,보상규정은 있으나 종업원에게 서면으로 알린 적 없음,3,매우후함,9.1286,S2,0.03,1989966,0.045,368,920,2394,3682,무효소송승소,1.5,2688.9,4033.4,403.3,605.0,-3077.0,수용,충성심,"보상규정의 서면 고지 부재로 발명진흥법 제15조 제6항의 ‘정당한 보상 간주’ 요건 충족은 어려우나, 회사 이익 4,033.4만원 대비 수령액 3,682만원은 판례상 통상 실시료율 2~3%와 발명자 공헌도 10~20% 기준(2009다75178, 2014다220347)을 적용해 산정되는 범위(수백만원대)를 현저히 상회합니다. 무효소송 승소는 독점권 기여율 산정 요소일 뿐 보상의무 면제 사유가 아니나(2014다220347), 2023다237514 법리에 비추어도 ‘상당인과관계 있는 이익’ 규모 자체가 커 보이지 않아 추가 청구의 기대이익이 낮습니다. 절차적 하자 주장 여지는 있어도 금액 측면의 실익이 작아 청구·소송(수개월~수년, 변호사 비용) 대비 비용·관계 악화 리스크가 큽니다. 따라서 현재 보상을 수용하는 것이 합리적입니다.",수용,0
296,반도체,미미,0,보상규정 자체가 없음,2,후함,4.2648,S2,0.03,3631242,0.0444,309,773,2009,3091,M&A,6.0,4832.2,28993.2,724.8,4349.0,1258.0,협상요청,자부심,"반도체 업종 특성상 법원은 회사 이익에 통상 실시료율(대법원 2009다75178·2014다220347 등에서 2~3%)과 발명자 공헌도(10~20%)를 곱해 산정하므로, 산식상 예상 보상은 수백만원대에 그쳐 현재 수령액 3,091만원은 이를 크게 상회합니다. 다만 회사에 보상규정이 없어 발명진흥법 제15조 제6항의 ‘적법 보상 간주’가 적용되지 않으므로 규정 제정 및 추가 보상에 관한 협상 여지는 있습니다. 또한 2023다237514에 따른 ‘상당인과관계 있는 이익’ 법리상 M&A 프리미엄 반영은 제한적이고 입증부담이 커 청구·소송 대비 실익이 작습니다. 따라서 현 수준을 기본으로 인정하되 규정 미비 시정을 전제로 감사·포상 또는 소액 추가보상에 대한 사내 협의를 우선 요청하는 것이 합리적입니다.",협상,0
300,제약,미미,2,보상규정을 서면으로 알렸으나 작성·변경 시 종업원과 협의한 적 없음,2,후함,4.7434,S2,0.05,838199,0.0244,73,182,473,728,무효소송승소,1.1,1022.4,1124.6,153.4,168.7,-559.3,수용,손실회피,"보상규정은 서면 고지는 했으나 §15 제3항 협의가 없어 §15 제6항의 ‘정당한 보상’ 추정은 약화되지만, 무효소송 승소로 독점권의 기여가 인정되고 공지기술 항변(2009다91507) 가능성은 낮습니다. 회사 이익 1,124.6만원 대비 지급액 728만원은 판례상 실시료율 2~3%(2011·2017 판결)와 발명자 공헌도 10~20%를 반영한 통상 범위를 크게 초과합니다. 2023다237514 법리에 따라 승계 이후 사정까지 고려해도 추가로 인정될 ‘상당인과관계 있는 이익’이 크지 않아, 협상·청구·소송의 시간·비용 대비 기대이익이 작습니다. 따라서 금전 청구는 지양하고 현 보상을 수용하되, 향후에는 §15 제3·4항 절차 준수를 회사에 요청하는 선에서 정리하는 것이 합리적입니다.",수용,0
303,반도체,미미,0,보상규정 자체가 없음,3,매우후함,9.9458,S2,0.03,4192199,0.0288,540,1350,3511,5401,M&A,7.2,3620.0,26064.0,543.0,3909.6,-1491.4,수용,손실회피,"회사에 보상규정이 없어 발명진흥법 제15조의 서면고지·협의 요건에 따른 정당보상 추정은 없지만, 공시된 이익 26,064만원 대비 내가 수령한 5,401만원은 판례상 발명자 공헌도(10~20%)만 적용한 범위의 상한을 소폭 초과한다. 더구나 대법원 2009다75178·2014다220347의 합리적 실시료율(통상 2~3%)까지 반영하면 산정액은 현재 수령액보다 작아 추가 청구의 실익이 낮다. M&A 프리미엄을 2023다237514 법리에 따라 추가 이익으로 주장할 여지는 있으나 상당인과관계 입증 부담이 크고 소송은 2~3년과 변호사 비용이 뒤따른다. 기대이익 대비 시간·비용·관계 리스크가 커서 현 보상을 수용하는 것이 합리적이다.",수용,0
308,제약,미미,0,보상규정 자체가 없음,0,인색,1.123,S1,0.05,744634,0.0254,16,40,103,159,라이선스수입,3.7,945.2,3497.2,141.8,524.6,365.6,협상요청,자부심,"보상규정도 없는 상황에서 내 발명으로 회사가 3,497.2만원의 수입을 올렸는데, 내가 받은 159만원은 기여와 성과에 비해 낮다고 느낀다. 우선 관계를 지키며 정당한 인정과 합리적 보상을 받기 위해 추가 협의를 공식적으로 요청하겠다. 협상에서는 라이선스 수입, 기여도, 업계 관행 등을 근거로 합리적 수준을 제시할 것이다. 다만 협의가 성과 없이 지연되면 법적 절차로 전환할 여지는 열어두겠다.",협상,0
306,반도체,보통,2,보상규정을 서면으로 알렸으나 작성·변경 시 종업원과 협의한 적 없음,3,매우후함,10.7609,S1,0.03,2477375,0.1157,1388,3471,9024,13883,이직제안,1.2,8600.8,10321.0,1290.1,1548.1,-12334.9,수용,자부심,"회사 공시 기준 이익 10,321만원 대비 내가 받은 보상 13,883만원이 더 커 추가 청구의 실익이 거의 없습니다. 보상규정이 협의 없이 운영된 점은 정당성 추정을 약화시키지만, 현재 금액 자체가 통상 범위를 상회합니다. 소송이나 추가 청구는 관계 악화와 시간 비용만 키울 가능성이 큽고, 이직 제안이 있는 상황에서도 불필요한 리스크입니다. 따라서 현재 보상을 수용하겠습니다.",수용,0
302,제약,핵심,1,보상규정은 있으나 종업원에게 서면으로 알린 적 없음,3,매우후함,9.7674,S2,0.05,2268594,0.3081,5120,12799,33277,51196,M&A,6.5,34943.3,227131.5,5241.5,34069.7,-17126.3,협상요청,자부심,"제약 업종 특성상 특허 독점성이 크지만, 회사 공시 이익 227,131.5만원 대비 이미 수령한 51,196만원은 판례상 발명자 공헌도(10~20%)를 단순 적용한 범위(22,713~45,426만원)를 상회해 즉시 소송의 추가 실익이 크지 않습니다. 다만 보상규정과 보상액 통지를 종업원에게 서면으로 알리지 않은 점은 발명진흥법 제15조 제2·4항 위반으로 제15조 제6항의 적정보상 추정이 배제되므로 재협의 요구의 명분이 충분합니다. 또한 M&A가 있었으므로 대법원 2023다237514 취지에 따라 특허가 거래가치에 기여한 부분이 사용자 이익에 포함될 수 있어 그 산정자료(평가보고서, 실적·밸류에이션 가정 등)를 협상 단계에서 개시하도록 요구할 여지가 있습니다. 소멸시효 10년을 유의하되, 장기·고비용 소송 전에 사내·조정 절차로 재산정과 보완지급을 먼저 협의하는 것이 비용 대비 합리적입니다.",협상,0
307,IT,보통,2,보상규정을 서면으로 알렸으나 작성·변경 시 종업원과 협의한 적 없음,2,후함,4.6037,S1,0.02,3511478,0.103,499,1248,3247,4994,침해소송승소,3.3,7231.7,23864.6,1084.8,3579.7,-1414.3,협상요청,자부심,"내 발명이 회사의 침해소송 승소와 이익 창출에 핵심적으로 기여했다고 믿습니다. 회사 공시상 이익 대비 내 보상은 약 21%로 보이나, 실제 기여율과 승소로 확보된 가치까지 반영하면 추가 보상이 타당하다고 느낍니다. 게다가 보상규정이 직원과의 협의 없이 운영된 점은 합리성 재검토의 근거가 됩니다. 관계를 유지하면서 합리적인 재산정을 이끌기 위해 우선 추가 협상을 요청합니다.",협상,0
305,제조,중요,0,보상규정 자체가 없음,3,매우후함,10.6977,S2,0.03,3427562,0.127,2096,5240,13623,20959,침해소송승소,2.5,13061.6,32654.0,1959.2,4898.1,-16060.9,수용,손실회피,"제조업 사안에서 회사에 보상규정이 없어 제15조 제6항의 정당보상 추정은 적용되지 않지만, 결국 사용자 이익과 공헌도를 기준으로 실질 판단해야 합니다. 침해소송 승소로 발생한 이익도 대법원 2023다237514 취지에 따라 상당인과관계 있는 범위에서 사용자 이익에 포함되며, 공시 이익 32,654만원이 그 기준입니다. 판례상 실시료·공헌도(2009다75178 등: 실시료 2~3%, 발명자 공헌도 10~20%)를 참작하면 발명자 몫은 약 3,265~6,531만원인데, 이미 20,959만원을 수령해 현저히 상회합니다. 추가 협상·청구·소송은 시간·비용 대비 기대이익이 낮아 실익이 없어 현 보상을 수용하고, 다만 향후를 위해 회사에 보상규정 마련을 별도 협의하는 것이 합리적입니다.",수용,0
310,반도체,중요,2,보상규정을 서면으로 알렸으나 작성·변경 시 종업원과 협의한 적 없음,1,보통,2.8556,S1,0.03,3104917,0.2414,963,2408,6262,9633,라이선스수입,4.8,22488.6,107945.3,3373.3,16191.8,6558.8,청구,배신감,"회사 보상규정은 작성·변경 시 협의가 없었고, 이는 불리한 규정의 효력을 약화시킬 수 있다고 느꼈습니다. 회사 이익 107,945.3만원 대비 내가 받은 9,633만원은 약 8.9%에 불과해, 라이선스 수입 규모에 비해 합리적 보상에 못 미친다고 판단했습니다. 시효와 증거를 확보하기 위해 우선 법적 보상 청구 절차를 개시해 정산 근거와 산식을 공식적으로 요구하겠습니다. 협상 가능성은 열어두되, 근거 없는 지연을 막기 위해 절차부터 밟는 것이 맞다고 느꼈습니다.",청구,0
313,제조,보통,1,보상규정은 있으나 종업원에게 서면으로 알린 적 없음,3,매우후함,10.2926,S1,0.03,4677725,0.059,1278,3196,8310,12784,사업화성공,16.5,8280.5,136628.2,1242.1,20494.2,7710.2,협상요청,자부심,"사업화에 성공했고, 회사 공시 이익 136,628.2만원 대비 내가 받은 12,784만원(약 9%)은 성과에 비해 낮아 보입니다. 보상규정이 있었더라도 서면 통지가 없었던 점을 감안하면, 합리적 보상을 다시 정할 여지가 충분합니다. 다만 관계를 유지하고 신속히 해결하기 위해 우선 추가 협의를 통해 기여율·공헌도 기준을 재산정하길 원합니다. 협상이 불성실할 경우에는 법적 절차를 검토하겠다는 전제로 협상을 요청합니다.",협상,0
312,IT,핵심,1,보상규정은 있으나 종업원에게 서면으로 알린 적 없음,2,후함,5.5467,S1,0.02,4230908,0.3233,2276,5690,14793,22759,라이선스수입,8.2,27355.0,224311.0,4103.2,33646.7,10887.7,협상요청,자부심,회사에 보상규정은 있었지만 서면 통지가 없었던 점은 추가 보상을 논의할 근거가 된다고 본다. 회사가 공시한 이익이 큰 만큼 현재 보상은 의미 있으나 내 기여를 더 정당하게 반영할 여지가 있다. 소송보다 관계를 유지하며 합리적 재산권·로열티 구조를 협의하는 편이 시간·비용 면에서 유리하다고 판단했다.,협상,0
311,제약,미미,0,보상규정 자체가 없음,2,후함,5.1642,S2,0.05,4722848,0.0482,882,2204,5730,8816,이직제안,1.3,11381.5,14796.0,1707.2,2219.4,-6596.6,수용,손실회피,"보상규정이 없어 발명진흥법 제15조 제2~4항의 안전장치(제15조 제6항) 혜택은 사용자에게 적용되지 않으나, 규정 부재만으로 추가금이 보장되지는 않습니다. 공시된 이익 14,796만원 대비 판례상 발명자 공헌도 10~20%(대법원 2009다75178 등)를 적용하면 1,480~2,959만원 수준인데, 이미 받은 8,816만원은 이를 크게 상회하여 2023다237514의 ‘상당인과관계 있는 이익’ 법리로 보아도 추가 인상 여지는 낮습니다. 협상·청구·소송은 수개월~수년의 시간과 비용이 들고, 이직제안 등 관계 리스크에 비해 기대이익이 제한적입니다. 따라서 현 보상을 수용하되, 별도로 비분쟁 방식으로 보상규정 마련을 회사에 건의하는 것이 현실적입니다.",수용,0
309,IT,핵심,0,보상규정 자체가 없음,2,후함,4.9813,S2,0.02,1327913,0.3723,739,1847,4802,7388,라이선스수입,4.5,9887.8,44495.1,1483.2,6674.3,-713.7,협상요청,자부심,"보상규정이 없어 발명진흥법 제15조 제2~4항을 충족하지 못하므로 제6항의 ‘정당한 보상’ 추정이 미치지 않고, 제1항에 따른 정당보상을 별도로 다툴 수 있습니다. 회사 공시 라이선스수입 44,495.1만원은 2023다237514 판례의 ‘상당인과관계 있는 이익’에 해당하고, 종전 판례상의 발명자 공헌도 10~20%를 적용하면 제 몫의 합리적 범위는 약 4,450~8,899만원이며 현재 7,388만원은 상한 대비 약 1,511만원 부족합니다. 소송은 2~3년과 높은 비용 대비 기대 추가액이 크지 않은 반면, 규정 부재를 레버리지로 한 상향 정산 협상은 수개월 내 저비용 실익이 큽니다. 따라서 회사에 보상규정 제정과 20% 상한 기준의 추가보상을 공식 서면으로 요청하고, 불응 시 조정·청구 단계로의 에스컬레이션을 예고하겠습니다.",협상,0
315,제조,중요,1,보상규정은 있으나 종업원에게 서면으로 알린 적 없음,2,후함,4.3661,S1,0.03,4617141,0.1963,1781,4452,11576,17809,무효소송승소,1.8,27192.4,48946.3,4078.9,7341.9,-10467.1,협상요청,자부심,"보상규정이 있으나 서면 고지가 없어 합리성 추정이 어려운 상황입니다. 무효소송 승소와 공시된 이익을 보면 제 발명의 기여가 크게 인정됩니다. 이미 받은 보상도 의미 있지만, 합리적 산식과 기여율을 기준으로 추가 보상이 가능한지 재산정이 필요하다고 봅니다. 우선 회사와의 관계를 유지하며 성실한 협의를 요청하겠습니다.",협상,0
314,반도체,미미,0,보상규정 자체가 없음,3,매우후함,10.2441,S1,0.03,4315822,0.0404,803,2007,5219,8029,사업화성공,19.1,5225.3,99803.2,783.8,14970.5,6941.5,협상요청,자부심,"보상규정이 전혀 없는 상태에서 일시금만 지급된 것은 법이 요구하는 합리적 보상 절차와 산정 근거가 부족하다고 느꼈습니다. 회사가 공시한 이익 대비 내 보상은 약 8% 수준으로, 기술 기여율과 발명자 공헌도를 반영한 투명한 재산정이 필요합니다. 우선 회사와 관계를 유지하며 추가 보상과 규정 마련을 협의하되, 협의가 불성실하면 법적 절차도 검토하겠습니다.",협상,0
318,제조,중요,1,보상규정은 있으나 종업원에게 서면으로 알린 적 없음,0,인색,1.0071,S1,0.03,1732228,0.2203,173,432,1124,1729,라이선스수입,3.1,11446.5,35484.2,1717.0,5322.6,3593.6,청구,배신감,"회사에 보상규정이 있다면서도 종업원에게 서면으로 알리지 않은 점에서 규정의 신뢰와 공정성이 훼손됐다고 느낍니다. 발명으로 회사가 공시한 이익이 35,484.2만원인데, 내가 받은 1,729만원은 이에 비해 현저히 적습니다. 라이선스 수입으로 회사의 이익이 명확하므로 정당한 보상을 받기 위해 법적 청구 절차를 즉시 개시하겠습니다. 협상은 청구와 병행할 수 있으나 권리를 분명히 해 두는 것이 우선이라 판단합니다.",청구,0
304,IT,미미,2,보상규정을 서면으로 알렸으나 작성·변경 시 종업원과 협의한 적 없음,1,보통,2.5717,S2,0.02,2037189,0.0478,75,188,488,751,사업화성공,10.7,1948.1,20844.7,292.2,3126.7,2375.7,수용,손실회피,"IT 업종이고 회사 이익 20,844.7만 원인 점에서, 판례(2014다220347)상의 실시료율 약 2%와 발명자 공헌도 10~20%(2009다75178)를 적용하면 예상 보상은 약 42만~83만 원에 그칩니다. 회사는 제15조 제3항 협의의무를 이행하지 않아 제15조 제6항의 추정은 어렵지만, 현재 수령한 751만 원은 위 산정치를 크게 상회합니다. 2023다237514 법리에 비추어 사후 사정을 감안하더라도 현금액을 초과할 여지는 크지 않고, 청구·소송은 수개월~수년과 비용 부담에 비해 추가 실익이 낮습니다. 따라서 추가 분쟁보다는 현재 보상을 수용하는 것이 합리적입니다.",수용,0
316,제조,미미,2,보상규정을 서면으로 알렸으나 작성·변경 시 종업원과 협의한 적 없음,1,보통,2.4356,S2,0.03,1960459,0.032,69,172,447,688,이직제안,1.2,1881.9,2258.3,282.3,338.7,-349.3,수용,손실회피,"제조업 특성과 판례(2009다75178·2014다220347)의 실시료율 2~3% 및 발명자 공헌도 10~20%를 감안하면, 회사 공시 이익 2,258.3만원 대비 내가 받은 688만원은 통상 산정범위를 상회합니다. 보상규정이 서면 통지되었으나 협의의무(발명진흥법 제15조 제3항) 미이행으로 제15조 제6항의 추정효는 어렵지만, 보상액 자체가 사용자 이익과 공헌도를 고려한 것으로 추가 증액 논거가 약합니다. 2023다237514의 ‘상당인과관계 있는 이익’ 법리에 비추어도 공시된 이익 범위 내에서 더 큰 이익을 인정받을 여지는 크지 않고, 청구·소송은 시간(수개월~수년)과 비용 대비 기대수익이 낮습니다. 따라서 현 보상을 수용하되, 절차상 하자는 향후 규정 개선 및 사전 협의 요청으로 보완하는 것이 합리적입니다.",수용,0
322,제조,미미,0,보상규정 자체가 없음,3,매우후함,8.6388,S1,0.03,4024530,0.035,548,1369,3558,5475,무효소송승소,1.7,4225.2,7182.8,633.8,1077.4,-4397.6,수용,자부심,"회사 공시 기준 이익 7,182.8만원 대비 내가 받은 5,475만원은 상당한 수준으로, 통상적인 직무발명 보상 비율을 감안하면 합리적입니다. 회사가 무효소송에서 승소하며 권리를 방어한 점도 고려하면 추가 청구보다는 현재 보상을 수용하는 편이 분쟁 비용과 관계 리스크를 줄입니다. 보상규정이 없지만 이미 실질 보상이 이뤄졌고, 추가 법적 절차는 시간·비용 대비 불확실성이 큽니다. 내 성과가 충분히 인정받았다고 느끼며 이 정도 선에서 마무리하겠습니다.",수용,0
321,제조,보통,1,보상규정은 있으나 종업원에게 서면으로 알린 적 없음,0,인색,0.9641,S1,0.03,1599992,0.0951,66,165,429,660,무효소송승소,1.7,4567.0,7763.9,685.0,1164.6,504.6,협상요청,자부심,"회사 보상규정이 있으나 종업원에게 서면 통지가 없어 규정의 구속력이 약하고, 법정 ‘정당한 보상’ 추가 청구 여지가 큽니다. 무효소송 승소와 공시된 회사 이익(7,763.9만원)은 발명의 경제적 가치와 기여도를 뒷받침합니다. 지금까지 수령한 660만원의 산정 근거와 비율은 재검토가 필요합니다. 소송 전 단계에서 비용·관계 리스크를 줄이기 위해 우선 추가 협상을 요청합니다.",협상,0
319,제약,미미,0,보상규정 자체가 없음,3,매우후함,9.1844,S2,0.05,3534985,0.036,877,2192,5701,8770,이직제안,1.4,6366.1,8912.5,954.9,1336.9,-7433.1,수용,자부심,"회사는 보상규정이 없어 발명진흥법 제15조 제6항의 정당보상 추정은 받지 못하지만, 제15조 제1항에 따른 정당보상 판단에서는 사용자 이익과 공헌도를 함께 봐야 합니다. 공시된 사용자 이익 8,912.5만원 대비 제가 받은 8,770만원은 대법원 2009다75178의 발명자 공헌도 10~20% 및 2014다220347의 낮은 실시료율 경향을 감안할 때(참고치 891~1,782만원) 현저히 높은 수준입니다. 최신 법리인 2023다237514의 ‘상당인과관계 있는 이익’을 고려하더라도 추가로 인정될 여지는 작고, 청구·소송은 시간·비용 대비 실익이 거의 없으며 이직 국면에서 분쟁 리스크만 큽니다. 따라서 현재 보상을 수용하는 것이 합리적입니다.",수용,0
324,제조,중요,2,보상규정을 서면으로 알렸으나 작성·변경 시 종업원과 협의한 적 없음,2,후함,4.8778,S1,0.03,4095854,0.2088,1878,4694,12203,18775,무효소송승소,1.3,25660.2,33358.3,3849.0,5003.7,-13771.3,수용,자부심,"회사 공시 기준 이익 3.33억원 중 내가 받은 보상은 1.88억원으로 약 56%에 달해 업계 평균을 크게 상회합니다. 보상규정 협의 부재로 다툼 여지가 있으나, 무효소송 승소 등 회사가 부담한 리스크와 기여도도 고려해야 합니다. 추가 법적 청구로 얻을 기대이익이 비용과 관계 손상을 상쇄할 만큼 크지 않아 보입니다. 현재 보상을 수용하고 향후 평가·승진·추가 인센티브에 반영되도록 관계를 긍정적으로 유지하겠습니다.",수용,0
320,제약,미미,0,보상규정 자체가 없음,0,인색,1.0253,S2,0.05,4228578,0.0439,143,357,928,1428,라이선스수입,8.4,9282.7,77974.7,1392.4,11696.2,10268.2,청구,자부심,"제약 분야에서 보상규정 자체가 없는 것은 발명진흥법 제15조 제2~4항 위반 소지가 있어 제15조 제6항의 ‘정당보상’ 추정이 배제됩니다. 라이선스수입이 발생했고 공시 이익 77,974.7만원은 대법원 2023다237514의 ‘상당인과관계 있는 이익’에 해당하므로, 기수령 1,428만원은 판례상 발명자 공헌도(10~20%)를 보수적으로 적용한 추정액 7,797~15,595만원에 현저히 못 미칩니다. 2009다75178에 따른 10년 소멸시효 유의가 필요하고, 2009다91507의 공지기술 항변 가능성은 있으나 실질적 라이선스 이익이 존재해 사용자 독점이익 부정 논리는 약합니다(2014다220347도 무효 사유는 감액 요소에 그침). 소송은 2~3년과 비용 부담이 커 우선 사내·조정 절차로 법정 보상 산식과 증빙을 제시해 추가 보상을 공식 청구하는 것이 비용 대비 실익이 큽니다.",청구,0
326,반도체,핵심,0,보상규정 자체가 없음,3,매우후함,8.5996,S1,0.03,4620414,0.4906,8771,21928,57012,87711,무효소송승소,1.5,67996.6,101994.9,10199.5,15299.2,-72411.8,수용,자부심,"회사 공시 기준 이익 101,994.9만원 대비 내가 받은 보상 87,711만원은 약 86%로, 통상적 수준을 크게 상회합니다. 회사에 보상규정이 없더라도 무효소송 승소 과정의 방어 기여와 비용을 감안하면 이미 충분히 정당한 보상으로 보입니다. 추가 요구는 관계 악화와 불확실한 분쟁 리스크만 키울 수 있어 지금은 수용이 합리적입니다. 이번 성과에 대한 자부심을 갖고 향후 협업과 추가 발명 기회에 집중하겠습니다.",수용,0
323,IT,미미,0,보상규정 자체가 없음,1,보통,2.5346,S1,0.02,2280585,0.0429,74,186,483,743,M&A,3.7,1955.0,7233.5,293.2,1085.0,342.0,협상요청,자부심,"회사가 보상규정조차 없는 상태에서 지급된 743만원은 회사가 공시한 이익(7,233.5만원)에 비해 내 기여와 시장 파급을 충분히 반영하지 못한 느낌입니다. 특히 M&A까지 이루어졌다면 발명으로 인한 기업가치 상승분이 보상 산정에 충분히 고려되지 않았을 수 있습니다. 먼저 회사와 합리적 기준(이익 산정 범위, 사용자/발명자 공헌도)에 근거해 추가 보상을 협의하겠습니다. 협의가 진전되지 않으면 법적 청구를 검토한다는 전제를 분명히 하겠습니다.",협상,0
317,반도체,중요,0,보상규정 자체가 없음,2,후함,4.7001,S2,0.03,2923887,0.1711,1058,2645,6878,10581,라이선스수입,6.7,15007.9,100552.9,2251.2,15082.9,4501.9,청구,자부심,"보상규정이 없어 법 제15조 제2~4항 미준수로 제6항의 정당보상 추정이 배제되어 추가 보상 청구 여지가 큽니다. 라이선스수입 100,552.9만원은 발명과 상당인과관계 있는 이익으로 볼 수 있어(대법 2023다237514) 공지기술 항변은 실제 라이선스 존재상 설득력이 약합니다(2009다91507 참조). 현재 수령 10,581만원(약 10.5%)은 판례상 발명자 공헌도 10~20% 하단에 그쳐 추가 상향 여지가 있고, 특허 무효 사유 등은 독점권 기여율에서만 참작될 뿐 보상의무를 면제하지 않습니다(2014다220347). 소송은 2~3년·비용 부담이 커 우선 사내·조정 절차로 ‘청구’를 진행해 자료(라이선스 계약, 패키지 여부, 기여율)를 확보하고 소멸시효 10년을 관리한 뒤 불성립 시 소송을 검토합니다(2009다75178).",청구,0
328,반도체,핵심,1,보상규정은 있으나 종업원에게 서면으로 알린 적 없음,0,인색,0.9445,S1,0.03,2870239,0.4434,541,1352,3517,5410,사업화성공,10.5,38182.5,400916.2,5727.4,60137.4,54727.4,청구,배신감,"회사 공시 기준으로 이 발명에서 발생한 이익이 약 40억 원인데, 내가 받은 보상 5,410만 원은 비율상 매우 낮습니다. 보상규정이 있었더라도 종업원에게 서면으로 알리지 않았다면 그 규정으로 보상액을 제한하기 어렵습니다. 합리적 보상을 위해 법정에서 정한 절차에 따라 직무발명 보상 청구를 즉시 개시하겠습니다. 필요하면 청구 과정에서 회사와의 협상도 병행하겠습니다.",청구,0
325,반도체,미미,3,"보상규정을 서면으로 알렸고, 작성 시 종업원과 협의했으며, 결정된 보상액도 서면으로 알림",1,보통,2.4778,S2,0.03,3050460,0.0354,121,302,783,1206,이직제안,1.1,3243.7,3568.1,486.6,535.2,-670.8,수용,손실회피,"사용자가 보상규정을 작성·협의·서면통지한 사실이 있어 발명진흥법 제15조 제6항의 정당보상 추정이 작동하며, 이를 뒤집으려면 사용자 이익과 공헌도 고려 누락을 입증해야 합니다. 반도체 분야 특성 및 판례상 실시료율 2~3%(2014다220347, 2009다75178)를 감안하면 회사 공시 이익 3,568.1만원 대비 수령액 1,206만원(약 34%)은 발명자 공헌도 10~20% 기준을 고려해도 통상 기대액을 현저히 상회합니다. 이직 제안은 2023다237514 취지상 후발 사정으로 참작될 수 있으나 사용자 이익과의 상당인과관계 입증이 약해 추가 보상 확보 가능성은 낮습니다. 청구·소송은 시간·비용 부담이 큰 반면 기대이익이 제한적이므로 현재 보상을 수용하는 것이 합리적입니다.",수용,0
329,제약,핵심,1,보상규정은 있으나 종업원에게 서면으로 알린 적 없음,2,후함,5.2237,S1,0.05,2793746,0.3282,3592,8980,23350,35922,침해소송승소,2.9,45844.9,132950.2,6876.7,19942.5,-15979.5,협상요청,배신감,"회사에 보상규정이 있었지만 종업원에게 서면 고지가 없었으므로 그 규정의 구속력이 약해 추가 보상을 요구할 여지가 큽니다. 침해소송 승소로 회사가 공시 기준 132,950.2만원의 이익을 얻은 반면, 제가 받은 35,922만원은 성과 대비 합리성 재검토가 필요합니다. 관계를 해치지 않으면서 실익을 빠르게 확보하기 위해 우선 추가 협의를 정식으로 요청하겠습니다. 협상이 성과 없이 지연되면 즉시 정당한 보상 청구 및 소송으로 전환할 준비입니다.",협상,0
332,제조,중요,3,"보상규정을 서면으로 알렸고, 작성 시 종업원과 협의했으며, 결정된 보상액도 서면으로 알림",1,보통,2.6042,S1,0.03,660472,0.2576,199,498,1297,1994,M&A,4.7,5103.7,23987.4,765.6,3598.1,1604.1,협상요청,자부심,"회사 공시 기준 이익 23,987.4만원 대비 내가 받은 보상 1,994만원은 약 8% 수준으로, 내부 규정을 지켰더라도 실제 기여와 성과에 비해 낮다고 느낍니다. 특히 M&A로 기술의 가치가 더 크게 실현됐을 가능성이 있어 그 부분을 반영한 합리적 보상 산정을 요구하고 싶습니다. 우선 회사와 추가 산정 근거와 기여율·공헌도에 대해 투명하게 재협의해 원만히 해결해보겠습니다. 협의가 불성실하거나 진전이 없을 경우에는 법적 절차도 검토할 여지를 남기겠습니다.",협상,0
327,IT,보통,1,보상규정은 있으나 종업원에게 서면으로 알린 적 없음,2,후함,4.633,S2,0.02,4484610,0.1031,643,1607,4178,6428,라이선스수입,9.7,9249.8,89723.1,1387.5,13458.5,7030.5,청구,자부심,"IT 업종 특성상 2014다220347의 낮은 실시료율(2%)가 참작되나, 본 건은 특허로 인한 라이선스수입이 존재해 2023다237514 취지대로 ‘상당인과관계 있는 이익’ 자체를 산정기준으로 볼 수 있습니다. 회사는 보상규정을 종업원에게 서면 고지하지 않아 발진법 제15조 제2~4항 요건을 충족하지 못했고, 제6항의 정당보상 추정도 미달합니다. 공시 이익 89,723.1만원에 판례상 발명자 공헌도 10~20%를 적용하면 8,972~17,945만원이나, 기수령 6,428만원은 하한에도 못 미쳐 약 2,544~11,517만원의 추가 보상 여지가 있습니다. 시간·비용을 고려하면 당장은 소송보다 사내 절차 및 조정 중심의 ‘청구’를 개시해 라이선스 계약과 비용, 독점권 기여율 자료로 협상력을 확보하고, 불성립 시 소송 전환이 최적입니다.",청구,0
330,제조,보통,0,보상규정 자체가 없음,1,보통,2.6116,S2,0.03,829824,0.0705,69,172,447,688,이직제안,1.1,1755.5,1931.1,263.3,289.7,-398.3,수용,손실회피,"제조업 특성·판례(2009다75178, 2014다220347)를 감안하면 통상 실시료율 2~3%, 발명자 공헌도 10~20%가 기준인데, 회사 공시 이익 1,931.1만원에 이를 적용하면 193~386만원 수준이며 나는 이미 688만원을 받아 정당보상 범위를 현저히 상회합니다. 회사에 보상규정이 없어 발명진흥법 제15조 제2~4항의 적법보상 추정은 누릴 수 없지만, 그 자체가 추가보상을 당연히 의미하지는 않아 규정 마련 요구의 근거가 될 뿐입니다. 최신 법리(2023다237514)의 ‘상당인과관계 있는 이익’을 원용해도 추가 산정 여지가 크지 않고, 청구·소송은 각 수개월 및 2~3년 소요·비용 부담 대비 실익이 낮으며 이직제안 상황에서 분쟁 리스크도 큽니다. 따라서 현 보상을 수용하고, 별도로 회사에 향후 보상규정 정비를 요구하는 것이 총비용 대비 합리적입니다.",수용,0
334,반도체,미미,0,보상규정 자체가 없음,2,후함,5.5434,S2,0.03,4138243,0.0335,346,865,2249,3460,M&A,7.1,4161.1,29543.8,624.2,4431.6,971.6,협상요청,자부심,"보상규정이 없어 발명진흥법 제15조 제2~4 위반 상태로 제15조 제6항의 정당보상 추정이 작동하지 않으므로 추가보상 협의 여지가 큽니다. 공시된 회사 이익 29,543.8만원에 판례상 발명자 공헌도 10~20%를 적용하면 2,954~5,909만원 범위인데, 기수령 3,460만원은 하한에 가까워 가산 여지가 있습니다. 또한 M&A가 있어 대법원 2023다237514 판결에 따라 승계 이후 사정이 반영된 ‘상당인과관계 있는 이익’을 주장할 수 있습니다. 다만 청구·소송은 수개월~수년과 변호사 비용 부담이 크므로 우선 회사에 보상규정 마련과 추가 지급(예: 중간값 부근)을 협상하는 것이 실익이 큽니다.",협상,0
331,반도체,미미,0,보상규정 자체가 없음,3,매우후함,10.8895,S2,0.03,3172332,0.0386,600,1501,3902,6003,무효소송승소,1.9,3675.6,6983.6,551.3,1047.5,-4955.5,수용,자부심,"반도체 분야는 합리적 실시료율이 낮게 책정되는 경향이 있고(대법 2014다220347 2% 참조), 보상규정 부재는 발명진흥법 제15조 2~4항 위반으로 사용자 측 안전장치가 없을 뿐 보상액을 자동 가산시키지는 않습니다. 무효소송 승소는 독점이익을 뒷받침하나, 대법 2023다237514 취지상 ‘상당인과관계 있는 이익’ 범위 내에서만 반영됩니다. 회사 이익 6,983.6만원 대비 기수령 6,003만원은 판례상 발명자 공헌도 10~20%(대법 2009다75178 등) 기준으로 본 예상액 698~1,397만원을 크게 상회하여 추가 청구의 실익이 미미합니다. 청구·소송은 수개월~수년과 비용 부담에 비해 기대효용이 낮으므로, 현 단계에서는 현 보상을 수용하는 것이 합리적입니다.",수용,0
333,제약,핵심,0,보상규정 자체가 없음,0,인색,0.8606,S2,0.05,1982084,0.3041,389,973,2529,3891,이직제안,1.3,30136.9,39178.0,4520.5,5876.7,1985.7,협상요청,자부심,"제약 분야 판례상 발명자 공헌도는 10~20%가 통상이며, 회사 공시 이익 39,178만원 기준 최소 3,918만원은 하한으로 볼 수 있습니다. 현재 수령액 3,891만원은 하한에 근접·미달하므로 보완 지급 및 중간값(약 15%) 재산정 요구 여지가 있습니다. 회사는 보상규정이 없어 발명진흥법 제15조 제2~4항을 준수하지 못해 제6항의 정당보상 추정도 받지 못하므로, 이를 근거로 우선 협상 레버리지가 큽니다. 2023다 판결의 ‘상당인과관계 있는 이익’ 다툼 가능성과 소송(2~3년·비용) 부담을 감안하면, 이직제안이 있는 상황에서는 신속한 합의를 우선 모색하는 편익이 큽니다.",협상,0
336,제조,미미,3,"보상규정을 서면으로 알렸고, 작성 시 종업원과 협의했으며, 결정된 보상액도 서면으로 알림",2,후함,4.5902,S1,0.03,3027299,0.0275,172,430,1120,1722,침해소송승소,2.3,2500.6,5751.4,375.1,862.7,-859.3,수용,자부심,"회사가 보상규정을 적법하게 운영했고, 발명으로 인한 회사 이익 5,751.4만원 중 1,722만원(약 30%)을 보상받아 합리적 수준이라고 판단했습니다. 침해소송 승소로 발명의 가치가 공적으로 확인된 만큼, 지금은 갈등을 키우기보다 결과를 긍정적으로 받아들이고 싶습니다. 추가 법적 절차는 시간과 관계 비용이 커 보이며, 향후 성과에 대한 투명한 정산이 이어지는지 모니터링하겠습니다. 우리 성과가 회사에 기여했다는 자부심이 커서 이 결정을 택합니다.",수용,0
335,제약,중요,2,보상규정을 서면으로 알렸으나 작성·변경 시 종업원과 협의한 적 없음,1,보통,2.3027,S1,0.05,2699846,0.1956,912,2280,5930,9122,M&A,3.5,26408.5,92429.8,3961.3,13864.5,4742.5,협상요청,자부심,보상규정이 제·개정될 때 종업원과의 협의가 없었다는 점에서 규정의 공정성에 의문이 듭니다. 공시된 발명이익(약 9.24억 원)에 비해 제가 받은 보상(약 0.91억 원)은 제 기여와 제약산업의 특성을 고려하면 재산정이 필요하다고 느낍니다. M&A로 의무가 승계된 만큼 현재 회사와 우선 합리적 추가보상을 협의하겠습니다. 협의가 불성실하거나 결렬되면 법적 절차로 전환한다는 전제로 협상을 요청합니다.,협상,0
339,제약,미미,0,보상규정 자체가 없음,0,인색,0.8785,S1,0.05,1195150,0.0476,38,94,243,375,사업화성공,16.4,2845.5,46666.2,426.8,6999.9,6624.9,청구,배신감,보상규정조차 없는 상태에서 회사가 발명으로 큰 이익을 얻었는데 내가 받은 보상은 현저히 불균형합니다. 발명진흥법상 정당한 직무발명 보상을 받을 권리가 있어 법적 보상 청구로 합리적 산정을 요구하겠습니다. 청구 절차를 통해 이익자료와 산정 근거를 확보하고 시효를 중단하겠습니다. 협상이 불성실하거나 결렬될 경우 소송으로 이어갈 준비도 병행하겠습니다.,청구,0
337,제약,중요,3,"보상규정을 서면으로 알렸고, 작성 시 종업원과 협의했으며, 결정된 보상액도 서면으로 알림",3,매우후함,10.4716,S2,0.05,906974,0.2676,1906,4766,12393,19065,침해소송승소,3.9,12137.1,47334.7,1820.6,7100.2,-11964.8,수용,자부심,"사용자가 제15조 제2~4항 절차를 준수해 서면 고지·협의를 마쳤으므로 제15조 제6항의 정당보상 추정이 우선 작동합니다. 침해소송 승소는 2023다237514 취지의 ‘상당인과관계 있는 이익’을 뒷받침하지만, 추가지급을 당연히 확장하는 사정은 아닙니다. 회사 공시 이익 47,334.7만원 대비 수령액 19,065만원은 약 40%로, 대법원 2009다75178 등 판례상 발명자 공헌도 10~20%(및 통상 실시료율 2~3%) 기준을 현저히 상회하여 이익·공헌을 충분히 반영한 금액으로 보입니다. 추가 협상·소송은 시간·비용 대비 실익이 낮아 현재 보상을 수용하는 것이 합리적입니다.",수용,0
342,제약,핵심,3,"보상규정을 서면으로 알렸고, 작성 시 종업원과 협의했으며, 결정된 보상액도 서면으로 알림",1,보통,2.1567,S1,0.05,2459694,0.4354,1732,4331,11261,17324,무효소송승소,1.7,53551.1,91036.9,8032.7,13655.5,-3668.5,수용,자부심,"회사 보상규정이 사전 협의와 서면 고지까지 갖춰 합리성이 높다고 판단합니다. 무효소송 승소로 발명 가치가 공적으로 확인되었고, 회사 공시 이익 대비 이미 약 19%에 이르는 의미 있는 보상을 받았습니다. 추가 청구나 소송은 시간·관계 비용 대비 기대 이익이 크지 않아 현재로서는 수용이 합리적입니다. 인정받은 성과를 바탕으로 향후 협력과 더 큰 성과 창출에 집중하고자 합니다.",수용,0
343,반도체,미미,0,보상규정 자체가 없음,1,보통,2.1306,S1,0.03,1622258,0.0397,62,154,401,617,무효소송승소,1.2,1930.4,2316.5,289.6,347.5,-269.5,협상요청,자부심,"회사가 보상규정이 없다는 점은 법정상 상당한 보상과 제도 정비 요구에 협상 여지가 크다는 의미입니다. 무효소송 승소로 발명의 실질적 기여가 입증되었으므로 추가 성과반영과 향후 수익 확대 가능성을 반영한 보상을 요구하겠습니다. 현재 지급액은 공시된 이익 대비 비율이 낮지 않지만, 소송 비용과 리스크를 고려하면 우선 원만한 추가 협의가 더 효율적입니다. 협상이 불성공일 경우 법적 청구로 전환할 수 있음을 전제하고 대화에 나서겠습니다.",협상,0
341,반도체,중요,1,보상규정은 있으나 종업원에게 서면으로 알린 적 없음,1,보통,2.5404,S1,0.03,949767,0.1404,152,381,991,1524,침해소송승소,2.8,4000.8,11202.2,600.1,1680.3,156.3,협상요청,자부심,"제 발명이 침해소송 승소로 이어져 회사가 11,202.2만원의 이익을 얻은 만큼, 제 기여에 대한 정당한 인정과 보상이 더 필요하다고 느낍니다. 현재 수령한 1,524만원은 기여·성과 대비 적정한지 다시 산정할 여지가 있습니다. 특히 보상규정이 있었음에도 종업원에게 서면 고지가 없었던 절차상 하자가 있어, 이를 근거로 합리적인 추가 보상을 우선 협의하고자 합니다. 협의가 원만히 되지 않으면 법적 절차도 검토할 생각입니다.",협상,0
340,제조,핵심,3,"보상규정을 서면으로 알렸고, 작성 시 종업원과 협의했으며, 결정된 보상액도 서면으로 알림",0,인색,1.0183,S1,0.03,966862,0.2838,126,314,818,1258,사업화성공,5.2,8232.4,42808.5,1234.9,6421.3,5163.3,협상요청,자부심,"사업화가 성공해 회사가 약 4.28억원의 이익을 얻은 반면, 내가 받은 보상 1,258만원은 체감상 비율이 낮습니다. 보상규정 고지는 적법했지만, 실제 성과와 발명 기여도가 충분히 반영됐는지 의문입니다. 우선 회사와 추가 협의를 통해 정당한 보상률과 산정근거(귀속이익, 공헌도)를 재검토하겠습니다. 신뢰 관계를 유지하되 협의가 원만하지 않으면 다음 단계도 대비하겠습니다.",협상,0
338,제조,중요,0,보상규정 자체가 없음,2,후함,5.1562,S2,0.03,1898597,0.2002,882,2205,5733,8820,침해소송승소,3.0,11404.1,34212.3,1710.6,5131.8,-3688.2,협상요청,손실회피,"제조 산업 특성상 판례상 실시료율 2~3%·발명자 공헌도 10~20%가 통상이고, 회사 이익 34,212.3만원 기준 산정치 3,421~6,842만원보다 현재 수령액 8,820만원이 높아 소송으로 추가 증액 실익은 제한적입니다. 다만 회사에 보상규정이 없어 발명진흥법 제15조 제2~4항 미준수 상태로, 제6항의 정당보상 추정도 못 얻어 향후 분쟁 소지가 큽니다. 침해소송 승소로 독점이익 존재가 확인되었고(대법원 2023다237514), 이익 계상 범위와 시효(10년, 2009다75178)를 포함한 보상 확정 내용을 서면으로 정리할 필요가 있습니다. 소송은 2~3년과 비용 부담 대비 기대효과가 작으므로, 우선 규정 제정과 보상 확정·추가분 여부를 놓고 사내 협의를 요청하는 것이 비용 대비 실익이 큽니다.",협상,0
344,제조,미미,2,보상규정을 서면으로 알렸으나 작성·변경 시 종업원과 협의한 적 없음,1,보통,2.7029,S2,0.03,3455070,0.0219,92,230,597,919,침해소송승소,4.5,2266.9,10201.1,340.0,1530.2,611.2,청구,자부심,"보상규정을 서면 고지했더라도 종업원과의 협의가 없었으므로 발명진흥법 제15조 제3항 위반 소지가 커 제15조 제6항의 ‘정당한 보상’ 간주를 받기 어렵습니다. 침해소송 승소로 확정된 10,201.1만원은 2023다237514 판결의 ‘상당인과관계 있는 이익’에 해당하고, 공지기술 항변에 따른 면책 사정도 보이지 않습니다. 판례상 발명자 공헌도 10~20%를 적용하면 1,020~2,040만원인데, 기수령액 919만원은 하한에도 못 미쳐 추가 보상 여지가 큽니다. 다만 소송은 기간·비용 부담이 과도하므로 우선 사내·조정 중심의 ‘청구’ 절차로 공식 문제제기를 하여 협상·조정 종결을 노리겠습니다.",청구,0
350,IT,미미,3,"보상규정을 서면으로 알렸고, 작성 시 종업원과 협의했으며, 결정된 보상액도 서면으로 알림",0,인색,0.8859,S1,0.02,4879227,0.0268,35,87,225,347,무효소송승소,1.9,2610.7,4960.3,391.6,744.0,397.0,협상요청,자부심,"회사가 보상규정을 준수했더라도, 내가 받은 347만원은 회사가 공개한 이익 4,960.3만원 대비 낮아 보입니다. 무효소송 승소로 발명의 유효성과 가치가 입증된 만큼 합리적 보상 재산정이 필요합니다. 우선 관계를 유지하면서 객관적 근거를 제시해 증액 협의를 요청하겠습니다. 협의가 원만하지 않을 경우 이후 절차도 열어두겠습니다.",협상,0
345,제약,핵심,1,보상규정은 있으나 종업원에게 서면으로 알린 적 없음,2,후함,5.5506,S2,0.05,886777,0.3163,1168,2919,7589,11676,라이선스수입,9.9,14023.1,138828.7,2103.5,20824.3,9148.3,청구,자부심,"회사는 보상규정이 있으나 제15조 2~4항상 서면 통지·협의·결과 통지를 하지 않아 제15조 6항의 ‘정당한 보상 간주’ 보호를 받기 어렵고, 라이선스 수입으로 사용자 이익(138,828.7만원)이 존재함이 명백합니다. 판례(2009다75178의 10년 소멸시효, 2014다220347, 2023다237514의 ‘상당인과관계 있는 이익’)에 비추어도 공지기술 사정이 특별히 드러나지 않는 이상 이익에 실시료율·공헌도를 반영해야 하며, 현재 수령액 11,676만원은 발명자 공헌도 10~20% 적용 시 도출되는 13,883~27,766만원에 미달합니다. 수용은 손해이고 단순 협상요청은 레버리지가 약한 반면, 청구는 소송 대비 비용·시간 부담이 낮으면서 소멸시효 관리와 증빙 제출을 통해 추가보상 산정의 공적 틀을 마련할 수 있습니다. 다만 회사가 불응하거나 저평가할 경우 그 기록을 바탕으로 소송 전환을 검토하겠습니다.",청구,0
346,IT,보통,1,보상규정은 있으나 종업원에게 서면으로 알린 적 없음,3,매우후함,8.753,S2,0.02,2910276,0.0511,390,976,2538,3904,이직제안,1.5,2973.6,4460.4,446.0,669.1,-3234.9,수용,자부심,"산업이 IT라 2014다220347 등에서 보듯 통상 실시료율·발명자 공헌도 산정이 보수적(공헌도 10~20%)인 점을 전제로 검토했습니다. 보상규정이 서면 통지되지 않아 제15조 제2항 위반으로 제15조 제6항의 ‘정당보상’ 간주가 어렵지만, 이는 절차상 흠결일 뿐 금액 과소 입증이 있어야 실익이 있습니다. 공시된 사용자 이익 4,460.4만원에 공헌도 10~20%를 적용하면 446~892만원인데, 이미 3,904만원을 수령해 이를 현저히 상회하며 2023다237514의 ‘상당인과관계 있는 이익’ 법리로 보더라도 추가 인정 가능성은 낮습니다. 청구·소송은 시간·비용 부담이 큰 반면 기대이익이 작고 이직 제안 상황의 리스크까지 고려하면 현 상태 수용이 합리적입니다.",수용,0
347,제약,보통,3,"보상규정을 서면으로 알렸고, 작성 시 종업원과 협의했으며, 결정된 보상액도 서면으로 알림",3,매우후함,8.8424,S2,0.05,4254762,0.0734,2072,5181,13471,20724,무효소송승소,1.7,15624.5,26561.6,2343.7,3984.2,-16739.8,수용,자부심,"보상규정이 서면 고지·협의·서면통지까지 이행되어 발명진흥법 제15조 제6항의 정당보상 추정이 작동합니다. 회사 이익 26,561.6만원 대비 판례상 실시료율·발명자 공헌도(대법원 2009다75178 등 10~20%) 적용시 2,656~5,312만원인데, 기수령액 20,724만원은 이를 현저히 상회합니다. 무효소송 승소는 2014다220347, 2023다237514 취지상 독점이익의 존재를 뒷받침하되 추가 가산 사유로 보긴 어려워 보입니다. 협상·청구·소송은 실익이 거의 없고 시간·비용·관계 악화 부담이 커 수용이 합리적입니다.",수용,0
348,제약,미미,0,보상규정 자체가 없음,2,후함,5.1727,S1,0.05,2198393,0.0247,210,526,1368,2104,M&A,6.4,2712.0,17356.8,406.8,2603.5,499.5,협상요청,자부심,"보상규정이 아예 없는 상태에서 M&A까지 있었던 만큼, 내 발명의 기여와 회사의 실이익을 투명하게 다시 따져볼 필요가 있다고 느낀다. 공시된 이익 약 1.74억원 대비 내가 받은 2,104만원은 비중이 작지 않지만, 산정 근거와 M&A로 인한 추가 가치 반영 여부가 불명확하다. 우선 분쟁보다 대화를 통해 정산 기준과 추가 보상 가능성을 확인해보겠다. 협상이 원만히 이뤄지지 않으면 다음 단계(청구·소송)도 대비하겠다.",협상,0
353,제약,중요,2,보상규정을 서면으로 알렸으나 작성·변경 시 종업원과 협의한 적 없음,3,매우후함,9.728,S1,0.05,2968367,0.226,4895,12238,31817,48950,이직제안,1.5,33546.1,50319.1,5031.9,7547.9,-41402.1,수용,자부심,"회사 공시 기준 이익 50,319.1만원 중 48,950만원을 이미 보상받아 추가 청구로 얻을 실익이 매우 제한적입니다. 보상규정 수립 시 협의가 없었던 절차적 흠결은 명분이 될 수 있으나, 분쟁 대비 기대이익보다 시간·비용과 관계 훼손 리스크가 큽니다. 마침 이직 제안도 있어 소송보다 커리어 선택에 에너지를 쓰는 편이 합리적입니다. 충분한 성과를 인정받았다는 마음으로 현재 보상을 수용합니다.",수용,0
354,제조,핵심,2,보상규정을 서면으로 알렸으나 작성·변경 시 종업원과 협의한 적 없음,3,매우후함,9.3445,S1,0.03,2842172,0.4479,5353,13383,34797,53533,M&A,4.0,38192.2,152768.8,5728.8,22915.3,-30617.7,수용,자부심,"회사 공시 이익 152,768.8만원 대비 내가 받은 53,533만원은 비율상 상당하여, 추가 청구의 실익이 크지 않다고 본다. 보상규정 협의 절차가 미흡하고 M&A가 있었지만, 분쟁을 택하면 시간·비용과 관계 악화 리스크가 더 크다. 내 발명이 실질적으로 인정받았다고 느끼며, 현 시점에서는 보상 수용이 최선이라고 판단한다.",수용,0
355,반도체,핵심,3,"보상규정을 서면으로 알렸고, 작성 시 종업원과 협의했으며, 결정된 보상액도 서면으로 알림",3,매우후함,10.5728,S1,0.03,927259,0.4091,1805,4512,11730,18047,무효소송승소,1.1,11379.4,12517.3,1706.9,1877.6,-16169.4,수용,자부심,"회사가 얻은 이익 12,517.3만원보다 내가 받은 보상 18,047만원이 더 커 추가 보상 요구의 실익이 작습니다. 보상규정도 사전 협의와 서면 고지가 이루어져 법적 상당성이 추정됩니다. 무효소송 승소로 발명의 가치가 인정되었고, 현재 보상은 그 공헌을 충분히 반영했다고 판단합니다.",수용,0
349,제조,미미,3,"보상규정을 서면으로 알렸고, 작성 시 종업원과 협의했으며, 결정된 보상액도 서면으로 알림",1,보통,2.5499,S2,0.03,3136386,0.0275,99,248,643,990,라이선스수입,7.9,2587.7,20442.8,388.2,3066.4,2076.4,청구,자부심,"회사가 보상규정을 서면 통지·협의·서면고지까지 이행해 제15조 제6항상 ‘정당보상’ 추정은 있으나, 이익·공헌도 반영이 부족하면 예외가 됩니다. 본 발명으로 라이선스수입이 발생해 사용자 이익과의 상당인과관계가 인정되고(대법원 2023다 사건 취지), 공시 이익이 약 2.044억입니다. 현재 보상 990만원은, 라이선스수입이 특허에 기인한다는 전제에서 판례상 발명자 공헌도 10~20%만 적용해도 2,044~4,089만원에 미달하여 이익·공헌도 반영에 흠이 있을 개연이 큽니다. 소송은 기간·비용 부담이 크므로 우선 사내·조정 절차로 추가보상을 공식 청구해 계약·이익배분 자료를 확보하고, 불응 시 그 근거로 단계 상향을 도모하는 것이 효율적입니다.",청구,0
358,IT,보통,2,보상규정을 서면으로 알렸으나 작성·변경 시 종업원과 협의한 적 없음,3,매우후함,9.8595,S1,0.02,1015643,0.0863,259,648,1684,2591,침해소송승소,4.2,1752.3,7359.7,262.8,1104.0,-1487.0,협상요청,자부심,"내 발명으로 회사가 소송에서 이기고 약 7,359.7만원의 이익을 올렸는데, 받은 보상 2,591만원은 기여 대비 근거 설명이 더 필요해 보입니다. 보상규정이 서면 고지는 있었지만 제·개정 시 협의가 없었다면 정당성 추정이 약해 조정 여지가 있다고 판단합니다. 소송에 앞서 신뢰를 유지하며 합리적인 추가 보상을 협의하는 것이 비용·시간 측면에서 유리합니다. 내 성과에 대해 정당한 평가와 보상을 받고 싶습니다.",협상,0
351,제약,중요,0,보상규정 자체가 없음,2,후함,4.9113,S2,0.05,4529998,0.148,2469,6173,16050,24692,침해소송승소,4.1,33516.6,137418.1,5027.5,20612.7,-4079.3,협상요청,자부심,"제약 산업 특성상 특허의 독점가치가 크고, 침해소송 승소로 확보한 금액은 대법원 2023다237514 취지에 따라 ‘상당인과관계 있는 사용자 이익’으로 보기 용이합니다. 회사는 보상규정 자체가 없어 발명진흥법 제15조 제2~4항을 준수하지 않았고, 따라서 제6항의 면책도 적용되지 않아 정당보상 재산정 여지가 있습니다. 다만 회사 이익 137,418.1만원 대비 내가 수령한 24,692만원은 판례상 발명자 공헌도 10~20% 범위의 상단(약 18%)에 근접하여 추가 상향 여지는 최대 약 2,792만원 수준으로 제한됩니다. 소송은 2~3년과 변호사비 부담에 비해 기대이익이 작으므로 우선 회사에 추가 보상(최대 20%선)과 보상규정 제정·고지를 요구하는 협상요청이 합리적이며, 불응 시 시효 10년(2009다75178) 내 사내 청구·조정 절차를 검토하겠습니다.",협상,0
352,IT,중요,0,보상규정 자체가 없음,3,매우후함,9.8369,S2,0.02,1423917,0.1699,714,1785,4642,7141,M&A,7.8,4839.6,37748.9,725.9,5662.3,-1478.7,협상요청,자부심,"회사에 보상규정이 없어 발명진흥법 제15조의 절차적 면책이 적용되지 않고 내 ‘정당한 보상’ 권리는 유효하다. 다만 IT 분야에서 대법원 2014다220347의 2% 실시료율과 발명자 공헌도 10~20%(2009다75178)를 참작하면 현재 수령액 7,141만원은 단순 공헌도 상한(약 7,550만원)에 근접하고, 재판으로 가면 오히려 과다로 평가될 위험도 있다. M&A 관련 이익은 2023다237514에 따라 상당인과관계가 입증되면 포함될 수 있으나, 인과·금액 입증 부담이 커 소송 대비 기대 순이익이 작다. 따라서 추가 보상(예: 상한까지의 보전 또는 M&A 기여분 일부)과 보상규정 제정·소급적용을 요구하는 협상을 먼저 시도하고, 결렬 시 시효 10년 내 조정·청구로 전환한다.",협상,0
356,제약,핵심,2,보상규정을 서면으로 알렸으나 작성·변경 시 종업원과 협의한 적 없음,1,보통,2.5906,S2,0.05,1250587,0.4055,985,2464,6405,9854,라이선스수입,9.0,25356.9,228212.1,3803.5,34231.8,24377.8,청구,자부심,"보상규정은 서면 통지되었으나 제15조 제3항상의 ‘협의’가 없어 제6항의 정당보상 추정이 깨집니다. 사용자 이익은 라이선스수입 228,212.1만원로 특정되고, 판례상 발명자 공헌도 10~20%를 적용한 22,821~45,642만원 대비 기수령 9,854만원은 현저히 부족합니다. 2023다237514 취지상 라이선스수입은 상당인과관계 있는 이익으로 인정될 여지가 높고, 공지기술 항변 정황도 약합니다. 소멸시효 10년 범위 내에서 시간·비용 부담이 낮은 사내·조정 절차의 ‘청구’로 추가보상을 우선 요구하고, 불응 시 소송을 검토하는 것이 합리적입니다.",청구,0
359,IT,보통,1,보상규정은 있으나 종업원에게 서면으로 알린 적 없음,1,보통,2.5233,S2,0.02,2897220,0.0861,189,472,1227,1888,라이선스수입,7.9,4987.2,39398.9,748.1,5909.8,4021.8,협상요청,자부심,"보상규정은 존재하나 서면 통지가 없어 발명진흥법 제15조 제2~4항 요건을 충족하지 못해 제6항의 정당보상 추정이 적용되기 어렵습니다. 라이선스수입으로 사용자 이익이 현실화되었고 이는 2023다237514 취지의 ‘상당인과관계 있는 이익’에 해당하며, 공지기술 항변을 뒷받침할 사정은 보이지 않습니다. 회사 공시 이익 대비 통상 발명자 공헌도 10~20%(2009다75178, 2014다220347 참조)를 적용한 3,940~7,880만원 범위에 비해 수령액 1,888만원은 현저히 적습니다. 소송은 기간·비용 부담이 크므로 우선 규정 미준수 및 금액 격차를 근거로 추가 협의를 공식 요청하고, 불응·지연 시 청구·소송을 예고하되 소멸시효 10년(2009다75178)도 관리하는 것이 유리합니다.",협상,0
362,반도체,중요,3,"보상규정을 서면으로 알렸고, 작성 시 종업원과 협의했으며, 결정된 보상액도 서면으로 알림",0,인색,0.9213,S1,0.03,916662,0.1559,59,148,385,592,침해소송승소,4.1,4287.6,17579.2,643.1,2636.9,2044.9,협상요청,자부심,"회사가 공시한 이익 약 1억7천6백만원 대비 내가 받은 592만원은 발명의 기여가치에 비해 낮다고 판단합니다. 보상규정은 적법하게 운영된 것으로 보이니, 관계를 유지하며 합리적 보상률 재산정을 전제로 추가 협의를 우선 요구하겠습니다. 협의가 불성실하거나 결렬될 경우에 대비해 산정근거와 입증자료를 정리하며 후속 법적 대응 가능성은 열어두겠습니다.",협상,0
360,반도체,중요,3,"보상규정을 서면으로 알렸고, 작성 시 종업원과 협의했으며, 결정된 보상액도 서면으로 알림",0,인색,1.0087,S2,0.03,4709568,0.1652,353,883,2295,3531,이직제안,1.0,23335.3,23335.3,3500.3,3500.3,-30.7,협상요청,자부심,"첫째, 회사가 제15조 제2~제4항 요건(서면 고지·협의·서면 통지)을 충족해 제15조 제6항의 정당보상 추정이 작동합니다. 둘째, 회사 공시 이익 23,335.3만원에 판례상 발명자 공헌도 10~20%를 적용하면 2,334~4,667만원이고, 기수령 3,531만원은 그 범위의 중간대로 대법원 판례 구간에 부합합니다. 셋째, 2023다237514 법리에 따라 ‘상당인과관계 있는 이익’만 산입될 수 있어 산정기초가 축소될 위험이 있어 청구·소송의 기대이익이 제한적입니다. 넷째, 다만 이직제안으로 신속한 정리가 필요하므로 상한선에 근접한 소폭 추가나 비금전 보상(예: 공식 표창·추천서 등)을 타진하는 협상은 비용 대비 실익이 있습니다.",협상,0
357,제조,핵심,1,보상규정은 있으나 종업원에게 서면으로 알린 적 없음,2,후함,5.0865,S2,0.03,4340518,0.3456,3433,8583,22315,34331,사업화성공,19.1,44996.1,859425.5,6749.4,128913.8,94582.8,청구,자부심,"보상규정은 존재하나 서면 고지가 없어 발명진흥법 제15조 제2·4항 요건을 충족하지 못해 제6항의 정당보상 추정이 적용되지 않으므로 추가 보상 청구 여지가 큽니다. 제조업 사건에서 대법원은 합리적 실시료율(대체로 2~3%)과 발명자 공헌도(10~20%)를 참작해 왔고(2009다75178, 2014다220347), 회사 이익 약 85.9억원 대비 현재 수령 3.43억원은 참고 범위(발명자 공헌도 10~20% 적용 시 약 8.6~17.2억원)에도 미달합니다. 아울러 2023다237514 법리에 비추어 사업화 성공으로 얻은 이익은 직무발명과 상당인과관계가 인정될 개연성이 높습니다. 소송은 2~3년과 비용 부담이 커 시효 10년(2009다75178)을 염두에 두되, 우선 사내·조정 절차로 증빙을 확보하고 금액 격차를 좁히기 위해 ‘청구’를 개시하는 것이 비용·시간 대비 실익이 큽니다.",청구,0
367,제약,핵심,1,보상규정은 있으나 종업원에게 서면으로 알린 적 없음,0,인색,1.0792,S1,0.05,3110693,0.4189,1055,2636,6855,10546,라이선스수입,2.3,65146.6,149837.2,9772.0,22475.6,11929.6,청구,배신감,"회사는 이 발명으로 149,837.2만원의 이익을 얻었는데, 내가 받은 보상은 10,546만원으로 기여 대비 낮다고 판단했습니다. 보상규정이 있음에도 종업원에게 서면 고지가 없었던 점은 규정의 효력과 정당보상 산정에 의문을 갖게 합니다. 정당한 몫을 확보하기 위해 내부 규정만 따르기보다 법적 보상 청구 절차를 개시하겠습니다. 다만 협의 가능성은 열어두되, 시효와 증거 확보를 위해 공식 절차로 진행합니다.",청구,0
364,IT,보통,2,보상규정을 서면으로 알렸으나 작성·변경 시 종업원과 협의한 적 없음,1,보통,2.3273,S2,0.02,1749191,0.0839,102,256,666,1024,침해소송승소,4.1,2933.7,12028.2,440.1,1804.2,780.2,청구,자부심,"IT 분야 특성상 실시료율은 낮게 보더라도(대법원 2014다220347), 침해소송 승소로 특허가 창출한 독점이익과의 상당인과관계가 강하게 인정됩니다(대법원 2023다237514). 회사는 보상규정을 서면 통지했지만 종업원과의 협의가 없어 발명진흥법 제15조 제6항의 정당보상 추정에 기대기 어렵습니다(제3항·제6항). 공시 이익 12,028.2만원 대비 기수령 1,024만원은 판례상 발명자 공헌도 10~20% 하한(1,203~2,406만원)에 미달하여 추가 보상 여지가 큽니다. 다만 소송은 2~3년과 비용 부담이 커 우선 사내·조정 절차를 통한 정당보상 산식 재검토와 추가 지급을 요구하는 청구가 가장 실익이 큽니다.",청구,0
365,반도체,핵심,1,보상규정은 있으나 종업원에게 서면으로 알린 적 없음,2,후함,4.9668,S1,0.03,3870510,0.2899,2508,6269,16299,25076,라이선스수입,5.1,33658.5,171658.3,5048.8,25748.7,672.7,협상요청,자부심,"회사가 보상규정을 서면으로 고지하지 않아 규정의 구속력이 약하고, 법상 합리적 보상 재산정 여지가 큽니다. 발명으로 라이선스 수입이 발생했고 공시된 회사 이익 약 17.17억 중 내가 받은 보상은 약 2.51억으로, 비율과 산정 근거를 투명하게 검증할 필요가 있습니다. 이미 일부 보상이 지급된 점과 향후 관계를 고려해 우선 근거 공개와 추가 보상에 대한 재협의를 요청하겠습니다. 협의가 불성실하거나 자료 제공을 거부하면 즉시 법적 청구로 전환할 수 있음을 전제하겠습니다.",협상,0
361,제약,보통,1,보상규정은 있으나 종업원에게 서면으로 알린 적 없음,2,후함,5.1881,S2,0.05,4595960,0.0992,1774,4435,11530,17739,침해소송승소,2.6,22794.3,59265.2,3419.1,8889.8,-8849.2,수용,자부심,"회사는 제15조 2·4항의 서면 통지 의무를 지키지 않아 6항의 ‘정당보상’ 추정은 없지만, 보상금의 정당성은 별도로 판단됩니다. 사용자 이익 59,265.2만원과 침해소송 승소로 ‘상당인과관계 있는 이익’이 인정되더라도(대법원 2023다237514), 판례상 공헌도 10~20% 기준으로 본 적정 범위 5,927~11,853만원을 현재 수령액 17,739만원이 이미 상회합니다. 추가 청구나 소송은 기대 이익이 낮고(감액 위험 포함) 시간·비용 부담이 커 실익이 부족합니다. 따라서 현 보상을 수용하되, 향후를 위해 보상규정의 서면 고지 및 산정근거 통지를 회사에 비갈등적으로 요청하는 선에서 정리합니다.",수용,0
366,제약,보통,2,보상규정을 서면으로 알렸으나 작성·변경 시 종업원과 협의한 적 없음,3,매우후함,9.9389,S2,0.05,1056521,0.0537,423,1057,2748,4228,침해소송승소,4.8,2835.9,13612.3,425.4,2041.8,-2186.2,수용,손실회피,"제약업 특성 및 침해소송 승소로 사용자 이익 자체는 인정되며, 대법원 2023다237514에 따른 ‘상당인과관계 있는 이익’에도 부합합니다. 회사가 보상규정을 서면 통지는 했으나 제15조 제3항 협의의무를 지키지 않아 제15조 제6항의 정당보상 추정은 어렵지만, 실질액이 핵심입니다. 공시 이익 13,612.3만원 대비 대법원 2009다75178 등 판례상 발명자 공헌도 10~20%를 적용한 통상 범위(1,361~2,722만원)를 이미 초과하여 4,228만원을 수령했습니다. 이 상황에서 추가 협상·청구·소송은 시간(수개월~수년)과 비용 대비 실익이 낮아 현재 보상을 수용하는 것이 합리적입니다.",수용,0
368,반도체,미미,1,보상규정은 있으나 종업원에게 서면으로 알린 적 없음,2,후함,4.8879,S1,0.03,2283559,0.0279,140,350,911,1401,M&A,3.7,1911.4,7072.2,286.7,1060.8,-340.2,협상요청,배신감,"보상규정이 있었지만 서면 통지가 없었다면 규정의 구속력이 약하고 정당한 보상을 다시 산정할 여지가 큽니다. 발명 이후 M&A가 발생해 기업가치나 이익에 추가 기여가 반영됐을 수 있어, 현재 지급액(1,401만원)은 공시된 이익 대비 재검토가 필요합니다. 다만 관계와 시간을 고려해 먼저 추가 협의를 통해 합리적 보상을 모색한 뒤, 필요시 법적 절차를 검토하겠습니다.",협상,0
363,IT,핵심,3,"보상규정을 서면으로 알렸고, 작성 시 종업원과 협의했으며, 결정된 보상액도 서면으로 알림",0,인색,0.8712,S2,0.02,4192553,0.3787,415,1038,2697,4150,사업화성공,11.9,31752.3,377852.4,4762.8,56677.9,52527.9,수용,손실회피,"회사가 보상규정을 서면 통지·협의·서면 고지까지 이행하여 발명진흥법 제15조 제6항의 정당보상 추정이 작동합니다. 사업화는 성공했고 공시 이익(377,852.4만원)을 고려하되, 대법원은 정보통신 분야 기준 합리적 실시료율(약 2% 전후)과 발명자 공헌도(10~20%)를 곱해 ‘상당인과관계 있는 이익’만 반영합니다. 이를 보수적으로 적용하면 예상 보상 범위는 대략 755~2,267만원인데, 현재 수령액 4,150만원은 이를 상회하여 추가 청구의 승소 가능성과 실익이 낮습니다. 사내 협상·소송은 시간·비용 부담이 커 현 단계에서는 수용이 합리적입니다.",수용,0
371,제약,미미,3,"보상규정을 서면으로 알렸고, 작성 시 종업원과 협의했으며, 결정된 보상액도 서면으로 알림",0,인색,0.9732,S1,0.05,4409707,0.0366,118,295,766,1179,이직제안,1.2,8076.1,9691.3,1211.4,1453.7,274.7,협상요청,자부심,"회사가 보상규정을 성실히 운영했고 현재 금액도 회사 이익 대비 과도하게 낮지는 않아 보입니다. 다만 공시된 회사 이익(약 9,691.3만원)과 제 기여를 감안하면 성과·잔류 인센티브를 추가로 논의할 여지가 있습니다. 마침 이직 제안도 있어 법적 절차로 가기 전에 합리적 상향을 협의해보는 것이 관계와 리스크 측면에서 최선이라 판단합니다. 협상이 원만히 이뤄지지 않을 경우 그때 청구나 소송으로의 단계적 전환을 검토하겠습니다.",협상,0
369,IT,보통,2,보상규정을 서면으로 알렸으나 작성·변경 시 종업원과 협의한 적 없음,2,후함,5.5297,S2,0.02,2627274,0.0907,395,988,2571,3954,사업화성공,6.2,4766.6,29552.9,715.0,4432.9,478.9,협상요청,자부심,"IT 산업 특성상(대법원 2014다220347) 실시료율이 낮게 산정되는 경향이 있고, 2023다237514 법리에 따라 ‘상당인과관계 있는 이익’만 인정되어 산정기초가 줄어들 위험도 있습니다. 회사는 보상규정을 서면 고지했지만 제15조 제3항 협의의무를 이행하지 않아 제15조 제6항의 정당보상 추정이 깨져 재협상의 명분이 충분합니다. 사업화는 성공했고 사용자의 이익이 존재하므로 보상책임은 인정되나, 현재 수령한 3,954만원은 공헌도 10~20% 기준 범위의 하단이라 상향 여지가 남습니다. 다만 소송은 2~3년·비용 부담 대비 추가 기대액(상단까지 약 1~2천만원)이 크지 않으므로 우선 협상을 공식 요청하고 불응 시 조정·청구로 단계적으로 가는 것이 합리적입니다.",협상,0
370,IT,미미,0,보상규정 자체가 없음,2,후함,4.7047,S1,0.02,4485957,0.049,310,776,2019,3105,사업화성공,15.7,4399.7,69075.3,660.0,10361.3,7256.3,청구,배신감,"회사는 보상규정도 없이 내 발명으로 사업화에 성공했지만, 내가 받은 보상은 회사가 얻은 이익에 비해 현저히 적다고 느낍니다. 내부 규정 부재로 법이 정한 정당한 보상을 청구할 근거가 분명하다고 판단합니다. 신속히 법적 보상 청구 절차를 개시해 권리를 명확히 하고, 이를 지렛대로 추가 협상이나 합의를 추진하겠습니다.",청구,0
377,반도체,중요,2,보상규정을 서면으로 알렸으나 작성·변경 시 종업원과 협의한 적 없음,1,보통,2.6574,S1,0.03,1064695,0.1513,193,482,1251,1926,이직제안,1.3,4831.3,6280.7,724.7,942.1,-983.9,청구,배신감,"회사 보상규정이 서면 통지에 그쳤고 제·개정 시 협의가 없었던 점을 보면, 현재 지급액으로 권리가 종결되었다고 보기 어렵습니다. 공시된 이익 대비 제 보상은 낮다고 느껴 제 가치가 충분히 존중받지 못했다는 배신감이 듭니다. 섣불리 소송으로 가기 전, 법적 근거를 갖춘 보상 청구 절차를 개시해 추가 보상을 공식적으로 요구하겠습니다. 동시에 이직 제안이 있어 협상력도 확보된 만큼, 청구 결과에 따라 다음 수순을 판단하겠습니다.",청구,0
373,반도체,중요,2,보상규정을 서면으로 알렸으나 작성·변경 시 종업원과 협의한 적 없음,2,후함,4.4957,S1,0.03,515989,0.169,176,441,1147,1764,침해소송승소,2.3,2616.3,6017.5,392.4,902.6,-861.4,협상요청,자부심,"회사 보상규정이 서면 통보만 있었고 종업원과의 협의 없이 운영된 점은 정당한 보상 산정의 근거로서 취약합니다. 이 발명으로 회사가 침해소송에서 승소하며 공시된 이익 6,017.5만원을 얻었고, 제 보상 1,764만원은 발명의 기여와 파급효과에 비해 부족하다고 느낍니다. 우선 회사와 추가 협의를 통해 제 기여가 적정하게 반영되도록 조정하길 원합니다. 관계를 유지하면서도 제 성과에 걸맞은 인정과 보상을 받고자 합니다.",협상,0
372,제조,보통,3,"보상규정을 서면으로 알렸고, 작성 시 종업원과 협의했으며, 결정된 보상액도 서면으로 알림",2,후함,5.2673,S2,0.03,613943,0.0908,132,330,859,1321,M&A,3.8,1672.3,6354.7,250.8,953.2,-367.8,수용,손실회피,"회사가 보상규정을 서면 통지·협의·서면 통지까지 이행하여 발명진흥법 제15조 제2~4항을 충족하였고, 제6항에 따른 정당보상 간주가 우선 적용됩니다. 예외 요건인 ‘이익·공헌도 미고려’ 여부를 보더라도 회사 이익 6,354.7만원 대비 수령액 1,321만원(약 20.8%)은 대법원 2009다75178 등 판례상의 발명자 공헌도 10~20% 상단을 상회해 추가 청구 실익이 크지 않습니다. M&A 등 사후 사정은 2023다237514 법리에 따라 고려 가능하나, 특허가 거래가치·이익에 기여했다는 상당인과관계 입증 부담이 커 시간·비용 대비 불확실성이 큽니다. 소송은 2~3년 장기전과 변호사 비용이 수반되므로, 현 시점에서는 현 보상 수용이 합리적입니다.",수용,0
374,제약,중요,2,보상규정을 서면으로 알렸으나 작성·변경 시 종업원과 협의한 적 없음,0,인색,1.1442,S1,0.05,3263480,0.2188,613,1532,3984,6129,사업화성공,3.9,35707.0,139257.3,5356.1,20888.6,14759.6,청구,배신감,"보상규정을 서면으로만 통지하고 협의가 없었던 점에서 정당한 보상으로 보기 어렵습니다. 발명으로 회사가 139,257.3만원의 이익을 얻었는데 제가 받은 6,129만원은 기여 대비 부족하다고 판단합니다. 우선 법정 절차에 따른 보상 산정을 공식적으로 청구해 권리를 명확히 하겠습니다. 회사의 대응을 보며 필요시 소송도 추가로 검토하겠습니다.",청구,0
375,제조,보통,1,보상규정은 있으나 종업원에게 서면으로 알린 적 없음,1,보통,2.6436,S1,0.03,3628017,0.0755,326,814,2118,3258,무효소송승소,1.4,8216.5,11503.1,1232.5,1725.5,-1532.5,협상요청,자부심,"보상규정이 있었지만 서면 고지가 없었다는 점에서 현 규정에 따른 산정이 합리적 보상으로 보기 어렵고, 재산정 협의 여지가 큽니다. 발명이 무효소송에서 승소해 회사의 이익과 기술가치가 확인되었는데, 공시 이익 11,503.1만원 대비 현재 보상 3,258만원은 내 기여와 리스크에 비해 낮다고 판단했습니다. 우선 관계를 유지하며 추가 협의를 통해 보상 증액과 제도 정비를 요구하겠습니다.",협상,0
379,반도체,중요,2,보상규정을 서면으로 알렸으나 작성·변경 시 종업원과 협의한 적 없음,2,후함,4.7801,S1,0.03,1016026,0.1329,290,726,1888,2904,라이선스수입,2.3,4050.7,9316.6,607.6,1397.5,-1506.5,협상요청,자부심,"라이선스로 회사가 확인 가능한 이익(9,316.6만원)을 얻었고, 내가 받은 보상(2,904만원)은 의미 있지만 내 기여 대비 추가 여지가 있다고 느낍니다. 보상규정을 작성·변경할 때 종업원과 협의가 없었다는 점은 제도적 정당성이 약해 보이며, 재협상의 명분이 됩니다. 당장은 소송보다 회사와의 관계를 유지하며 합리적 추가 보상을 도출하는 것이 현실적이라고 판단했습니다. 내 발명이 회사 가치에 기여한 만큼 정당한 인정과 보상을 받고 싶습니다.",협상,0
376,IT,중요,2,보상규정을 서면으로 알렸으나 작성·변경 시 종업원과 협의한 적 없음,2,후함,4.7944,S2,0.02,4837455,0.1588,1105,2762,7180,11047,침해소송승소,4.2,15361.3,64517.5,2304.2,9677.6,-1369.4,협상요청,자부심,"제15조 제2항 통지는 있었으나 제3항 협의가 없어 제15조 제6항의 ‘정당보상 추정’은 약하고, 침해소송 승소 이익은 2023다237514 취지상 상당인과관계 있는 사용자 이익에 포함됩니다. 공시 이익 64,517.5만원 대비 수령 11,047만원(약 17%)은 판례상 발명자 공헌도 10~20% 범위 상단에 근접하고, IT 분야 실시료율 2%(2014다220347)를 감안하면 과대·과소가 뚜렷하지 않습니다. 다만 절차상 흠결과 승소로 확대된 이익의 반영 정도가 불명확하므로, 규정 재협의·보상산식 공개를 요구하며 상향 여지를 탐색하는 것이 합리적입니다. 수용은 신속하지만 추가이익을 포기하고, 청구·소송은 수개월~수년과 변호사비 부담 대비 기대증가액이 제한적이므로 우선 협상을 택합니다.",협상,0
380,제조,핵심,3,"보상규정을 서면으로 알렸고, 작성 시 종업원과 협의했으며, 결정된 보상액도 서면으로 알림",2,후함,5.1356,S1,0.03,2302362,0.4312,2294,5736,14915,22945,이직제안,1.1,29785.7,32764.3,4467.9,4914.6,-18030.4,수용,자부심,"회사 보상규정이 서면 고지·협의·통지 등 절차를 적법하게 거친 점을 확인했습니다. 회사 공시 이익 32,764.3만원 대비 지금까지 받은 22,945만원은 약 70%로 매우 높은 수준입니다. 추가 협상이나 법적 절차로 얻을 실익이 크지 않고, 관계만 악화될 수 있다고 판단했습니다. 현재 보상을 수용하고 제 성과가 충분히 인정받았다는 점에 만족합니다.",수용,0
378,반도체,핵심,1,보상규정은 있으나 종업원에게 서면으로 알린 적 없음,3,매우후함,11.0012,S2,0.03,3157641,0.3451,5394,13486,35065,53945,이직제안,1.0,32690.2,32690.2,4903.5,4903.5,-49041.5,수용,자부심,"반도체 업종 특성과 판례(실시료율 2~3%, 발명자 공헌도 10~20%)에 비추면, 공시된 사용자 이익 32,690.2만원 대비 합리적 보상 범위는 약 3,269~6,538만원 수준입니다. 이미 받은 53,945만원은 이 범위를 크게 상회하고 회사 이익 자체도 초과하므로 추가 청구의 실익이 사실상 없습니다. 회사가 보상규정을 서면 통지하지 않아 제15조 제6항의 ‘정당한 보상’ 추정은 어렵지만, 대법원 법리(상당인과관계 있는 이익·공헌도 고려)를 적용해도 증액 가능성은 낮고 청구·소송은 시간과 비용 부담만 큽니다. 이직 제안 등 승계 이후 사정까지 통합 고려하는 최신 법리도 사용자 이익 기여분을 보수적으로 볼 소지가 있어, 협상이나 소송의 기대효용이 낮습니다.",수용,0
382,제조,핵심,3,"보상규정을 서면으로 알렸고, 작성 시 종업원과 협의했으며, 결정된 보상액도 서면으로 알림",1,보통,2.6218,S1,0.03,4543961,0.3528,1891,4728,12295,18914,이직제안,1.3,48096.3,62525.2,7214.4,9378.8,-9535.2,수용,자부심,회사가 보상규정을 직원과 협의해 마련하고 서면으로 고지·집행한 점에서 절차적 신뢰가 큽니다. 회사 공시 기준 이익 대비 내가 받은 보상 규모도 비율상 적지 않아 합리적이라 판단합니다. 이직제안이 있더라도 추가 협상이나 분쟁은 관계와 리스크 측면에서 득보다 실이 커 보입니다. 내 성과가 충분히 인정받았다는 자부심으로 현재 보상을 수용합니다.,수용,0
383,반도체,핵심,3,"보상규정을 서면으로 알렸고, 작성 시 종업원과 협의했으며, 결정된 보상액도 서면으로 알림",3,매우후함,8.8319,S2,0.03,1274937,0.44,2230,5574,14492,22296,무효소송승소,1.5,16830.0,25245.0,2524.5,3786.8,-18509.2,수용,자부심,"회사는 보상규정을 서면 고지·협의·통지하여 발명진흥법 제15조 제2~4항을 이행했고, 제6항의 정당보상 추정이 작동합니다(예외는 이익·공헌도 미고려 시). 회사 공시 이익 25,245만원 대비 기지급 22,296만원은 대법원 2009다75178 등에서 통용되는 발명자 공헌도 10~20%(2,524~5,049만원)를 현저히 상회하여, 이익과 공헌도를 고려하지 않았다고 보기 어렵습니다. 무효소송 승소는 2014다220347에 비추어 독점권 기여율 산정의 참작요소일 뿐 자동 가산사유는 아니며, 2023다237514의 ‘상당인과관계 있는 이익’ 법리로도 추가 산입 이익을 별도로 특정하기 곤란합니다. 선택지별로 보면 협상·청구·소송은 시간·비용 대비 추가 회수 가능성이 낮고 관계 훼손 위험이 커, 현재 보상 수용이 가장 합리적입니다.",수용,0
381,제조,미미,3,"보상규정을 서면으로 알렸고, 작성 시 종업원과 협의했으며, 결정된 보상액도 서면으로 알림",2,후함,4.6276,S2,0.03,3782792,0.0499,393,982,2555,3930,M&A,5.0,5661.6,28308.0,849.2,4246.2,316.2,협상요청,자부심,"사용자가 보상규정을 서면 고지·협의·통지하여 발명진흥법 제15조 제2~4항 요건을 충족했고, 제6항상 정당보상 추정이 작동합니다. 다만 예외는 ‘사용자 이익’과 ‘공헌도’를 반영하지 않은 경우인데, 공시 이익 28,308.0만원 대비 판례상 발명자 공헌도 10~20% 적용 범위(2,831~5,662만원) 안에 수령액 3,930만원이 있어 명백한 미달은 아닙니다. 그럼에도 2023년 대법원 판결의 ‘승계 이후 사정’ 고려와 M&A로 인한 가치상승 가능성을 근거로 상한선 근처의 추가 보상을 제안해볼 실익이 있습니다. 소송은 2~3년과 비용 대비 기대증분이 크지 않으므로, 우선 구체 근거를 제시해 회사에 협의를 요청하고 불성립 시 내부 청구·조정으로 단계적으로 대응하겠습니다.",협상,0
388,제약,미미,1,보상규정은 있으나 종업원에게 서면으로 알린 적 없음,0,인색,0.9964,S1,0.05,4836211,0.0468,169,423,1101,1693,이직제안,1.4,11325.8,15856.1,1698.9,2378.4,685.4,협상요청,자부심,"보상규정이 있었지만 서면 고지가 없었다는 절차상 하자가 보여 합리적 보상 재산정을 먼저 요구하겠습니다. 공시된 이익 15,856.1만원에 비해 받은 보상 1,693만원은 제 기여를 충분히 반영하지 못했다고 느낍니다. 이직 제안을 받은 만큼 관계를 깔끔히 정리하기 위해 내부 협상으로 원만한 해결을 시도하겠습니다. 협상이 성의 없으면 법적 절차 전환을 전제로 자료 공개와 산정 근거 제시를 요구하겠습니다.",협상,0
386,제약,미미,1,보상규정은 있으나 종업원에게 서면으로 알린 적 없음,1,보통,2.7609,S1,0.05,1253139,0.0411,107,266,693,1066,침해소송승소,2.0,2573.5,5147.0,386.0,772.0,-294.0,협상요청,자부심,"보상규정이 있으나 서면 고지가 없어 규정 효력과 절차 적정성에 의문이 있어 추가 보상을 논의할 여지가 큽니다. 제 발명으로 침해소송에서 승소했고 회사가 공시 기준 5,147.0만원의 이익을 얻은 만큼 산정 근거를 투명하게 열람하고 재산정을 요구하겠습니다. 현재 받은 1,066만원은 의미 있으나 이익 대비 적정 비율인지 검토가 필요합니다. 우선 분쟁보다 협의를 통해 합리적 보상과 향후 제도 정비를 도모하겠습니다.",협상,0
385,IT,미미,3,"보상규정을 서면으로 알렸고, 작성 시 종업원과 협의했으며, 결정된 보상액도 서면으로 알림",1,보통,2.4307,S2,0.02,1572749,0.0346,40,99,258,397,이직제안,1.1,1088.1,1196.9,163.2,179.5,-217.5,협상요청,자부심,"회사는 제15조 제2~4항의 절차(보상규정 작성·서면고지·협의·보상액 통지)를 이행하여 제6항상 정당보상 추정이 작용합니다. 회사 이익 1,196.9만원에 대법원 2009다75178 등 판례상 발명자 공헌도 10~20%를 적용하면 120~239만원인데, 내가 받은 397만원은 이를 상회하여 2014다220347의 정보통신 분야 통상률 사정까지 감안해도 과소로 보기 어렵습니다. 2023다237514의 ‘상당인과관계 있는 이익’ 법리로 보아도 추가로 특정 가능한 이익이 분명치 않아 청구·소송은 기간·비용 대비 실익이 낮습니다. 다만 발명 후 이직제안이라는 조직 사정을 활용해 비분쟁적으로 소액 추가보상이나 포상·평판 인정 등을 타진할 여지는 있어 협상을 우선합니다.",협상,0
384,제조,중요,0,보상규정 자체가 없음,0,인색,1.1077,S2,0.03,1700349,0.1631,138,346,898,1382,침해소송승소,2.3,8320.4,19136.9,1248.1,2870.5,1488.5,청구,자부심,"회사는 보상규정이 없어 발명진흥법 제15조 제2~4항을 이행하지 않았고, 따라서 제15조 제6항의 정당보상 추정도 적용되지 않아 제15조 제1항에 따른 정당보상을 직접 청구할 수 있습니다. 침해소송 승소로 발생한 1억9,136.9만원의 이익은 대법원 2023다237514의 ‘상당인과관계 있는 이익’에 해당하며, 대법원 2009다75178의 공헌도 10~20% 범위를 적용하면 정당보상은 약 1,914~3,827만원으로 현재 수령액(1,382만원)을 하회합니다. 공지기술·무효만으로 면책되지 않는다는 2014다220347 취지상 면책 여지도 제한적이고, 소멸시효는 10년(2009다75178)이므로 지체 없이 권리행사가 필요합니다. 소송은 비용·기간 부담이 크므로 우선 사내 절차·조정 등 ‘청구’로 추가 지급을 요구하고, 불응 시 소 제기를 예고하는 단계적 접근이 실익이 큽니다.",청구,0
394,반도체,중요,0,보상규정 자체가 없음,0,인색,1.1278,S1,0.03,931591,0.2229,105,264,685,1054,무효소송승소,1.9,6229.6,11836.2,934.4,1775.4,721.4,협상요청,자부심,"회사에 직무발명 보상규정이 없는 것은 법정상 합리적 보상 산정에서 회사에 불리하게 작용할 수 있어 추가 보상 협의 여지가 큽니다. 공시 기준 이익 11,836.2만원 대비 내가 받은 1,054만원은 발명의 기여와 무효소송 승소로 확인된 가치에 비해 부족합니다. 우선 원만한 관계를 유지하며 기여율·사용이익·공동발명 비율 등을 근거로 합리적 재산정을 요청하겠습니다. 협의가 결렬되면 즉시 법적 청구로 전환할 수 있도록 산정 근거와 자료를 병행 준비하겠습니다.",협상,0
387,반도체,중요,2,보상규정을 서면으로 알렸으나 작성·변경 시 종업원과 협의한 적 없음,2,후함,4.7263,S2,0.03,4345489,0.1488,1375,3437,8936,13748,무효소송승소,1.7,19392.6,32967.4,2908.9,4945.1,-8802.9,수용,손실회피,"반도체 업종 특성 및 대법원 2014다220347 등에서의 보수적 산정(정보통신 2% 등)을 감안하면, 회사 공시 이익 32,967.4만원에 판례상 발명자 공헌도 10~20%만 적용해도 3,297~6,593만원인데 이미 13,748만원을 받아 통상 범위를 상당히 상회합니다. 보상규정은 서면 통지는 있었으나 협의 부재로 발명진흥법 제15조 제3항 위반이라 제15조 제6항의 정당보상 추정은 어렵지만, 무효소송 승소는 사용자 독점이익을 뒷받침할 뿐 보상의무를 감경시키지 않습니다(2014다220347, 2023다237514). 현재 금액이 실체적 ‘정당보상’ 기준을 초과할 개연성이 높아 추가 청구의 기대이익이 작고, 협상·청구·소송은 각각 수개월~수년과 변호사비 등 비용·관계 악화를 초래할 수 있습니다. 따라서 추가 분쟁 없이 현 보상을 확정하는 것이 합리적입니다.",수용,0
389,IT,핵심,1,보상규정은 있으나 종업원에게 서면으로 알린 적 없음,3,매우후함,9.1559,S2,0.02,1486045,0.3591,1466,3664,9527,14657,침해소송승소,4.4,10671.9,46956.4,1600.8,7043.5,-7613.5,수용,손실회피,"IT 분야에서는 대법원 2014다220347에 비춰 가상 실시료율 2%와 발명자 공헌도 10~20%가 자주 참작되며, 회사 공시 이익 4.695억 기준으로는 통상 0.47~0.94억 범위가 산출됩니다. 이미 수령한 1.466억은 위 범위를 상당히 상회해 추가 인상 가능성이 낮고, 오히려 과다지급 논점이 부각될 위험도 있습니다. 회사가 제15조 제2~4항의 서면 고지 의무를 다하지 않아 제15조 제6항의 ‘정당한 보상’ 추정은 약하지만, 2023다237514 취지상 결국 ‘상당인과관계 있는 이익’ 범위 내 산정이며 침해소송 승소 효과도 공시 이익에 반영된 것으로 보입니다. 청구·소송은 수개월~수년과 본인 소송비용 대비 기대이익이 작아 현재 보상을 수용하는 편이 합리적입니다.",수용,0
395,제약,미미,0,보상규정 자체가 없음,0,인색,1.0914,S1,0.05,4190717,0.0257,88,220,573,881,라이선스수입,4.7,5384.0,25304.8,807.6,3795.7,2914.7,협상요청,자부심,"보상규정이 없고, 발명으로 회사가 25,304.8만원의 라이선스수입을 얻었는데 내가 받은 881만원은 기여에 비해 낮다고 판단합니다. 정당한 보상 원칙에 따라 추가 산정 여지가 크므로 우선 내부 협의를 통해 합리적인 기준과 정산 방식을 마련하고자 합니다. 회사와의 관계를 유지하면서도 내 성과에 대한 적정한 인정과 투명한 보상을 받고 싶습니다. 협의가 진전되지 않으면 법적 청구를 검토하겠습니다.",협상,0
392,반도체,미미,3,"보상규정을 서면으로 알렸고, 작성 시 종업원과 협의했으며, 결정된 보상액도 서면으로 알림",2,후함,4.4224,S2,0.03,563341,0.0268,30,75,195,300,이직제안,1.5,452.1,678.2,67.8,101.7,-198.3,수용,손실회피,"반도체 업종 특성상 법원 합리적 실시료율이 대체로 2~3% 전후로 형성되어 있고, 회사는 보상규정의 작성·협의·서면통지 요건(법 제15조 제2~4항)을 충족하여 제15조 제6항의 정당보상 추정이 작동합니다. 이직제안은 사용자 이익 산정에 직접 영향이 크지 않고, 공지기술·무효 사정에 따른 면책 요소도 현재로선 보이지 않습니다. 회사 공시 이익 678.2만원 대비 판례상 발명자 공헌도 10~20%를 적용하면 68~136만원 수준인데 기수령 300만원은 이를 현저히 상회하며, 2023다237514의 ‘상당인과관계 있는 이익’ 법리로 보더라도 증액 사유가 약합니다. 따라서 추가 협상·청구·소송의 기대순이익이 시간·비용(청구 수개월, 소송 2~3년·변호사비) 대비 낮아 현 보상 수용이 합리적입니다.",수용,0
391,IT,중요,2,보상규정을 서면으로 알렸으나 작성·변경 시 종업원과 협의한 적 없음,2,후함,5.2897,S2,0.02,4606764,0.221,1615,4038,10501,16154,이직제안,1.2,20358.6,24430.3,3053.8,3664.5,-12489.5,수용,자부심,"IT 산업 특성상 대법원 2014다220347의 낮은 실시료율(정보통신 약 2%)과 2009다75178의 발명자 공헌도(10~20%) 경향을 반영하면, 회사 공시 이익 24,430.3만원 대비 통상 인정 범위는 제시된 2,443~4,886만원 수준에 그칩니다. 이미 수령한 보상 16,154만원은 이를 현저히 상회하므로, 2023다237514의 ‘상당인과관계 있는 이익’ 법리까지 고려하면 추가 법적 절차의 실익이 작고 시간·비용 부담이 큽니다. 다만 회사가 법 제15조제3항의 협의 의무를 지키지 않아 제15조제6항의 면책 추정은 약하나, 이는 협상 레버리지일 뿐 추가 금액을 보장하지는 않습니다. 이직제안 등 현재 상황까지 감안하면 관계 비용을 최소화하고 현 보상을 수용하는 것이 합리적입니다.",수용,0
390,제약,중요,0,보상규정 자체가 없음,0,인색,0.9763,S2,0.05,2030294,0.1963,292,730,1896,2918,M&A,6.2,19922.6,123520.1,2988.4,18528.0,15610.0,청구,자부심,"제약 업종 특성상 실시료율은 2~5% 내외로 볼 여지가 있고, 선례처럼 독점권 기여율과 발명자 공헌도(10~20%)를 별도로 반영하므로 단순 이익의 10~20%가 곧 보상액은 아닙니다. 회사는 보상규정이 없어 발명진흥법 제15조 제2~4항을 이행하지 않았고 제6항의 정당보상 추정도 누리지 못하므로 추가 보상 요구의 법적 여지가 큽니다. 공시된 이익 123,520.1만원과 M&A로 인한 가치상승 등 승계 이후 사정도 2023다 판례에 따라 ‘상당인과관계 있는 이익’에 포함될 수 있으나, 구체 산정을 위해 매출·원가·로열티 상당액 등의 자료 개시가 필요합니다. 현 지급액 2,918만원이 보정된 산정 범위를 초과하는지 불분명하므로, 소송 전 사내·조정 절차로 공식 정보개시 및 추가보상을 요구하고(내용증명으로 시효 관리 병행), 협의 불성립 시 소송을 검토하는 것이 시간·비용 대비 합리적입니다.",청구,0
397,제약,핵심,2,보상규정을 서면으로 알렸으나 작성·변경 시 종업원과 협의한 적 없음,0,인색,0.8823,S1,0.05,2168758,0.2815,404,1010,2625,4039,사업화성공,19.0,30520.4,579887.6,4578.1,86983.1,82944.1,청구,배신감,"회사 공시에 따르면 이 발명으로 약 58억원의 이익이 발생했는데, 내가 받은 보상은 4,039만원(약 0.7%)으로 현저히 낮습니다. 보상규정을 서면 통지했을 뿐 제·개정 시 종업원과의 협의가 없었다면 규정의 효력·합리성에 하자가 있어 추가 보상을 청구할 여지가 큽니다. 즉시 법적 보상 청구 절차를 개시해 권리 소멸시효를 중단하고 협상 레버리지를 확보하겠습니다. 필요시 소송으로도 이어갈 수 있도록 자료와 근거를 정비하겠습니다.",청구,0
393,IT,보통,2,보상규정을 서면으로 알렸으나 작성·변경 시 종업원과 협의한 적 없음,1,보통,2.7125,S2,0.02,4965489,0.0552,223,557,1449,2229,무효소송승소,1.7,5477.7,9312.1,821.7,1396.8,-832.2,수용,손실회피,"IT 산업 특성을 반영한 대법원 2014다220347의 2% 실시료율 등을 감안하면 공시된 사용자 이익만으로도 통상 인정될 보상은 크지 않습니다. 회사가 제15조 제3항 협의의무를 지키지 않아 제6항의 안전장치는 누리지 못하지만, 이미 받은 2,229만원은 판례상 발명자 공헌도 10~20% 적용 범위(931~1,862만원)를 상회합니다. 무효소송 승소는 사용자 이익 존재를 뒷받침하되 추가 상향의 직접 근거는 아니며(2014다220347, 2023다237514), 공헌·이익 요소를 더 반영해도 상회지급 가능성이 큽니다. 청구·소송의 시간·비용 대비 기대이익이 낮아 현 단계에서는 현재 보상을 수용하는 것이 합리적입니다.",수용,0
399,IT,핵심,2,보상규정을 서면으로 알렸으나 작성·변경 시 종업원과 협의한 적 없음,2,후함,4.7371,S1,0.02,3330969,0.3149,1491,3726,9689,14906,침해소송승소,4.4,20977.1,92299.2,3146.6,13844.9,-1061.1,청구,배신감,"회사 보상규정을 서면 통지했을 뿐 협의가 없었다는 점에서 현재 보상의 정당성에 의문이 듭니다. 회사가 공시한 이익 92,299.2만원에 비해 내가 받은 14,906만원은 비율상 부족하다고 느낍니다. 특히 침해소송 승소로 이 발명이 회사에 직접적인 수익을 가져왔으니 추가 보상의 근거가 분명합니다. 그래서 즉시 법적 보상 청구 절차를 개시해 권리를 분명히 하겠습니다.",청구,0
396,제조,미미,2,보상규정을 서면으로 알렸으나 작성·변경 시 종업원과 협의한 적 없음,2,후함,4.7528,S2,0.03,3242174,0.0223,154,386,1003,1543,라이선스수입,3.4,2164.4,7359.0,324.7,1103.8,-439.2,협상요청,자부심,"보상규정은 서면 고지는 있었으나 제15조 제3항의 종업원 협의가 없어 제15조 제6항의 ‘정당한 보상’ 추정이 깨져 협의 여지가 있습니다. 다만 회사 이익 7,359만원 대비 수령액 1,543만원(약 21%)은 대법원 2009다75178 등에서 본 발명자 공헌도 10~20%의 상단을 소폭 상회하여 실질적 과소보상으로 보긴 어렵습니다. 이익은 라이선스수입으로 2023다237514의 ‘상당인과관계 있는 이익’에 직접 해당하나, 추가 은닉이익 입증 가능성이 크지 않아 청구·소송의 기대 이익은 제한적입니다. 따라서 계산근거 공개, 향후 추가 라이선스수익 연동 보상, 규정의 적법한 협의 절차 보완을 요구하는 협상을 통해 관계를 유지하면서 실익을 확보하겠습니다.",협상,0
403,제조,미미,0,보상규정 자체가 없음,2,후함,5.425,S2,0.03,2951086,0.0465,335,838,2179,3352,라이선스수입,9.9,4118.7,40775.1,617.8,6116.3,2764.3,청구,자부심,"제조업 발명으로 회사가 라이선스수입을 얻었으므로 2023다237514 취지에 따른 ‘상당인과관계 있는 이익’이 명확합니다. 보상규정 부재는 발진법 제15조 제2~4항 위반으로 제6항의 정당보상 추정이 배제됩니다. 공시 이익 40,775.1만원 대비 내가 받은 3,352만원은 판례상 발명자 공헌도 10~20%(2009다75178 등) 최저치 4,078만원에도 못 미칩니다. 수용은 손해가 크고 소송은 2~3년·비용부담이 커 우선 사내·조정 절차의 공식 보상 청구로 추가보상을 압박하되 불성립 시 소송을 대비합니다.",청구,0
400,제조,미미,2,보상규정을 서면으로 알렸으나 작성·변경 시 종업원과 협의한 적 없음,2,후함,5.3557,S1,0.03,605573,0.026,38,95,246,379,M&A,6.6,471.7,3113.2,70.8,467.0,88.0,협상요청,자부심,"보상규정을 직원과 협의 없이 운영한 점은 절차상 약점으로, 합리적 보상 재산정을 요청할 명분이 충분합니다. 또한 M&A로 발명 가치가 기업가치에 반영됐을 수 있어 회사의 실이익이 공시 수치보다 클 가능성도 있습니다. 현재 수령액이 회사 공시 이익 대비 약 12% 수준이므로, 즉시 소송보다는 자료 공개와 산정기준 검토를 전제로 증액 협상을 먼저 시도하겠습니다. 협상이 결렬될 경우 그때 법적 절차로 전환하겠습니다.",협상,0
401,제약,미미,2,보상규정을 서면으로 알렸으나 작성·변경 시 종업원과 협의한 적 없음,0,인색,1.0391,S2,0.05,4159242,0.0467,151,378,984,1513,침해소송승소,3.3,9707.7,32035.4,1456.2,4805.3,3292.3,청구,자부심,"보상규정은 서면 통지되었으나 작성·변경 시 협의가 없어 발명진흥법 제15조 제3항·제6항의 정당보상 간주가 약하며, 보상액 산정에서 사용자 이익·공헌도 고려도 불충분해 보입니다. 회사 공시 이익 32,035.4만원에 판례상 발명자 공헌도 10~20%를 적용하면 3,204~6,407만원인데, 기수령 1,513만원은 현저히 낮습니다. 침해소송 승소는 독점이익과의 상당인과관계를 뒷받침해(대법원 2023다237514) 보상 청구의 기초가 탄탄하고, 소멸시효 10년(2009다75178) 내라면 권리행사 여지도 큽니다. 시간·비용 측면에서 수개월 내 저비용으로 압박과 협상을 병행할 수 있는 ‘법적 보상 청구’부터 진행하고, 불성실 대응 시 소송으로 전환하는 것이 합리적입니다.",청구,0
398,제조,핵심,0,보상규정 자체가 없음,0,인색,1.0481,S2,0.03,2605762,0.4665,573,1433,3727,5733,무효소송승소,1.8,36469.6,65645.3,5470.4,9846.8,4113.8,청구,자부심,"회사는 보상규정이 없어 발명진흥법 제15조 제2~4항을 이행하지 않았고, 제6항의 정당보상 추정도 적용되지 않으므로 추가 보상을 요구할 근거가 강합니다. 공시 이익 65,645.3만원 대비 현재 보상 5,733만원은 판례상 최소 발명자 공헌도 10% 기준 하한(6,565만원)에도 미달하며, 무효소송 승소로 독점이익의 존재가 부정되기 어려워(2011.9.8 한림제약과 구별) 면책·대폭 감액 사유도 제한적입니다. 다만 2017·2024 대법원 법리에 따라 ‘상당인과관계 있는 이익’, 합리적 실시료율, 사용자·발명자 공헌도를 종합 산정하므로 최종액은 조정될 수 있고, 시효 10년(2011.7.28) 내 진행이 필요합니다. 소송은 2~3년과 높은 비용이 드는 반면 ‘청구’는 수개월 내 사내·조정 절차로 실익 대비 부담이 적어 우선 공식 청구로 압박하고, 불성실 대응 시 소송을 검토하는 것이 합리적입니다.",청구,0
404,IT,미미,0,보상규정 자체가 없음,1,보통,2.5336,S2,0.02,2798756,0.0461,98,245,638,981,무효소송승소,1.9,2581.6,4905.0,387.2,735.8,-245.2,협상요청,충성심,"IT 분야 특성상 대법원 2014다220347에서 정보통신의 실시료율을 2%로 본 점, 2009다75178에서 발명자 공헌도를 10~20%로 본 점을 감안하면 기대 상향폭은 크지 않습니다. 다만 회사에 보상규정 자체가 없어 발명진흥법 제15조 제2~4항을 이행하지 않았고, 제6항의 ‘정당한 보상’ 추정도 받기 어려우므로 재산정·근거 공개를 요구할 여지가 큽니다. 특허 무효소송 승소는 보상의무 면제사유가 아니고(2014다220347), 2023다237514 법리에 따라 승계 후 사정까지 포함한 ‘상당인과관계 있는 이익’ 산정에 유리한 요소이므로 회사 이익(4,905만원)이 축소 계상됐는지 확인할 필요가 있습니다. 현재 수령액 981만원은 공헌도 20% 적용치와 같아 소송으로 얻을 추가 몫은 제한적이므로, 시간·비용 대비 실익을 고려해 협상으로 산정내역 공개와 제도 정비 및 소액 상향을 우선 요구하겠습니다.",협상,0
402,제약,보통,3,"보상규정을 서면으로 알렸고, 작성 시 종업원과 협의했으며, 결정된 보상액도 서면으로 알림",2,후함,4.4951,S2,0.05,3045918,0.0711,730,1826,4749,7305,라이선스수입,6.8,10834.1,73671.9,1625.1,11050.8,3745.8,수용,충성심,"회사는 제15조 2~4항 절차(서면 고지·협의·서면 통지)를 준수하여 제15조 6항상 정당보상 추정이 작동합니다. 회사 공시 이익 73,671.9만원 대비 제가 수령한 7,305만원(약 9.9%)은 대법원 2009다75178 등 판례상 발명자 공헌도 10~20% 하한(7,367만원)과 약 62만원 차이에 불과해 다툼 여지가 매우 작습니다. 2023다237514 법리에 따른 ‘상당인과관계 있는 이익’ 재산정 리스크와 청구·소송의 시간·비용을 감안하면 기대 추가이익은 제한적입니다. 따라서 현 보상을 수용하고, 향후 추가 라이선스 수입이 발생하면 보상규정에 따른 후속 정산 여부만 점검하는 것이 합리적입니다.",수용,0
407,제약,중요,3,"보상규정을 서면으로 알렸고, 작성 시 종업원과 협의했으며, 결정된 보상액도 서면으로 알림",0,인색,0.9414,S1,0.05,2645635,0.2135,399,997,2592,3988,사업화성공,7.2,28238.8,203319.4,4235.8,30497.9,26509.9,협상요청,자부심,"회사 규정 절차는 준수된 것으로 보이지만, 발명으로 인한 회사 이익 203,319.4만원 대비 제가 받은 보상 3,988만원은 약 2% 수준으로 제 공헌도가 충분히 반영됐는지 의문입니다. 규정의 형식적 적법성과 별개로 실질적 정당성(공헌도·기술 난이도·대체가능성 등)을 근거로 추가 성과보상을 협의하고 싶습니다. 우선 내부 협의를 통해 성과연동 추가 보상이나 단계적 보상(마일스톤/로열티)을 검토해 상호 신뢰를 유지하겠습니다.",협상,0
405,IT,중요,1,보상규정은 있으나 종업원에게 서면으로 알린 적 없음,0,인색,1.0254,S1,0.02,3506492,0.1564,169,422,1096,1687,M&A,6.5,10968.8,71297.2,1645.3,10694.6,9007.6,청구,배신감,"회사는 보상규정을 갖고 있었지만 이를 종업원에게 서면으로 고지하지 않아 규정에 따른 보상 공정성의 추정이 어렵고, 추가 보상 요구의 근거가 충분하다고 판단했습니다. 공시된 회사 이익 71,297.2만원 대비 내가 받은 1,687만원은 현저히 낮아 보이며, M&A로 인한 경제적 이익도 직무발명 보상 산정에 반영되어야 합니다. 우선 법적 보상 청구 절차를 개시해 소멸시효와 지연손해금 문제를 관리하고 협상력을 확보하겠습니다. 협의 여지는 남기되, 객관 자료에 근거한 정식 청구로 대응하는 것이 현재로선 최선입니다.",청구,0
411,반도체,핵심,3,"보상규정을 서면으로 알렸고, 작성 시 종업원과 협의했으며, 결정된 보상액도 서면으로 알림",0,인색,0.8899,S1,0.03,1555440,0.4031,251,628,1632,2511,M&A,4.7,18812.1,88416.9,2821.8,13262.5,10751.5,협상요청,자부심,"회사가 이 발명으로 공시 기준 88,416.9만원의 이익을 얻은 반면, 제가 받은 보상은 2,511만원에 그쳐 기여도에 비해 낮다고 느낍니다. 보상규정이 절차상 적법해 소송으로 곧장 가면 리스크가 크므로, 먼저 추가 산정 근거와 기여율 재평가를 요구하겠습니다. 특히 M&A로 창출된 가치 중 발명 기여분이 반영됐는지 확인하고 정당한 추가 보상을 협의하고자 합니다.",협상,0
412,제조,중요,0,보상규정 자체가 없음,3,매우후함,10.1215,S1,0.03,3806616,0.1819,3153,7883,20495,31531,침해소송승소,3.5,20767.9,72687.7,3115.2,10903.2,-20627.8,수용,자부심,"회사의 공시 이익 72,687.7만원 대비 내가 받은 31,531만원은 약 43%로, 통상적인 직무발명 보상 수준을 크게 상회합니다. 보상규정이 없더라도 이미 수령액이 합리적 보상 범위를 넘어설 가능성이 높아 추가 협상이나 분쟁의 기대 이익이 제한적입니다. 반면 추가 청구·소송은 시간·비용 부담과 관계 악화를 초래할 수 있습니다. 따라서 현재 보상을 수용하고 성과를 긍정적으로 마무리하는 것이 최선이라 판단합니다.",수용,0
414,제조,중요,3,"보상규정을 서면으로 알렸고, 작성 시 종업원과 협의했으며, 결정된 보상액도 서면으로 알림",3,매우후함,9.5857,S2,0.03,3428483,0.1793,2651,6628,17233,26512,무효소송승소,2.0,18438.7,36877.4,2765.8,5531.6,-20980.4,수용,자부심,"회사는 보상규정을 서면 고지·협의·서면 통지해 발명진흥법 제15조 2~4항 요건을 충족했고, 제15조 6항의 정당보상 추정이 작동합니다. 사용자 이익 36,877.4만원 대비 내가 받은 26,512만원은 판례상 일반 범위(실시료율 2~3%, 발명자 공헌도 10~20%)로 본 참고액 3,688~7,375만원을 크게 상회하며(2009다75178, 2014다220347), 무효소송 승소도 추가 증액 사유로 보기 어렵습니다. 2023다237514의 ‘상당인과관계 있는 이익’ 법리를 적용해도 추가 이익 입증 부담이 크고, 협상·청구·소송은 시간·비용 대비 기대수익이 낮습니다. 따라서 현재 보상을 수용하는 것이 합리적입니다.",수용,0
410,IT,보통,3,"보상규정을 서면으로 알렸고, 작성 시 종업원과 협의했으며, 결정된 보상액도 서면으로 알림",3,매우후함,9.0855,S2,0.02,2835763,0.1167,902,2254,5862,9018,라이선스수입,3.1,6617.4,20513.9,992.6,3077.1,-5940.9,수용,자부심,"회사는 보상규정을 서면 고지·협의·결정통지까지 이행해 발명진흥법 제15조 제2~4항을 충족했고, 제6항의 정당보상 추정이 적용됩니다. 본건 이익은 라이선스수입으로 2023다237514에 따른 ‘상당인과관계 있는 이익’에 해당하되, 대법원 2009다75178 등에서 통용되는 발명자 공헌도 10~20%만 적용해도 적정 범위는 2,051~4,103만원인데 이미 수령액 9,018만원이 이를 크게 초과합니다. IT 분야에서 자주 원용되는 실시료율(대법원 2014다220347, 2%)은 자체 실시 산정에 주로 쓰여 본 건(라이선스수입)과는 직접적이지 않습니다. 추가 협상·청구·소송은 시간·비용 대비 기대이익이 미미하고, 절차적 적법성까지 갖춰 다툴 여지도 낮아 현 보상을 수용함이 합리적입니다.",수용,0
406,제조,보통,2,보상규정을 서면으로 알렸으나 작성·변경 시 종업원과 협의한 적 없음,2,후함,4.5989,S2,0.03,3243784,0.0585,393,982,2553,3928,침해소송승소,4.7,5694.6,26764.6,854.2,4014.7,86.7,협상요청,자부심,"제조업 특성과 판례 경향(실시료율 2~3%, 발명자 공헌도 10~20%)을 감안하면 현재 지급액 3,928만원은 공시 이익 26,764.6만원 대비 약 14.7%로 대략 판례 범위 내에 있습니다. 다만 회사가 보상규정을 제15조 제3항에 따른 ‘협의’ 없이 운영해 제15조 제6항의 정당보상 추정이 깨져, 사용자 이익과 공헌도를 반영한 재산정 협상을 요구할 근거가 있습니다. 특히 침해소송 승소는 2023다237514의 ‘상당인과관계 있는 이익’에 해당할 여지가 커, 그 반영을 주장할 여지가 큽니다. 추가로 기대 가능한 폭이 상단 5,353만원 대비 잔여 약 1,425만원 수준임을 고려하면 2~3년 소송비용·리스크 대비 즉시 소제기의 실익은 크지 않아 우선 회사에 협상을 요청합니다.",협상,0
409,제조,핵심,0,보상규정 자체가 없음,0,인색,1.0837,S2,0.03,906512,0.3881,172,429,1115,1716,무효소송승소,1.3,10555.7,13722.4,1583.4,2058.4,342.4,협상요청,자부심,"제조 업종이고 대법원 2009다75178·2014다220347 기준(사례상 실시료율 2~3%, 발명자 공헌도 10~20%)을 참작하면, 회사 공시 이익 13,722.4만원 대비 현재 보상 1,716만원은 하한~중간 수준입니다. 보상규정 자체가 없어 발명진흥법 제15조 제2~4항 위반 상태이므로 제6항의 정당보상 추정이 배제되어, 규정 정비와 추가보상 협의 여지가 큽니다. 무효소송 승소는 2014다220347 취지상 보상면제 사유가 아니나 사용자 공헌(소송·사업화) 고려와 2023다237514의 ‘상당인과관계 있는 이익’ 법리로 소송 결과 변동성이 커, 즉시 소제기 대비 기대이익이 제한됩니다. 수용은 신속하지만 상한(약 2,744만원) 대비 약 1,030만원 부족 가능성이 있어, 우선 규정 제정·상향(예: 20% 근접) 지급을 요구하는 협상이 비용 대비 실익이 가장 큽니다.",협상,0
415,제조,핵심,3,"보상규정을 서면으로 알렸고, 작성 시 종업원과 협의했으며, 결정된 보상액도 서면으로 알림",0,인색,0.9117,S1,0.03,873149,0.346,124,310,805,1239,침해소송승소,3.0,9062.3,27186.9,1359.3,4078.0,2839.0,협상요청,자부심,"회사가 서면 통지와 협의 등 절차를 지킨 점은 인정하지만, 이 발명으로 공시된 이익 27,186.9만원 대비 제가 받은 보상 1,239만원(약 4.6%)은 낮아 보입니다. 침해소송 승소로 창출·보전된 이익이 보상 산정에 적절히 반영됐는지, 공헌도와 산정 근거를 투명하게 확인하고 싶습니다. 우선 내부에서 합리적 추가보상을 협의해 상호 신뢰를 유지하는 것이 바람직하다고 판단합니다. 협의가 원만치 않으면 이후 법적 절차를 검토하겠습니다.",협상,0
419,제조,중요,3,"보상규정을 서면으로 알렸고, 작성 시 종업원과 협의했으며, 결정된 보상액도 서면으로 알림",3,매우후함,9.4372,S1,0.03,2215244,0.1891,1779,4448,11564,17791,이직제안,1.1,12568.3,13825.1,1885.2,2073.8,-15717.2,수용,자부심,"회사 공시 이익 13,825.1만원보다 내가 받은 보상 17,791만원이 더 커서 성과가 충분히 인정됐다고 판단했다. 보상규정도 사전 고지·협의·서면 통지가 모두 충족돼 추가 법적 청구의 실익이 낮다. 불필요한 갈등을 만들기보다 현재 보상을 수용하고 향후 커리어 선택(이직 여부)에 집중하는 것이 합리적이다.",수용,0
408,IT,중요,0,보상규정 자체가 없음,3,매우후함,11.2615,S2,0.02,1978287,0.2434,1626,4066,10573,16265,침해소송승소,4.9,9629.0,47182.1,1444.3,7077.3,-9187.7,수용,자부심,"회사에 보상규정이 없어 발명진흥법 제15조 제6항의 정당보상 추정은 적용되지 않지만, 보상은 사용자 이익과 발명자 공헌도 등을 반영해 산정되어야 합니다. IT 분야의 판례 경향(실시료율 약 2%, 발명자 공헌도 10~20%)을 고려하더라도, 회사가 공시한 ‘직무발명으로 얻은 이익’을 전제로 하면 합리적 보상범위는 약 4,718~9,436만원입니다. 저는 이미 16,265만원을 지급받아 위 범위를 현저히 상회하고, 실시료율을 엄격히 적용하여 재산정하면 오히려 더 낮은 금액이 도출될 가능성도 큽니다. 침해소송 승소로 인과관계가 강화되었다 하더라도(대법원 2023다237514), 추가 청구는 시간·비용 대비 실익이 작아 현 보상을 수용함이 타당합니다.",수용,0
416,제약,중요,0,보상규정 자체가 없음,2,후함,4.5857,S1,0.05,2517137,0.2712,2348,5870,15264,23482,이직제안,1.4,34138.6,47794.0,5120.8,7169.1,-16312.9,수용,자부심,"회사의 보상규정이 없지만 현재까지 받은 금액이 회사 공시 이익 대비 상당하여 합리적인 수준이라고 판단했습니다. 제약 산업의 불확실성과 분쟁 비용을 고려하면 추가 청구나 소송의 기대효용이 크지 않습니다. 이직 제안으로 커리어 선택지가 열려 있어, 갈등을 키우기보다 지금의 성과를 인정받은 선에서 마무리하는 편이 낫다고 보았습니다.",수용,0
418,IT,중요,3,"보상규정을 서면으로 알렸고, 작성 시 종업원과 협의했으며, 결정된 보상액도 서면으로 알림",0,인색,1.0862,S1,0.02,1706776,0.2708,151,376,979,1506,침해소송승소,3.0,9245.3,27735.9,1386.8,4160.4,2654.4,협상요청,자부심,"회사 절차는 갖춰졌지만, 침해소송 승소로 실현된 이익(약 277억 원대)에 비해 내가 받은 보상(약 1.5억 원)은 약 5%대로 낮다고 느낀다. 우선 내부에서 산정근거와 기여율을 투명하게 설명받고 추가 보상 가능성을 협의하겠다. 회사와의 신뢰를 지키면서도 내 성과에 상응하는 정당한 보상을 받고 싶다. 협의가 불성립될 경우에는 법적 절차도 검토할 여지를 남긴다.",협상,0
413,제약,중요,0,보상규정 자체가 없음,1,보통,2.5769,S2,0.05,1835430,0.2632,934,2334,6069,9337,침해소송승소,4.6,24155.7,111116.2,3623.4,16667.4,7330.4,청구,자부심,"회사에 보상규정이 전혀 없어 발명진흥법 제15조 제2~4항을 준수하지 않았고, 따라서 제6항의 면책도 적용되지 않아 정당한 보상 추가 청구 여지가 큽니다. 침해소송 승소로 ‘상당인과관계 있는 이익’(대법원 2023다237514)이 뒷받침되고, 공시 이익 111,116.2만원 대비 수령액 9,337만원은 판례상 발명자 공헌도 10~20%(대법원 2009다75178 등) 기준 하한에도 미달하여 약 1,775~12,886만원 추가 여지가 보입니다. 다만 실시료율·독점권 기여율 산정에 따라 감액될 수 있고 소송은 2~3년·변호사비 부담이 커서, 우선 수개월 내 가능한 사내·조정 등 ‘청구’ 절차로 협의를 압박하면서 소멸시효 10년(2009다75178)도 관리하는 것이 효율적입니다. 이에 불응하거나 지연 시에만 소 제기를 검토하는 전략이 비용 대비 합리적입니다.",청구,0
421,제조,보통,3,"보상규정을 서면으로 알렸고, 작성 시 종업원과 협의했으며, 결정된 보상액도 서면으로 알림",1,보통,2.5946,S1,0.03,936582,0.1049,115,287,745,1147,M&A,7.8,2946.5,22982.7,442.0,3447.4,2300.4,협상요청,자부심,"회사 공시 이익 22,982.7만원 대비 내가 받은 1,147만원은 약 5%로, 발명 기여도에 비해 낮아 보입니다. 우선 보상 산정 기준과 M&A로 인한 추가 이익 반영 여부를 투명하게 확인하고 싶습니다. 회사가 보상규정과 절차를 갖춘 점을 고려해, 관계를 지키며 합리적 조정을 대화로 시도하겠습니다. 협상이 결렬되면 그때 법적 조치도 검토할 것입니다.",협상,0
422,반도체,미미,1,보상규정은 있으나 종업원에게 서면으로 알린 적 없음,0,인색,1.1022,S1,0.03,3151190,0.0372,58,146,378,582,M&A,3.2,3519.2,11261.4,527.9,1689.2,1107.2,청구,배신감,"회사 공시 이익이 11,261.4만원인데 내가 받은 보상은 582만원에 불과해 합리적 보상이라고 보기 어렵습니다. 보상규정이 있었다면서도 서면 고지가 없었다는 점에서 규정의 공정성과 구속력에 의문이 듭니다. 게다가 M&A로 회사가 추가 이익을 얻었을 가능성도 있어 시효를 의식해 법적 청구로 권리를 명확히 하겠습니다. 소송은 추후 선택지로 두되, 청구 단계에서 증거를 확보하고 정당한 기준으로 재산정 요구하겠습니다.",청구,0
424,반도체,보통,1,보상규정은 있으나 종업원에게 서면으로 알린 적 없음,2,후함,5.2792,S1,0.03,3494273,0.0854,709,1772,4609,7090,이직제안,1.3,8953.1,11639.0,1343.0,1745.8,-5344.2,수용,자부심,"회사 공시 기준 이익 11,639.0만원 대비 내가 받은 7,090만원은 비중이 높아 현 보상이 과도하게 낮다고 보긴 어렵습니다. 서면 통지 미비로 규정 다툼 여지는 있으나, 추가 청구의 실익과 시간·관계 비용을 감안하면 기대 대비 위험이 큽니다. 이직 제안도 있어 분쟁 없이 정리하고 향후 경력과 평판을 우선하는 편이 합리적이라 판단했습니다. 내 성과에 대한 보상도 충분히 인정받았다고 느낍니다.",수용,0
423,IT,중요,2,보상규정을 서면으로 알렸으나 작성·변경 시 종업원과 협의한 적 없음,0,인색,0.9667,S1,0.02,4745561,0.2441,336,840,2184,3360,라이선스수입,3.7,23170.4,85730.5,3475.6,12859.6,9499.6,청구,배신감,"회사 이익(약 85.7억원)에 비해 내가 받은 보상(3,360만원)은 턱없이 적어 납득이 되지 않습니다. 보상규정을 일방 통지만 하고 협의하지 않았다는 점도 공정하지 않다고 느꼈습니다. 협상요청만으로는 시간만 끌릴 것 같아 권리를 명확히 하기 위해 법적 보상 청구 절차를 시작하겠습니다. 다만 소송은 회사와의 관계를 고려해 청구 후 협상 가능성을 먼저 타진하겠습니다.",청구,0
425,제조,핵심,3,"보상규정을 서면으로 알렸고, 작성 시 종업원과 협의했으며, 결정된 보상액도 서면으로 알림",1,보통,2.3922,S1,0.03,4124154,0.3937,1748,4370,11360,17478,이직제안,1.4,48708.6,68192.0,7306.3,10228.8,-7249.2,수용,자부심,"회사가 공시한 발명 이익은 약 6.8억 원이고, 내가 받은 보상은 약 1.75억 원으로 비율상 상당한 수준입니다. 보상규정도 사전에 서면 고지·협의되었고, 보상액 통지도 적법하게 이뤄져 절차적 정당성이 확보되었습니다. 추가 청구나 소송으로 얻을 실익이 크지 않고 리스크가 커 보입니다. 이직 제안도 있는 만큼 현 보상을 수용하고 다음 단계에 집중하는 것이 합리적이라 판단했습니다.",수용,0
417,반도체,중요,3,"보상규정을 서면으로 알렸고, 작성 시 종업원과 협의했으며, 결정된 보상액도 서면으로 알림",0,인색,1.009,S2,0.03,4787602,0.2426,527,1318,3429,5274,침해소송승소,4.3,34846.2,149838.7,5226.9,22475.8,17201.8,청구,자부심,"회사가 제15조 2~4항 절차는 준수했으나, 침해소송 승소와 공시된 이익 149,838.7만원은 발명 독점효과와의 상당인과관계가 강해(대법원 2023다237514) 보상액 산정에서 사용자 이익·공헌도 반영이 핵심입니다. 현재 수령액 5,274만원은 판례상 합리적 기준(실시료율 2~3%, 발명자 공헌도 10~20%; 2009다75178, 2014다220347)을 시산해 볼 때 현저히 낮아 제15조 제6항 단서 사유에 해당할 여지가 큽니다. 다만 바로 소송은 2~3년과 비용 부담이 커서, 소멸시효 10년(기산점은 승계 또는 규정상 지급시기)을 점검하며 사내·조정 절차로 정당보상 ‘청구’를 통해 증액 협상을 유도하는 것이 합리적입니다. 협의가 결렬되면 그때 소송 전환을 검토합니다.",청구,0
420,제약,핵심,1,보상규정은 있으나 종업원에게 서면으로 알린 적 없음,0,인색,0.9429,S2,0.05,2667743,0.3164,597,1492,3880,5969,침해소송승소,2.0,42207.0,84414.0,6331.1,12662.1,6693.1,청구,자부심,"제약산업 특성상 독점이익이 크고 침해소송 승소로 확정된 이익은 대법원 2023다237514 취지에 비추어 ‘상당인과관계 있는 이익’에 포함됩니다. 이를 기준으로 대법원 2009다75178 등 판례상 발명자 공헌도 10~20%를 적용하면 8,441~16,883만원이 정당보상 범위인데, 현재 수령액 5,969만원은 현저히 낮습니다. 아울러 회사가 보상규정을 서면 고지하지 않아 발명진흥법 제15조 제6항의 정당보상 추정도 누리지 못하므로 추가보상 여지가 큽니다. 비용·기간을 고려해 우선 사내·조정 절차로 공식 청구를 진행하고, 불응 시 소송으로 전환하는 전략이 합리적입니다.",청구,0
426,제약,미미,1,보상규정은 있으나 종업원에게 서면으로 알린 적 없음,1,보통,2.1318,S1,0.05,3754268,0.0496,298,745,1936,2979,M&A,7.2,9315.7,67073.0,1397.4,10060.9,7081.9,청구,배신감,"회사가 보상규정을 가지고도 서면으로 통지하지 않아 규정의 합리성에 기댈 수 없고, 추가 보상 청구 여지가 크다고 판단했습니다. 공시된 이익 대비 현재까지 받은 보상은 약 4% 수준으로 현저히 낮아 보입니다. 또한 M&A 과정에서 발명 가치가 프리미엄으로 반영되었을 가능성도 사용자 이익에 포함될 수 있습니다. 소송에 바로 가기보다는 법적 청구를 개시해 시효를 중단하고 협상력을 높이겠습니다.",청구,0
433,제조,중요,1,보상규정은 있으나 종업원에게 서면으로 알린 적 없음,2,후함,4.5597,S1,0.03,4547636,0.1695,1581,3953,10279,15813,라이선스수입,5.4,23119.2,124843.7,3467.9,18726.6,2913.6,청구,배신감,"회사 이익이 124,843.7만원인데 내가 받은 보상은 15,813만원으로 약 12.7%에 불과합니다. 라이선스 수입은 발명 기여도가 높게 평가되는 편인데, 회사는 보상규정을 갖고도 종업원에게 서면으로 알리지 않아 합리성 추정도 받기 어렵습니다. 법정 보상 청구를 통해 시효를 관리하고 자료 열람으로 정확한 정산 근거를 확보하겠습니다. 소송 전 단계에서 압박과 협상 여지를 동시에 갖추기 위함입니다.",청구,0
427,제약,보통,0,보상규정 자체가 없음,0,인색,0.9169,S2,0.05,1417902,0.0823,80,201,522,803,침해소송승소,2.4,5836.1,14006.6,875.4,2101.0,1298.0,청구,자부심,"제약 업종이고 침해소송에서 승소해 발명과 회사 이익 사이의 상당인과관계가 강하게 인정될 여지가 큽니다. 회사에 보상규정이 없어 발명진흥법 제15조의 정당보상 추정이 적용되지 않으므로 추가 보상 협의·청구 여지가 큽니다. 공시 이익 14,006.6만원에 판례상 발명자 공헌도 10~20%를 적용하면 1,401~2,801만원인데 기지급 803만원은 현저히 부족하며, 소멸시효 10년 내 추가 청구가 가능합니다. 다만 소송은 기간·비용 부담이 크므로 우선 사내 요구 및 조정 절차로 공식 청구해 근거를 축적·협상하되, 불성실 대응 시 소송 가능성을 예고하는 단계적 접근이 합리적입니다.",청구,0
431,제약,핵심,1,보상규정은 있으나 종업원에게 서면으로 알린 적 없음,2,후함,5.3902,S1,0.05,563280,0.3051,695,1737,4517,6949,이직제안,1.3,8594.1,11172.3,1289.1,1675.8,-5273.2,협상요청,자부심,"내 발명으로 회사가 공시 기준 11,172.3만원의 이익을 얻었고, 나는 6,949만원을 받았지만 보상규정이 서면으로 고지되지 않은 점이 마음에 걸립니다. 서면 통지 부재는 정당한 보상 재산정의 여지를 주므로 소송에 앞서 추가 협의를 통해 산정 기준과 분배 비율을 투명하게 점검하고 싶습니다. 이미 받은 보상이 의미 있는 수준인 만큼 관계를 해치지 않으면서 합리적 조정을 시도하겠습니다. 또한 이직 제안이 있어 협상 지렛대가 충분하다고 판단했습니다.",협상,0
432,제조,보통,3,"보상규정을 서면으로 알렸고, 작성 시 종업원과 협의했으며, 결정된 보상액도 서면으로 알림",2,후함,4.7721,S1,0.03,1273095,0.0614,168,420,1091,1679,침해소송승소,5.0,2346.2,11731.0,351.9,1759.6,80.6,협상요청,자부심,"회사가 보상규정을 협의·서면고지 등으로 적정하게 운영한 점을 감안하면 당장 법적 분쟁으로 가기보다는 절차 안에서 보상을 재조정해 볼 여지가 있습니다. 공시된 이익 11,731만원 대비 수령액 1,679만원(약 14%)은 극단적으로 낮지 않지만, 침해소송 승소로 발생한 추가 이익과 제 기여도를 반영해 재산정이 가능하다고 봅니다. 우선 사내 기준에 따라 이익 산정 근거와 배분율을 투명하게 공유받고, 필요시 추가 보상을 협의하겠습니다. 제 발명이 회사 성과에 직접 기여했다는 자부심이 있고, 그에 걸맞은 인정과 보상을 정중히 요구하고 싶습니다.",협상,0
434,반도체,핵심,0,보상규정 자체가 없음,0,인색,0.8659,S1,0.03,1363756,0.3406,181,452,1177,1810,사업화성공,14.0,13935.0,195090.0,2090.2,29263.5,27453.5,청구,배신감,"회사는 직무발명 보상규정조차 없이 제 발명을 사업화해 약 195,090만원의 이익을 얻었는데, 제 보상은 1,810만원(약 1%)에 그칩니다. 이는 발명자의 기여와 법이 요구하는 정당한 보상 수준에 비해 현저히 낮다고 판단됩니다. 내부 규정 부재로 자발적 시정 가능성이 낮으므로 권리 보전을 위해 법적 보상 청구 절차를 즉시 개시하겠습니다. 청구 과정에서 객관적 산정과 정산을 요구하고, 필요시 소송으로 전환하겠습니다.",청구,0
429,반도체,보통,0,보상규정 자체가 없음,1,보통,2.504,S1,0.03,4378611,0.0778,384,959,2493,3836,침해소송승소,2.2,10213.1,22468.8,1532.0,3370.3,-465.7,협상요청,자부심,내 발명이 회사에 실질적 이익을 가져왔고 소송 승리로 그 가치도 입증됐다. 회사에 보상규정이 없으므로 합리적 산정 기준과 절차를 먼저 명확히 합의할 필요가 있다. 지금까지의 보상은 의미 있지만 공시된 이익과 향후 수익을 반영한 추가 분배 및 장기 보상체계를 협의하겠다. 관계를 해치지 않으면서 내 기여를 정당하게 인정받기 위해 우선 협상을 요청한다.,협상,0
428,반도체,미미,3,"보상규정을 서면으로 알렸고, 작성 시 종업원과 협의했으며, 결정된 보상액도 서면으로 알림",0,인색,1.0247,S2,0.03,3706670,0.0376,64,161,418,643,M&A,5.8,4181.5,24252.7,627.2,3637.9,2994.9,청구,자부심,"반도체 분야에서 회사 공시 이익 24,252.7만원 대비 보상 643만원은 판례상 발명자 공헌도 10~20%(약 2,425~4,851만원)에 현저히 못 미쳐, 보상액이 이익과 공헌도를 반영하지 못했을 개연성이 큽니다. 사용자가 제15조 제2~4항 절차를 준수했더라도, 제15조 제6항 단서에 따라 이익·공헌도 고려가 부족하면 정당보상 추정이 깨질 수 있으므로 추가 산정 근거 공개와 재심이 필요합니다. M&A 이후 사정도 2023다237514에 따른 ‘상당인과관계 있는 이익’ 범위에서 통합 고려될 수 있어, 회사의 산정기초(특허기여율·실시료율·독점기여율)를 점검해야 합니다. 소송 전 단계인 사내·조정 ‘청구’는 비용·시간 부담이 상대적으로 작고(수개월), 10년 소멸시효(2009다75178) 관리와 증거수집에 유리해 추후 협상 결렬 시 소송으로의 교두보가 됩니다.",청구,0
437,제약,보통,3,"보상규정을 서면으로 알렸고, 작성 시 종업원과 협의했으며, 결정된 보상액도 서면으로 알림",2,후함,5.0677,S1,0.05,1249372,0.1124,534,1335,3470,5339,라이선스수입,5.3,7023.0,37221.9,1053.5,5583.3,244.3,협상요청,자부심,"회사가 보상규정을 준수해 절차적으로는 문제없어 보이지만, 공시 기준 이익 약 372억 원 대비 제 보상 약 5.34억 원(약 14%)은 추가 성과 반영 여지가 있다고 판단했습니다. 당장 소송으로 가기보다 관계를 유지하며 데이터에 근거해 보상 비율과 향후 라이선스 추가 수익에 대한 슬라이딩 스케일·마일스톤 공유를 제안하고 싶습니다. 협상을 통해 합리적이고 지속 가능한 보상 구조를 먼저 모색하는 편이 시간·비용·평판 리스크를 최소화합니다.",협상,0
435,제약,중요,2,보상규정을 서면으로 알렸으나 작성·변경 시 종업원과 협의한 적 없음,0,인색,1.0619,S1,0.05,3458630,0.2382,656,1640,4265,6561,무효소송승소,2.0,41191.2,82382.4,6178.7,12357.4,5796.4,청구,자부심,"회사가 공시한 발명 이익 82,382.4만원 대비 내가 받은 6,561만원은 현저히 적다고 판단한다. 보상규정을 서면 고지했지만 제정·변경 시 종업원과 협의가 없었다는 점에서 규정의 합리성에 의문이 있다. 무효소송 승소로 발명의 가치와 독점 효과가 확인된 만큼, 정당한 추가 보상을 법적 절차로 요구하겠다.",청구,0
436,반도체,미미,1,보상규정은 있으나 종업원에게 서면으로 알린 적 없음,3,매우후함,8.9274,S1,0.03,4338257,0.0285,496,1240,3225,4961,사업화성공,15.4,3704.7,57052.4,555.7,8557.9,3596.9,청구,배신감,"보상규정이 있으면서도 서면 고지를 하지 않은 절차상 하자가 있어 회사 측 보상 근거가 취약합니다. 사업화가 성공해 공시 이익이 57,052.4만원인데, 내가 받은 4,961만원은 발명의 기여도와 귀속비율을 감안해도 낮아 보입니다. 소멸시효와 증거 보전을 위해 법적 보상 청구 절차를 즉시 개시하겠습니다.",청구,0
430,반도체,핵심,3,"보상규정을 서면으로 알렸고, 작성 시 종업원과 협의했으며, 결정된 보상액도 서면으로 알림",1,보통,2.3346,S2,0.03,3080924,0.4451,1440,3601,9364,14405,사업화성공,8.5,41135.2,349649.2,6170.3,52447.4,38042.4,협상요청,자부심,"회사가 보상규정을 서면 통지·협의·결정 통지까지 이행해 제15조 제6항의 정당보상 추정은 성립하나, 보상액이 사용자 이익과 공헌도를 반영하지 않으면 예외가 됩니다. 사업화가 성공했고 공시 이익 349,649.2만원이 있어 2023다 판결의 ‘상당인과관계 있는 이익’에 포함될 여지가 크며, 내가 받은 14,405만원은 판례상 발명자 공헌도 10~20%를 단순 적용한 하한에도 미달할 수 있습니다. 다만 반도체 분야의 실시료율·독점기여율(예: 2014다에서 2%)과 대체기술·타부서 기여에 따라 산정치가 달라 소송 리스크와 불확실성이 큽니다. 수용은 과소보상 우려가 크고 소송은 2~3년·비용부담이 커서, 소멸시효 10년을 관리하며 먼저 2023다 법리에 따른 재산정 근거 공개와 추가보상 협상을 공식 요청하고 불성립 시 사내 청구/조정 후 소송으로 단계 대응하겠습니다.",협상,0
442,제조,미미,1,보상규정은 있으나 종업원에게 서면으로 알린 적 없음,3,매우후함,10.8769,S1,0.03,946245,0.0217,101,252,653,1006,무효소송승소,1.6,616.9,987.0,92.5,148.0,-858.0,수용,자부심,"회사 보상규정을 서면으로 고지하지 않은 점은 아쉽지만, 회사의 공시 기준 이익(987만원)보다 내가 받은 보상(1,006만원)이 더 큽니다. 이 상황에서 추가 협상이나 법적 청구는 실익이 거의 없고 오히려 역효과가 날 수 있습니다. 무효소송 승소로 발명의 가치가 확인된 만큼, 현재 보상을 수용하는 것이 합리적입니다. 다만 향후에는 보상규정의 서면 고지를 요구해 제도적 정합성을 확보하겠습니다.",수용,0
440,IT,보통,2,보상규정을 서면으로 알렸으나 작성·변경 시 종업원과 협의한 적 없음,0,인색,0.9972,S2,0.02,1614204,0.062,30,75,194,299,무효소송승소,1.2,2000.9,2401.1,300.1,360.2,61.2,협상요청,자부심,"IT 업종 특성과 대법원 2014다220347의 2% 합리적 실시료, 2009다75178의 발명자 공헌도 10~20% 기준을 적용하면 회사 공시 이익 2,401.1만원 대비 현재 수령 299만원은 대략 240~480만원 범위 안에 있습니다. 다만 회사가 제15조 제3항의 ‘작성·변경 시 종업원과의 협의’를 거치지 않아 제15조 제6항의 정당보상 추정이 약하고, 절차하자 자체가 추가 협의 근거가 됩니다. 또한 무효소송 승소는 독점권 유지에 기여한 사정으로 2014다220347·2023다237514 법리에 비추어 사용자 이익 및 상당인과관계 평가에서 상한(공헌도 20% 등) 주장 여지가 있습니다. 기대 추가액이 수십~수백만원 수준인 반면 청구·소송의 시간·비용 부담이 커 우선 절차 위반 보완과 상향(예: 공헌도 20% 기준) 지급을 요구하는 협상을 제안하는 것이 합리적입니다.",협상,0
443,제조,중요,3,"보상규정을 서면으로 알렸고, 작성 시 종업원과 협의했으며, 결정된 보상액도 서면으로 알림",1,보통,2.5813,S1,0.03,2396870,0.173,482,1204,3130,4816,이직제안,1.4,12437.3,17412.2,1865.6,2611.8,-2204.2,협상요청,자부심,"내 발명이 회사에 유의미한 이익을 냈고, 지금까지의 보상도 적지 않지만 내 기여와 시장에서의 가치(이직 제안)를 고려하면 추가 논의가 필요하다고 느낀다. 회사가 보상규정을 성실히 운영한 점은 인정하며, 법적 절차로 가기 전 상호 신뢰를 바탕으로 합리적 조정을 먼저 시도하고 싶다. 장기적 동기부여(추가 성과연동, 유지보상 등)에 대한 명확한 기준을 함께 마련하자고 제안하려 한다.",협상,0
439,IT,미미,3,"보상규정을 서면으로 알렸고, 작성 시 종업원과 협의했으며, 결정된 보상액도 서면으로 알림",0,인색,0.9432,S2,0.02,4988001,0.0234,33,82,215,330,라이선스수입,9.3,2335.5,21720.2,350.3,3258.0,2928.0,협상요청,자부심,"회사는 보상규정을 서면 통지·협의·통지해 발명진흥법 제15조 2~4항 요건을 형식상 충족하여 정당보상 추정이 성립합니다. 그러나 IT 분야 발명으로 라이선스수입 21,720.2만원이 발생했음에도 기지급 330만원은 판례상 발명자 공헌도 10~20%를 적용한 합리 범위(2,172~4,344만원)에 현저히 미달합니다. 제15조 6항 단서와 대법원 2023다237514의 ‘상당인과관계 있는 이익’ 법리에 비추어 라이선스수입은 사용자 이익으로 직접 인정되므로 추가 보상 산정이 필요합니다. 금액 규모와 소요시간·비용(청구/소송)을 견주어 우선 관련 근거를 제시해 회사에 추가 협의를 요청하고, 불성실 시 청구·소송으로 단계적으로 대응하는 것이 합리적입니다.",협상,0
441,제조,미미,0,보상규정 자체가 없음,1,보통,2.7314,S2,0.03,4189228,0.0261,134,336,873,1343,라이선스수입,5.0,3277.2,16386.0,491.6,2457.9,1114.9,청구,자부심,"제조업 발명이고 회사에 보상규정이 없어 발명진흥법 제15조 제2~제4항이 지켜지지 않았으므로, 제6항의 정당보상 추정이 작동하지 않아 추가보상 청구 여지가 큽니다. 회사 공시 이익 16,386만원에 판례상 발명자 공헌도 10~20%를 적용하면 1,639~3,277만원인데, 기수령액 1,343만원은 최소 296만원 부족합니다. 라이선스수입은 발명과 상당인과관계 있는 이익으로 평가될 가능성이 높고(대법원 2023다237514), 공지기술 항변 여지도 낮아 사용자 이익 인정이 유리합니다. 소송은 2~3년과 변호사비 부담 대비 쟁점 금액이 크지 않아 비효율적이므로, 시효 10년을 염두에 두고 사내·조정 절차를 통한 법적 보상 청구로 추가지급과 보상규정 마련을 압박하겠습니다.",청구,0
446,반도체,미미,2,보상규정을 서면으로 알렸으나 작성·변경 시 종업원과 협의한 적 없음,3,매우후함,10.6129,S1,0.03,3524700,0.04,673,1682,4375,6730,M&A,7.2,4227.3,30436.6,634.1,4565.5,-2164.5,협상요청,자부심,"회사 공시상 이익 30,436.6만원 대비 내 보상 6,730만원은 비중이 적지 않지만, 보상규정이 직원 협의 없이 운영된 점에서 추가 보상 여지가 있다고 느낍니다. 또한 발명 후 M&A가 있었고, 발명이 기업가치와 프리미엄에 기여했을 가능성이 커 현재 산정 이익에 충분히 반영되지 않았을 수 있습니다. 우선 소송보다는 수치와 기준을 재검토하며 공정한 분배 원칙으로 회사와 협의해 원만히 해결하고 싶습니다.",협상,0
447,제약,미미,3,"보상규정을 서면으로 알렸고, 작성 시 종업원과 협의했으며, 결정된 보상액도 서면으로 알림",0,인색,1.0939,S1,0.05,3943207,0.0308,100,249,646,995,이직제안,1.2,6065.5,7278.6,909.8,1091.8,96.8,협상요청,자부심,"회사가 공시한 이익 7,278.6만원에 비해 받은 995만원은 수고를 인정받았지만 아직 아쉬움이 남습니다. 보상규정을 성실히 운영한 점을 감안하면 곧장 법적 절차보다는 추가 협의가 현실적입니다. 이직 제안도 협상 지렛대로 활용해 성과연동 보상이나 추가 일시보상을 요구하겠습니다.",협상,0
438,반도체,핵심,0,보상규정 자체가 없음,1,보통,2.1442,S2,0.03,1897791,0.3968,727,1816,4723,7266,사업화성공,4.2,22589.9,94877.6,3388.5,14231.6,6965.6,청구,자부심,"보상규정 부재로 제15조 2~4항 이행이 없어 제15조 6항의 면책이 적용되지 않고, 사업화 성공으로 발생한 회사 이익(94,877.6만원)은 ‘상당인과관계 있는 이익’에 해당해 정당한 보상 근거가 충분합니다(대법원 2023다237514). 판례상 발명자 공헌도 10~20%를 적용한 참고범위(9,488~18,976만원) 대비 현재 수령액(7,266만원)이 하한에도 못 미쳐 추가 보상 여지가 큽니다(2009다75178). 다만 소송은 2~3년 소요와 변호사 비용 부담이 커서, 사내·조정 절차를 통한 공식 청구로 압박하며 합의를 도모하는 편이 비용 대비 효율적입니다. 소멸시효 10년(2009다75178)도 유의해 조속히 청구를 개시합니다.",청구,0
444,제약,중요,3,"보상규정을 서면으로 알렸고, 작성 시 종업원과 협의했으며, 결정된 보상액도 서면으로 알림",3,매우후함,11.2966,S2,0.05,1280834,0.2381,2584,6460,16796,25840,사업화성공,14.2,15249.1,216537.2,2287.4,32480.6,6640.6,협상요청,자부심,"회사는 제15조 제2~4항 요건을 갖춰 제15조 제6항의 정당보상 추정이 작동합니다. 공시 이익 216,537.2만원 대비 기수령 25,840만원(약 11.9%)은 대법원 2009다75178 등에서 본 발명자 공헌도 10~20% 범위 내여서 법적 청구의 승산이 제한적입니다. 또한 최신 법리(대법원 2023다237514)는 ‘상당인과관계 있는 이익’만을 대상으로 하여 회사의 후속 기여가 더 반영될 수 있어 소송은 기간·비용 대비 기대이익이 크지 않습니다. 다만 제약 분야의 기술 기여와 사업화 성공을 근거로 중간값(예: 15% 부근) 수준의 추가보상을 사내 협의로 요청해볼 실익이 있어 우선 협상요청을 택합니다.",협상,0
448,제조,보통,1,보상규정은 있으나 종업원에게 서면으로 알린 적 없음,1,보통,2.2107,S2,0.03,619715,0.0802,50,124,321,495,라이선스수입,7.3,1491.4,10887.2,223.7,1633.1,1138.1,청구,자부심,"제조 직무발명으로 라이선스수입이 발생했고, 회사 이익 10,887.2만원 대비 제가 받은 495만원은 판례상 실시료율 2~3%·발명자 공헌도 10~20% 기준에 비추어 현저히 낮습니다(대법원 2009다75178 등). 회사는 보상규정을 서면 통지하지 않아 발명진흥법 제15조 6항의 정당보상 추정이 적용되지 않고, 보상액 산정 시 회사이익·공헌도를 고려했는지도 의문입니다(제15조 2~4항). 이익과의 상당인과관계도 라이선스수입으로 직접 확인되므로 추가 보상 청구의 여지가 큽니다(대법원 2023다237514). 소송은 기간·비용 부담이 커 우선 사내 또는 조정 절차에 의한 ‘청구’로 1,089~2,177만원 수준을 요구하고, 불성립 시 소송을 검토하는 것이 실익이 큽니다.",청구,0
451,IT,미미,3,"보상규정을 서면으로 알렸고, 작성 시 종업원과 협의했으며, 결정된 보상액도 서면으로 알림",2,후함,4.9911,S2,0.02,3124134,0.0443,207,518,1347,2072,무효소송승소,1.0,2767.4,2767.4,415.1,415.1,-1656.9,수용,자부심,"회사が 보상규정을 서면 고지·협의·서면 통지까지 이행하여 발명진흥법 제15조 제2~4항을 충족했고, 제6항에 따른 정당보상 추정이 작동합니다. 회사 이익 2,767.4만원 대비 판례상 발명자 공헌도 10~20%면 277~553만원 수준인데, 저는 이미 2,072만원을 받아 통상 범위를 크게 상회합니다. IT 분야에서의 기준(대법원 2014다220347의 2% 참조)과 2023다237514의 ‘상당인과관계 있는 이익’ 법리, 무효소송 승소 사정까지 고려해도 추가 상승 여지는 제한적입니다. 협상·청구·소송의 시간·비용 대비 기대이익이 작아 현재 보상을 수용하는 것이 합리적입니다.",수용,0
450,IT,핵심,1,보상규정은 있으나 종업원에게 서면으로 알린 적 없음,0,인색,0.8782,S2,0.02,2073559,0.4133,226,564,1468,2258,M&A,5.2,17139.9,89127.5,2571.0,13369.1,11111.1,청구,자부심,"IT 산업 특성상 대법원 2014다220347의 정보통신 사건에서 실시료율 2%가 참작례로 보이고, 귀사의 공시상 이익 89,127.5만원이 산정의 기초가 됩니다. 회사는 보상규정이 있으나 종업원에게 서면 통지하지 않았으므로 발명진흥법 제15조 2·4항 위반이고, 제15조 6항의 ‘정당보상 간주’ 효과를 주장하기 어렵습니다. 또한 M&A 이후 사정도 ‘상당인과관계 있는 이익’에 포함될 수 있다는 2023다237514 취지에 비추어, 인수 프리미엄 중 발명 기여분을 반영할 여지가 있습니다. 판례상 발명자 공헌도 10~20%(2009다75178 등)를 적용하면 적정보상은 8,913~17,826만원인데 현재 수령액은 2,258만원에 불과하므로, 10년 소멸시효를 점검하되 비용과 기간을 고려해 우선 사내·조정 절차로 추가보상을 청구하는 것이 합리적입니다.",청구,0
455,IT,보통,3,"보상규정을 서면으로 알렸고, 작성 시 종업원과 협의했으며, 결정된 보상액도 서면으로 알림",1,보통,2.7969,S1,0.02,3307523,0.0959,266,665,1729,2660,무효소송승소,1.8,6340.8,11413.4,951.1,1712.0,-948.0,수용,자부심,"회사 보상규정이 사전에 협의·서면통지 되는 등 절차적 공정성이 확보되었습니다. 공시된 회사 이익 11,413.4만원 대비 내가 받은 보상 2,660만원은 약 23%로 업계 관행 대비 낮지 않다고 판단합니다. 또한 회사가 무효소송을 승소하며 권리를 방어한 점을 감안하면 리스크와 비용 분담도 합리적이었습니다. 내 발명이 기업 성과에 기여했고 그 공로가 적정히 인정되었다고 느껴 현재 보상을 수용합니다.",수용,0
454,반도체,미미,2,보상규정을 서면으로 알렸으나 작성·변경 시 종업원과 협의한 적 없음,1,보통,2.7176,S1,0.03,2992162,0.0264,97,242,629,968,사업화성공,18.3,2373.7,43438.7,356.1,6515.8,5547.8,청구,배신감,"회사는 본 발명으로 43,438.7만원의 이익을 얻었는데, 내가 받은 보상은 968만원에 그쳐 비례성과 정당성이 부족해 보입니다. 보상규정을 서면으로만 알리고 제·개정 시 협의가 없었던 점도 공정성에 의문을 남깁니다. 따라서 법정 절차에 따른 정당한 보상 청구를 개시해 객관적 산정과 자료열람을 요구하겠습니다. 협의가 불성실하거나 불가 시에는 소송도 검토하되, 첫 단계는 청구로 시작합니다.",청구,0
445,제조,미미,2,보상규정을 서면으로 알렸으나 작성·변경 시 종업원과 협의한 적 없음,3,매우후함,9.2681,S2,0.03,4090802,0.0466,796,1990,5173,7959,사업화성공,9.5,5725.1,54388.5,858.8,8158.3,199.3,협상요청,자부심,"제조업에서 사업화가 성공하여 회사 이익이 약 5.44억원으로 공시되었고, 내가 받은 7,959만원은 이익의 약 14.6%로 판례상 발명자 공헌도 10~20% 범위 내에 있어 액수 자체는 현저히 부족하다고 보기 어렵다. 다만 사용자가 발명진흥법 제15조 제3항의 협의의무를 이행하지 않아 제15조 제6항의 ‘정당한 보상’ 간주 보호를 받기 어렵다는 점은 절차 하자를 근거로 상단 수준 보완을 요구할 수 있는 협상 레버리지다. 대법원 2009다75178, 2014다220347 및 2023다237514 법리에 비추면 합리적 실시료율·독점권 기여율을 적용할 때 추가 상향 폭은 제한적일 수 있어, 곧바로 청구·소송으로 갈 실익이 크지 않다. 따라서 우선 절차적 보완과 소폭 추가 지급(예: 10~20% 상단 근접)을 타진하고, 불응 시 소멸시효 10년 내에 청구 전환을 검토한다.",협상,0
452,제조,보통,0,보상규정 자체가 없음,0,인색,0.8998,S2,0.03,797051,0.0574,18,46,121,185,M&A,8.0,1373.1,10984.8,206.0,1647.7,1462.7,청구,자부심,"법 제15조 제2~4항상 보상규정이 없는 상태이므로 제6항의 정당보상 추정이 배제되고, 보상청구권의 소멸시효는 10년(대법원 2009다75178)이라 신속히 권리를 행사할 필요가 있습니다. 공시 이익 10,984.8만원과 판례상 실시료율(제조업 2~3% 내외)·발명자 공헌도(10~20%)를 감안하면 지금까지의 185만원은 현저히 부족할 개연성이 큽니다. 아울러 대법원 2023다237514에 따라 M&A로 현실화된 이익도 발명과 상당인과관계가 인정되면 사용자 이익에 포함될 수 있습니다. 소송은 기간·비용 부담이 크므로 우선 법적 근거를 적시한 정식 보상 청구(사내 또는 조정)로 추가보상을 요구하고, 불성립 시 소송을 검토하는 것이 합리적입니다.",청구,0
453,IT,핵심,2,보상규정을 서면으로 알렸으나 작성·변경 시 종업원과 협의한 적 없음,2,후함,4.9557,S2,0.02,3506525,0.464,2419,6047,15723,24189,M&A,3.2,32539.8,104127.4,4881.0,15619.1,-8569.9,협상요청,자부심,"IT 업종 특성상 대법원 2014다220347이 제시한 낮은 실시료율(정보통신 2% 수준)과 발명자 공헌도 10~20%를 감안하면 법원이 산정할 보상액이 현재 수령액(241.89백만원)을 크게 상회한다고 단정하기 어렵습니다. 다만 회사는 보상규정을 서면 고지했더라도 제15조 제3항의 ‘협의’ 절차를 누락해 제15조 제6항의 정당보상 추정이 깨지므로, 규정의 적법성·산식 공개와 추가보상 여지가 협상 포인트가 됩니다. 또 최근 2023다237514에 따라 M&A 이후 사정도 ‘상당인과관계 있는 이익’에 포함될 수 있어, 특허가 거래가치에 기여했다면 그 프리미엄을 반영한 보상 상향을 요구할 근거가 있습니다. 소송은 2~3년과 높은 비용 대비 추가 회수 불확실성이 커서, 우선 위 법리와 절차상 하자를 근거로 회사에 추가 협의를 공식 요청한 뒤 불응 시 청구·소송으로 단계적 격상을 도모하는 것이 합리적입니다.",협상,0
449,반도체,중요,3,"보상규정을 서면으로 알렸고, 작성 시 종업원과 협의했으며, 결정된 보상액도 서면으로 알림",2,후함,4.3698,S2,0.03,4655149,0.1848,1692,4230,10996,16918,라이선스수입,5.6,25809.7,144534.3,3871.5,21680.1,4762.1,협상요청,자부심,"반도체 업종 특성상 사용자 공헌이 큰 편이라도, 본 건은 라이선스수입이 발생하여 사용자 이익(144,534.3만원)이 ‘상당인과관계 있는 이익’으로 명확합니다(최신 대법원 법리 참조). 회사는 발명진흥법 제15조 제2~4항 요건을 갖춰 제6항의 정당보상 추정이 작동하나, 단서에 따라 이익과 공헌도를 반영했는지 금액 적정성은 여전히 심사 대상입니다. 판례상 발명자 공헌도 10~20% 범위(14,453~28,907만원) 대비 기수령액 16,918만원은 하한에 근접하여 4,762~11,989만원 추가 상향 여지가 있습니다. 소송은 2~3년과 높은 비용 대비 기대이익이 크지 않아, 우선 사내 기준 재검토 및 15~20% 구간 상향을 목표로 추가 협의를 요청하는 것이 실익이 큽니다.",협상,0
456,IT,보통,2,보상규정을 서면으로 알렸으나 작성·변경 시 종업원과 협의한 적 없음,1,보통,2.6842,S2,0.02,1951752,0.0691,109,272,705,1086,침해소송승소,1.5,2697.7,4046.5,404.7,607.0,-479.0,수용,손실회피,"IT 업종 특성과 대법원 2009다75178·2014다220347에 비추어 발명자 공헌도는 통상 10~20% 수준이고, 2023다237514에 따라 침해소송 승소 등 사후 사정까지 반영된 회사 이익 4,046.5만원을 기준으로 보면 합리적입니다. 이 이익에 공헌도를 적용한 범위(405~809만원) 대비 내가 받은 보상 1,086만원은 이를 상회합니다. 사용자 측이 제15조 제3항의 ‘협의’ 절차를 준수하지 않아 제15조 제6항의 정당보상 추정은 약하지만, 액수 자체는 이익·공헌도를 고려할 때 추가 청구의 기대이익이 크지 않습니다. 청구·소송은 수개월~수년과 비용 부담이 큰 반면 실익이 제한적이므로, 현 단계에서는 수용이 합리적입니다.",수용,0
459,제조,미미,2,보상규정을 서면으로 알렸으나 작성·변경 시 종업원과 협의한 적 없음,3,매우후함,11.0533,S2,0.03,2721170,0.0216,293,732,1904,2929,이직제안,1.2,1766.6,2119.9,265.0,318.0,-2611.0,수용,손실회피,"제조업 사안에서 회사 공시 이익 2,119.9만원에 대법원 2009다75178의 발명자 공헌도 10~20%를 적용하면 212~424만원인데, 저는 이미 2,929만원을 수령하여 기준범위를 크게 상회하고 회사 이익도 초과합니다. 보상규정은 서면 통지되었으나 제15조 제3항 협의가 없어 제15조 제6항의 정당보상 추정은 약하지만, 액수 자체는 이익·공헌도를 고려한 것으로 평가될 가능성이 큽니다. 2023다237514의 ‘상당인과관계 있는 이익’ 기준으로 보아도 이직제안 등 승계 이후 사정이 사용자 이익으로 직접 귀속된다고 보기 어려워 추가 보상 근거가 빈약합니다. 청구·소송은 시간·비용 대비 실익이 거의 없고 역풍 위험만 커 보여 현재 보상을 수용하는 것이 합리적입니다.",수용,0
460,반도체,핵심,1,보상규정은 있으나 종업원에게 서면으로 알린 적 없음,0,인색,0.959,S1,0.03,2585134,0.3237,361,903,2347,3611,라이선스수입,5.6,25102.4,140573.4,3765.4,21086.0,17475.0,청구,배신감,"회사는 직무발명 보상규정이 있다고 하나 종업원에게 서면 고지를 하지 않아 규정의 구속력이 약합니다. 발명으로 회사가 확보한 라이선스 수입이 약 140.6억 원인데 내가 받은 보상은 3,611만 원에 그쳐 현저히 불균형합니다. 합리적 보상액 산정을 위해 법정 절차로 권리를 명확히 할 필요가 있습니다. 소송 전 단계에서 청구를 개시해 협상·조정 가능성도 함께 열어두겠습니다.",청구,0
457,제조,보통,1,보상규정은 있으나 종업원에게 서면으로 알린 적 없음,1,보통,2.1929,S2,0.03,2271030,0.0679,152,380,989,1521,무효소송승소,1.7,4623.1,7859.3,693.5,1178.9,-342.1,수용,자부심,"보상규정이 서면 고지되지 않아 발명진흥법 제15조 제2·4·6항의 적법 보상 추정은 어렵지만, 회사 공시 이익(7,859.3만원)에 판례상 발명자 공헌도 10~20%(대법원 2009다75178 등)를 적용한 통상 범위(786~1,572만원)와 비교하면 내가 받은 1,521만원은 상단부에 해당합니다. 제조업에서의 실시료율 2~3%(2009다75178, 2014다220347) 등을 전제로 한 다른 산정방식까지 감안하면 추가 증액 여지는 제한적입니다. 무효소송 승소는 2014다220347, 2023다237514 취지상 이익 산정의 참작 사유이나, 이미 회사 이익에 반영되었을 가능성이 높아 별도 가산 사유로 보기 어렵습니다. 청구·소송은 수개월~수년의 시간과 비용 대비 기대이익이 작아 현 보상 수용이 합리적입니다.",수용,0
458,IT,보통,1,보상규정은 있으나 종업원에게 서면으로 알린 적 없음,0,인색,0.9177,S2,0.02,802683,0.0583,13,32,84,129,이직제안,1.0,935.3,935.3,140.3,140.3,11.3,협상요청,자부심,"회사가 보상규정을 서면으로 알린 사실이 없어 발명진흥법 제15조 2~4항을 지키지 못했고, 제6항의 ‘정당한 보상’ 추정도 적용되지 않아 규정·산정근거 공개 및 추가 보상 협상을 요구할 명분이 있습니다. 판례상 발명자 공헌도 10~20%(2009다75178 등)를 회사 이익 935.3만원에 적용하면 합리적 보상범위는 약 94~187만원이고, 현재 수령한 129만원은 그 범위의 중하단이므로 일부 보정 여지는 있으나 격차가 크진 않습니다. 한편 공지기술 항변 가능성(2009다91507)과 ‘상당인과관계 있는 이익’ 법리(2023다237514)로 이익 산정 다툼이 예상되고, 이직제안 등 사후사정도 참작될 수 있으나 증액 폭을 크게 키우긴 어렵습니다; 소멸시효 10년(2009다75178)도 관리가 필요합니다. 소송은 2~3년 소요·비용 부담 대비 기대 추가액이 제한적이므로, 먼저 회사에 보상규정과 산정내역 서면제공을 요구하며 30~60만원 수준의 추가지급을 제안하는 협상요청이 최적이고, 불응 시 사내 청구·조정으로 전환하겠습니다.",협상,0
464,제조,핵심,3,"보상규정을 서면으로 알렸고, 작성 시 종업원과 협의했으며, 결정된 보상액도 서면으로 알림",0,인색,0.943,S1,0.03,1245071,0.3139,166,414,1078,1658,M&A,5.0,11724.1,58620.5,1758.6,8793.1,7135.1,협상요청,자부심,"회사 공시 기준 이익이 약 5.86억 원인데 내가 받은 보상은 1,658만 원으로 체감상 비율이 낮습니다. 발명이 M&A 과정에서 회사 가치 제고에 기여했을 가능성도 커 보여, 기여도를 반영한 추가 보상이 필요하다고 느낍니다. 회사가 보상규정을 갖추고 있으니 우선 내부 절차로 합리적 재산정과 추가 협의를 요청해 관계를 유지하고 싶습니다. 협상이 원만히 이루어지지 않으면 다음 수단을 검토하겠습니다.",협상,0
461,반도체,미미,3,"보상규정을 서면으로 알렸고, 작성 시 종업원과 협의했으며, 결정된 보상액도 서면으로 알림",3,매우후함,9.3098,S2,0.03,2304093,0.036,348,869,2258,3475,무효소송승소,1.0,2489.0,2489.0,373.3,373.3,-3101.7,수용,자부심,"회사는 보상규정을 서면 통지·협의·보상액 서면 통지까지 이행해 발명진흥법 제15조 제2~4항 요건을 충족했고, 제6항상 정당보상이 추정됩니다. 반도체 분야에서도 통상 실시료율 2~3%와 판례상 발명자 공헌도 10~20%가 참작되며, 회사 공시 이익 2,489만원 기준 예상 보상은 약 249~498만원 수준입니다. 이미 수령한 3,475만원은 이 범위는 물론 공시 이익 자체도 초과하여 추가 청구의 실익이 작고, 무효소송 승소(2014다220347) 및 최근 ‘상당인과관계 있는 이익’ 법리(2023다237514)를 보더라도 금액 확대 사유가 되기 어렵습니다. 청구·소송은 수개월~수년의 시간과 변호사 비용 부담 대비 승소 가능성이 낮으므로 현 보상을 수용하는 것이 합리적입니다.",수용,0
463,제조,중요,1,보상규정은 있으나 종업원에게 서면으로 알린 적 없음,0,인색,1.0052,S1,0.03,4827860,0.2191,478,1196,3110,4784,침해소송승소,3.3,31729.9,104708.7,4759.5,15706.3,10922.3,청구,배신감,"회사가 보상규정을 두고도 종업원에게 서면으로 알리지 않은 점에서 신뢰가 크게 흔들렸습니다. 이 발명으로 회사가 104,708.7만원의 이익을 얻고 침해소송에서도 승소했는데, 내가 받은 4,784만원은 이에 비해 현저히 낮다고 느낍니다. 합리적 보상 수준을 객관적으로 다시 판단받기 위해 법적 보상 청구 절차를 곧바로 착수하겠습니다. 단순 협상만으로는 충분한 개선을 기대하기 어렵다고 판단합니다.",청구,0
466,제약,핵심,2,보상규정을 서면으로 알렸으나 작성·변경 시 종업원과 협의한 적 없음,3,매우후함,8.731,S1,0.05,2355880,0.3821,5895,14736,38315,58946,무효소송승소,1.7,45009.1,76515.5,6751.4,11477.3,-47468.7,수용,자부심,"회사 공시 기준 이익 76,515.5만원 대비 내가 받은 보상 58,946만원은 비중이 상당히 크고 실질적으로 만족스러운 수준이다. 무효소송 승소 과정에서 회사도 리스크와 비용을 부담했음을 감안하면 추가 법적 대응의 기대이익이 크지 않다고 본다. 보상규정 협의 절차의 흠결은 있으나 이를 근거로 더 얻을 수 있는 몫이 불확실하고 관계 비용이 크다. 내 발명이 회사에 기여했고 그 대가를 의미 있게 인정받았다는 자부심으로 현재 보상을 수용한다.",수용,0
465,IT,보통,2,보상규정을 서면으로 알렸으나 작성·변경 시 종업원과 협의한 적 없음,3,매우후함,9.9519,S1,0.02,2471361,0.08,590,1475,3835,5900,무효소송승소,1.5,3951.9,5927.9,592.8,889.2,-5010.8,수용,자부심,"보상규정 수립 시 협의 절차는 미흡했지만, 받은 5,900만원이 회사 공시 기준 이익 5,927.9만원과 사실상 동일해 추가 청구의 실익이 매우 제한적입니다. 무효소송 승소로 발명의 효용이 확인되었고, 현 보상은 그 가치가 충분히 반영된 수준입니다. 소송·협상 비용과 관계 부담을 고려할 때 현재 보상을 수용하는 것이 가장 합리적입니다.",수용,0
467,제약,미미,0,보상규정 자체가 없음,3,매우후함,10.5869,S1,0.05,4479507,0.0345,1228,3070,7981,12279,사업화성공,3.2,7732.0,24742.4,1159.8,3711.4,-8567.6,수용,자부심,"회사 공시 이익 24,742.4만원 대비 내가 받은 12,279만원은 약 50%로, 통상 직무발명 보상 수준을 크게 상회합니다. 보상규정이 없음에도 이미 합리적이고 우호적인 보상이 이루어졌고, 추가 법적 청구의 기대이익은 크지 않습니다. 분쟁에 들어가면 시간·비용과 관계 비용이 더 클 수 있습니다. 이번 성과 자체에 자부심을 갖고 수용하는 편이 최선이라 판단했습니다.",수용,0
462,제조,중요,1,보상규정은 있으나 종업원에게 서면으로 알린 적 없음,1,보통,2.4098,S1,0.03,4482913,0.1953,950,2374,6171,9495,라이선스수입,3.3,26267.6,86683.1,3940.1,13002.5,3507.5,협상요청,배신감,"회사에 보상규정이 있다면서도 종업원에게 서면으로 알리지 않았다는 점에서 정당한 보상 체계에 대한 신뢰가 깨졌습니다. 발명으로 발생한 라이선스 이익이 86,683.1만원인 반면, 제가 받은 9,495만원은 제 기여와 수익 규모에 비해 부족하다고 느낍니다. 다만 조직과의 관계를 고려해 소송에 앞서 추가 보상 기준과 산정근거에 대한 협의를 먼저 요구하겠습니다.",협상,0
468,IT,중요,2,보상규정을 서면으로 알렸으나 작성·변경 시 종업원과 협의한 적 없음,0,인색,1.0585,S1,0.02,824720,0.1825,48,120,310,478,라이선스수입,3.9,3010.6,11741.3,451.6,1761.2,1283.2,청구,배신감,"회사 공시에 따르면 이 발명으로 회사가 얻은 이익은 11,741.3만원인데, 내가 받은 보상은 478만원(약 4%)에 불과합니다. 보상규정은 서면 통지되었지만 제·개정 시 종업원과의 협의가 없었던 점에서 절차상 하자가 있어 내부 규정만으로 정당성이 약합니다. 라이선스 수입으로 기여 이익이 비교적 명확하므로 합리적 보상을 법정 절차로 청구하는 것이 타당하다고 판단했습니다. 회사에 대한 신뢰가 흔들린 만큼 비공식 협상보다 공식 청구 절차로 바로 진행하겠습니다.",청구,0
469,반도체,중요,0,보상규정 자체가 없음,2,후함,4.4095,S2,0.03,848416,0.1674,282,704,1832,2818,사업화성공,8.3,4260.4,35361.3,639.1,5304.2,2486.2,협상요청,자부심,"보상규정이 없어 발명진흥법 제15조 제2~4항을 이행하지 않았고, 제6항의 정당보상 추정도 적용되지 않아 추가 보상 여지가 큽니다. 사업화 성공에 따른 사용자 이익 35,361.3만원이 존재하며, 기수령 2,818만원은 판례상 발명자 공헌도(10~20%) 기준 3,536~7,072만원에 미달합니다. 다만 2023다237514의 ‘상당인과관계 있는 이익’ 쟁점과 소송(2~3년)의 시간·비용 부담을 고려하면 즉시 소제기는 비효율적입니다. 우선 회사에 보상규정 정비와 미지급분 범위의 추가보상을 협의 요청하고, 불성립 시 청구/소송으로 전환하는 것이 실익이 큽니다.",협상,0
474,IT,보통,0,보상규정 자체가 없음,0,인색,0.8658,S1,0.02,1324146,0.0656,22,56,147,225,이직제안,1.4,1736.3,2430.8,260.4,364.6,139.6,협상요청,자부심,"회사에 보상규정이 없는데도 내 발명으로 공시상 2,430.8만원의 이익이 발생했고, 내가 받은 225만원은 기여에 비해 적다고 느낍니다. 법적 절차로 가기 전, 내 성과에 합당한 인정과 체계를 합의하는 것이 더 빠르고 비용 효율적입니다. 이직 제안이 있는 지금이 협상 레버리지가 크며, 원만히 정리되면 상호 신뢰도 회복할 수 있습니다. 추가 보상과 향후 규정 마련을 동시에 요구하겠습니다.",협상,0
476,IT,핵심,0,보상규정 자체가 없음,3,매우후함,9.8477,S1,0.02,4778398,0.4526,6390,15974,41532,63896,이직제안,1.2,43256.2,51907.4,6488.4,7786.1,-56109.9,수용,자부심,"회사 공시 기준 이익 51,907.4만원보다 내가 받은 보상 63,896만원이 더 커 추가 청구의 실익이 낮습니다. 보상규정 부재가 있더라도 이미 통상 수준을 넘어선 보상이 이루어진 만큼 법적 분쟁은 명분과 승산이 약합니다. 불필요한 협상·분쟁은 평판과 관계 비용만 키울 수 있어 현 단계에서는 수용이 합리적입니다. 또한 이직제안이 있는 만큼 분쟁보다 커리어 선택에 집중하는 편이 더 큰 가치를 만들 수 있습니다.",수용,0
473,반도체,보통,3,"보상규정을 서면으로 알렸고, 작성 시 종업원과 협의했으며, 결정된 보상액도 서면으로 알림",0,인색,0.8695,S1,0.03,4176764,0.086,141,352,913,1406,침해소송승소,3.5,10782.0,37737.0,1617.3,5660.6,4254.6,협상요청,자부심,"회사가 이 발명으로 공시한 이익 37,737만원에 비해 내가 받은 1,406만원은 비율상 낮다고 느낍니다. 특히 침해소송 승소로 발생한 이익까지 고려하면 발명 공헌분의 반영이 더 필요하다고 봅니다. 다만 회사가 보상규정을 적법하게 운영한 점을 감안해 먼저 추가 협의를 통해 합리적 조정을 시도하겠습니다. 상호 신뢰를 유지하면서 내 기여가 정당하게 인정받기를 바라는 마음이 큽니다.",협상,0
472,반도체,미미,0,보상규정 자체가 없음,1,보통,2.6295,S2,0.03,4157359,0.0455,224,560,1456,2240,M&A,7.3,5677.7,41447.2,851.7,6217.1,3977.1,청구,자부심,"회사에 보상규정이 없어 발진법 제15조 제2~4항을 충족하지 못하므로 제6항의 면책이 적용되기 어렵습니다. 공시된 사용자 이익 41,447.2만원 대비 수령액 2,240만원은 판례상 발명자 공헌도(10~20%) 등을 참작하면 현저히 미달하고, 최신 대법원 2023다237514 취지상 M&A 후 프리미엄도 ‘상당인과관계 있는 이익’에 포함될 여지가 있습니다. 따라서 자료열람과 산정근거 제시를 요구하는 정식 보상청구(사내·조정)로 추가 보상을 도모하고, 내용증명 등으로 시효(10년, 2009다75178)도 관리하겠습니다. 수용은 실익이 적고 단순 협상요청은 강제력이 약하므로, 불응 시 소송(2~3년·비용 부담)은 차순위로 검토합니다.",청구,0
477,IT,중요,3,"보상규정을 서면으로 알렸고, 작성 시 종업원과 협의했으며, 결정된 보상액도 서면으로 알림",3,매우후함,11.124,S1,0.02,1716182,0.1856,1063,2658,6909,10630,이직제안,1.3,6370.4,8281.5,955.6,1242.2,-9387.8,수용,자부심,"회사는 보상규정을 사전 협의·서면 고지 등 절차에 맞게 운영했습니다. 회사 공시 기준 이익(8,281.5만원)보다 제가 받은 보상(10,630만원)이 더 커 추가 청구 명분이 약합니다. 분쟁을 이어가기보다 이미 충분한 보상이 주어졌다고 보고 마무리하는 것이 합리적입니다. 이직 제안도 있어 소모적 갈등 대신 경력과 성과에 집중하겠습니다.",수용,0
480,제약,중요,2,보상규정을 서면으로 알렸으나 작성·변경 시 종업원과 협의한 적 없음,1,보통,2.8432,S1,0.05,2379732,0.2064,1047,2618,6807,10472,사업화성공,10.1,24553.9,247994.4,3683.1,37199.2,26727.2,청구,배신감,"회사는 보상규정을 서면으로만 통지하고 제정·변경 시 종업원과 협의하지 않았습니다. 제 발명으로 사업화에 성공해 공시 기준 약 247,994.4만원의 이익을 얻었는데, 제가 받은 보상은 10,472만원에 그쳐 이익 대비 현저히 낮습니다. 정당한 직무발명 보상을 위해 법적 절차로 합리적 보상액을 다투는 것이 필요하다고 판단합니다. 협상 여지도 있으나 제도 운영에 대한 신뢰가 약해 공식적인 청구로 권리를 분명히 하겠습니다.",청구,0
471,제약,보통,0,보상규정 자체가 없음,1,보통,2.5701,S2,0.05,1609985,0.1017,316,789,2052,3157,사업화성공,9.4,8190.3,76988.8,1228.5,11548.3,8391.3,청구,자부심,"회사는 보상규정이 없어 발명진흥법 제15조 2~4항을 미준수하였고, 따라서 제15조 6항의 ‘정당한 보상 간주’ 보호를 받지 못합니다. 제약 업종 특성과 사업화 성공, 공시 이익 76,988.8만원을 전제로 하면 판례상 발명자 공헌도 10~20%만 적용해도 7,699~15,398만원인데 기수령 3,157만원은 현저히 부족합니다. 2009다75178의 10년 소멸시효와 2023다237514의 ‘상당인과관계 있는 이익’ 법리를 감안해도 본 사안은 인과관계 인정 가능성이 높습니다. 소송은 기간·비용 부담이 커 우선 내용증명·사내절차·특허청 조정 등 법정 보상 청구로 추가 4,542~12,241만원 범위를 기준으로 협의하고, 불성립 시 소제기를 검토하는 것이 합리적입니다.",청구,0
470,IT,중요,1,보상규정은 있으나 종업원에게 서면으로 알린 적 없음,1,보통,2.5047,S2,0.02,4000096,0.1651,496,1240,3225,4961,침해소송승소,4.9,13205.5,64707.0,1980.8,9706.0,4745.0,청구,자부심,"IT 분야이고 침해소송 승소 사실까지 반영하면 2023다237514 취지의 ‘상당인과관계 있는 이익’이 큽며, 발명자 공헌도도 통상 10~20%로 평가됩니다. 회사는 보상규정을 서면 통지하지 않아 발명진흥법 제15조 제6항의 정당보상 간주 요건을 충족하지 못해 추가 보상 청구 여지가 큽니다. 공시 이익 64,707만원 대비 현재 수령 4,961만원은 판례상 공헌도만 적용해도 현저히 낮고, 침해승소로 공지기술 항변 가능성도 약합니다. 소멸시효 10년을 염두에 두되, 소송(2~3년·비용 부담)보다 먼저 수개월 내 가능한 사내·조정 절차로 법적 근거를 제시해 ‘청구’하고, 불성실 응답 시 소송으로 단계적 이행이 합리적입니다.",청구,0
475,제조,보통,2,보상규정을 서면으로 알렸으나 작성·변경 시 종업원과 협의한 적 없음,1,보통,2.6006,S2,0.03,4671891,0.1023,559,1398,3634,5591,M&A,5.0,14333.5,71667.5,2150.0,10750.1,5159.1,협상요청,자부심,"제조업 분야 판례(2009다75178 등) 기준 공헌도 10~20%를 적용하면 회사 공시 이익 71,667.5만원 대비 현재 보상 5,591만원은 하한(10%)에도 못 미쳐 최소 1,576~최대 8,743만원 추가 여지가 있습니다. 회사는 보상규정을 서면 고지했으나 제15조 3항의 협의 절차를 거치지 않아 제15조 6항의 정당보상 추정이 깨지고, 산정 시 사용자 이익·공헌도 반영 여부도 불명확합니다. 발명 후 M&A가 있었고 대법원 2023다237514에 따라 승계 이후 사정과 상당인과관계 있는 이익(인수 프리미엄 등)도 고려 가능해 산정기초가 늘어날 수 있습니다. 소송은 2~3년과 높은 비용 부담이 크므로, 위 근거를 들어 우선 추가 협의를 공식 요청하고 불응·저평가가 지속되면 즉시 직무발명 보상 청구(조정 포함)로 전환하는 것이 실익이 큽니다.",협상,0
482,IT,미미,0,보상규정 자체가 없음,0,인색,0.9067,S1,0.02,2938110,0.0331,26,66,172,264,침해소송승소,4.6,1944.5,8944.7,291.7,1341.7,1077.7,청구,배신감,"회사에 보상규정이 없고, 내 발명으로 회사가 침해소송에서 승소해 약 8,944.7만원의 이익을 얻었는데 내가 받은 보상은 264만원에 그쳤습니다. 이는 직무발명 보상 원칙상 정당한 보상으로 보기 어렵습니다. 우선 법적 보상 청구 절차를 개시해 객관적 기준으로 산정된 보상을 요구하겠습니다. 즉각 소송으로 가기보다는 청구로 증거를 정리하고 회사의 대응을 본 뒤 필요 시 소송을 검토하겠습니다.",청구,0
481,IT,핵심,3,"보상규정을 서면으로 알렸고, 작성 시 종업원과 협의했으며, 결정된 보상액도 서면으로 알림",0,인색,1.0432,S1,0.02,4168203,0.4421,577,1442,3748,5767,이직제안,1.2,36853.8,44224.6,5528.1,6633.7,866.7,협상요청,자부심,"회사가 공시한 이익 약 4.4억 원 대비 내가 받은 보상 0.58억 원은 대략 13%로, 규정상 불합리하다고 단정하긴 어렵지만 내 기여를 감안하면 추가 인센티브 협의 여지가 있다고 본다. 보상규정은 적법 절차를 거친 것으로 보여 곧장 소송으로 가는 건 리스크가 크다. 마침 이직제안도 있어 협상력이 있는 시점이므로, 관계를 해치지 않으면서 추가 보상·승진·프로젝트 리더십 등 패키지를 제안하겠다. 협상 결과에 따라 이후 법적 조치를 재검토하겠다.",협상,0
478,반도체,중요,0,보상규정 자체가 없음,3,매우후함,9.5561,S2,0.03,1163036,0.2576,1288,3220,8374,12882,사업화성공,6.5,8986.8,58414.2,1348.0,8762.1,-4119.9,수용,손실회피,"회사는 보상규정이 없어 발명진흥법 제15조 제2~4항을 준수하지 못해 제6항의 정당보상 추정은 적용되지 않지만, 보상액은 별도로 법리에 따라 산정되어야 합니다. 회사 공시 이익 58.4억에 판례상 발명자 공헌도 10~20%(대법원 2009다75178 등)를 적용하면 5.84~11.68억 범위이고, 이미 수령한 12.882억은 이를 상회합니다. 반도체 분야에서 법원은 통상 낮은 실시료율(2~3%)과 공헌도 10~20%(대법원 2014다220347 등)를 적용하며, 2023다237514의 ‘상당인과관계 있는 이익’ 법리에 비추어 인정이익이 오히려 축소될 위험도 큽니다. 추가 협상·청구·소송의 기대이익 대비 시간·비용 부담이 커 실익이 낮아 현재 보상을 수용하되, 내부적으로는 보상규정 마련을 요구하는 것이 현실적이라 판단합니다.",수용,0
483,반도체,중요,1,보상규정은 있으나 종업원에게 서면으로 알린 적 없음,3,매우후함,9.3609,S1,0.03,3221673,0.2648,3593,8983,23355,35931,라이선스수입,6.4,25589.3,163771.5,3838.4,24565.7,-11365.3,수용,자부심,"회사가 보상규정을 서면으로 알리지 않은 점은 아쉽지만, 내가 받은 보상은 회사 공시 기준 이익 대비 약 22%로 상당히 높은 편입니다. 업계·판례 평균을 감안하면 추가 법적 청구로 실질적 증액을 얻을 가능성은 크지 않고, 시간·관계 비용이 큽니다. 현재 보상을 수용하고 이번 성과가 조직 내 평가와 향후 기회로 이어지도록 하는 편이 전체적으로 유리하다고 판단했습니다.",수용,0
479,제조,미미,2,보상규정을 서면으로 알렸으나 작성·변경 시 종업원과 협의한 적 없음,3,매우후함,9.2796,S2,0.03,1865137,0.0448,349,872,2265,3486,무효소송승소,2.0,2504.7,5009.4,375.7,751.4,-2734.6,수용,손실회피,"회사가 보상규정을 서면 통지했지만 제15조 제3항의 협의 의무를 이행하지 않아 제15조 제6항의 면책추정은 약합니다. 그러나 회사 공시 이익 5,009.4만원에 판례상 발명자 공헌도 10~20%를 적용한 통상 보상 범위(약 501~1,002만원)를 이미 수령한 보상 3,486만원이 크게 상회합니다. 무효소송 승소와 2023다 판례 취지(사후사정 종합고려)에도 불구하고 추가 인정 이익이 크게 늘 가능성은 낮아, 협상·청구·소송의 시간·비용 대비 기대이익이 작습니다. 따라서 현 보상을 수용하고, 절차상 협의 미이행 문제는 향후 제도개선 건의로 처리하는 것이 합리적입니다.",수용,0
484,반도체,핵심,2,보상규정을 서면으로 알렸으나 작성·변경 시 종업원과 협의한 적 없음,0,인색,0.954,S1,0.03,4299511,0.3024,558,1396,3628,5582,M&A,2.9,39011.1,113132.2,5851.7,16969.8,11387.8,청구,배신감,회사 공시에 따른 이익 대비 내가 받은 보상은 약 5%에 불과해 발명의 기여에 비해 과소하다고 느낀다. 보상규정 제·개정 시 종업원과 협의가 없었다는 점은 규정의 효력을 다투며 정당한 보상을 청구할 근거가 된다. M&A로 발명의 가치가 회사 가치에 반영된 정황도 있어 내 몫을 법적으로 확정할 필요가 크다. 그래서 감정에 머물지 않고 즉시 법적 보상 청구 절차를 개시하겠다.,청구,0
485,IT,보통,1,보상규정은 있으나 종업원에게 서면으로 알린 적 없음,3,매우후함,10.4766,S2,0.02,4321623,0.0933,1267,3168,8237,12672,M&A,5.4,8064.2,43546.7,1209.6,6532.0,-6140.0,수용,자부심,"보상규정이 서면 통지되지 않아 발명진흥법 제15조 제6항의 정당보상 추정은 적용되지 않지만, 이것만으로 추가보상이 곧바로 인정되지는 않습니다. IT 업종 판례(2014다220347 등)와 발명자 공헌도 10~20%를 회사 공시 이익 43,546.7만원에 적용하면 4,355~8,709만원 범위인데, 기수령액 12,672만원은 이를 상회합니다. M&A 프리미엄은 2023다237514 법리에 따라 고려 가능하나 인과관계·귀속비율 입증 부담이 크고, 소송(2~3년) 대비 기대추가액이 제한적입니다. 협상·청구·소송의 시간·비용과 불확실성에 비해 실익이 작아 현 보상을 수용하는 것이 합리적입니다.",수용,0
488,IT,보통,0,보상규정 자체가 없음,2,후함,5.0461,S1,0.02,3379759,0.0556,285,712,1849,2846,이직제안,1.3,3759.9,4887.9,564.0,733.2,-2112.8,수용,자부심,"회사 공시 기준 이익 4,887.9만원 대비 내가 받은 보상 2,846만원은 약 58%로 시장 관행과 비교해도 낮지 않은 수준이라고 판단했습니다. 내부 보상규정은 없지만 이미 실질적 보상이 이뤄졌고, 추가 법적 절차는 시간·비용 대비 불확실성과 관계 훼손 리스크가 큽니다. 이직 제안도 있어 갈등을 키우기보다는 이번 성과를 긍정적으로 마무리하고 다음 단계로 나아가고자 합니다.",수용,0
486,제약,보통,0,보상규정 자체가 없음,3,매우후함,11.0686,S2,0.05,2702829,0.087,1952,4880,12689,19521,라이선스수입,8.1,11757.5,95235.8,1763.6,14285.4,-5235.6,협상요청,손실회피,"회사는 보상규정이 없어 발명진흥법 제15조 제2~4항의 준수에 따른 정당보상 추정효를 얻지 못하며, 보상은 사용자가 얻은 이익과 공헌도를 고려해야 합니다(제15조 제6항 단서, 2009다75178). 본 건 라이선스 수입 95,235.8만원은 발명과 상당인과관계 있는 이익으로 볼 여지가 크나(2023다237514), 이미 수령한 19,521만원은 판례상 발명자 공헌도 10~20% 적용 범위 상단(19,047만원)을 소폭 상회합니다. 추가 청구나 소송은 수개월~수년의 시간·비용 대비 기대이익이 낮고, 독점권·기여율 다툼 시 감액 위험도 있습니다(2014다220347 참조). 다만 법정 의무인 보상규정 부재는 개선 대상이므로, 규정 제정과 향후 기준 확립을 전제로 추가 협의를 요청하는 것이 가장 실익이 큽니다.",협상,0
491,반도체,중요,1,보상규정은 있으나 종업원에게 서면으로 알린 적 없음,0,인색,1.0736,S2,0.03,4599629,0.1699,378,944,2453,3775,침해소송승소,3.0,23442.4,70327.2,3516.4,10549.1,6774.1,청구,자부심,"회사는 보상규정이 있으나 서면 고지·결정통지 의무(법 제15조 제2·4항)를 이행하지 않아 제15조 제6항의 면책이 성립하지 않습니다. 회사 공시 이익 70,327.2만원 대비 판례상 발명자 공헌도 10~20%를 적용한 정당보상 범위(7,033~14,065만원)에 비해 기수령 3,775만원은 현저히 부족합니다. 침해소송 승소로 사용자가 얻은 이익과 발명 사이의 상당인과관계가 인정될 여지가 커 추가보상 청구의 법리상 근거가 강합니다. 비용·기간 측면에서 우선 사내·조정 절차의 공식 ‘청구’를 개시해 증거를 확보·시효를 관리하고, 불성립 시 소송으로 전환하는 것이 합리적입니다.",청구,0
487,IT,보통,3,"보상규정을 서면으로 알렸고, 작성 시 종업원과 협의했으며, 결정된 보상액도 서면으로 알림",3,매우후함,9.78,S2,0.02,3643379,0.0965,1032,2579,6705,10316,라이선스수입,7.6,7032.3,53445.5,1054.8,8016.8,-2299.2,수용,자부심,"회사는 보상규정을 서면 고지·협의·통지해 발명진흥법 제15조 제2~4항을 충족했고, 제6항에 따라 원칙적으로 정당한 보상으로 추정됩니다. 라이선스수입 53,445.5만원은 2023다 판결의 ‘상당인과관계 있는 이익’에 해당하고, 이미 받은 10,316만원은 판례상 발명자 공헌도 10~20% 범위의 상단(약 19.3%)에 근접합니다. 정보통신 분야에서 실시료율 2%가 참작된 사례(2014다220347)를 고려해도 현재 보상은 상대적으로 후한 편입니다. 추가로 얻을 수 있는 실익이 최대 약 373만원 수준에 그쳐 청구·소송의 시간·비용 대비 불리하므로 수용합니다.",수용,0
492,IT,핵심,1,보상규정은 있으나 종업원에게 서면으로 알린 적 없음,1,보통,2.6919,S1,0.02,2586863,0.3184,665,1663,4324,6652,사업화성공,5.9,16474.5,97199.6,2471.2,14579.9,7927.9,협상요청,자부심,"발명이 사업화에 성공해 회사가 약 9.72억 원의 이익을 얻었는데, 내가 받은 보상은 6,652만 원(약 7%)에 그칩니다. 회사가 보상규정을 서면으로 고지하지 않은 점은 규정의 효력과 정당보상 산정에서 제게 유리한 요소입니다. 관계를 유지하며 합리적인 추가 보상을 받기 위해 우선 협상을 제안합니다. 협상이 결렬될 경우 법적 절차로 전환할 수 있음을 전제로 하겠습니다.",협상,0
490,제조,핵심,1,보상규정은 있으나 종업원에게 서면으로 알린 적 없음,3,매우후함,10.0345,S1,0.03,4416397,0.3879,7736,19341,50286,77363,침해소송승소,3.9,51397.7,200451.0,7709.7,30067.6,-47295.4,수용,자부심,"서면 고지 미이행으로 추가 청구의 여지는 있으나, 회사 이익 200,451만원 대비 내가 받은 77,363만원은 비율상 상당하다. 침해소송 승소까지 감안해도 추가 법적 대응의 비용·시간·관계 리스크에 비해 기대 이익이 크지 않다고 본다. 현재 보상으로 내 기여가 충분히 인정됐다고 판단해 수용한다.",수용,0
489,제조,보통,1,보상규정은 있으나 종업원에게 서면으로 알린 적 없음,3,매우후함,10.003,S2,0.03,1515436,0.0748,510,1275,3316,5101,이직제안,1.1,3399.2,3739.1,509.9,560.9,-4540.1,수용,손실회피,"제조업 특성과 회사 공시상 사용자 이익 3,739.1만원을 기준으로, 대법원 판례상 실시료율(대체로 2~3%)과 발명자 공헌도(10~20%)를 적용하면 정당보상은 수백만원대에 그치고, 제가 받은 5,101만원은 이를 현저히 상회합니다. 회사가 보상규정을 서면 고지하지 않아 발명진흥법 제15조 제6항의 간주효는 미흡하나, 금액 자체가 사용자 이익을 넘어 추가 청구의 실익이 없고 오히려 과다보상 논란의 역리스크가 있습니다. 이직제안 등 승계 이후 사정도 2023다237514의 '상당인과관계 있는 이익' 법리상 통합 고려되나, 이를 감안해도 사용자의 이익이 커지지 않아 청구·소송은 시간(수개월~수년)과 비용 대비 승산이 낮습니다. 따라서 현 보상을 수용하되, 향후에는 제15조 제2~4항상의 서면 통지·협의 절차 정비만 사내에 건의하는 것이 합리적입니다.",수용,0
496,반도체,미미,1,보상규정은 있으나 종업원에게 서면으로 알린 적 없음,3,매우후함,9.5523,S2,0.03,1867456,0.0309,248,621,1616,2485,이직제안,1.0,1733.7,1733.7,260.1,260.1,-2224.9,수용,손실회피,"반도체 업종과 대법원 판례(2009다75178, 2014다220347) 경향을 보면 실시료율 2~3%, 발명자 공헌도 10~20%가 일반적입니다. 회사는 보상규정 서면 고지 의무(법 제15조 제2~4항)를 지키지 않아 제15조 제6항의 정당보상 추정은 못 받지만, 결국 보상액은 사용자 이익과 공헌도를 기준으로 판단됩니다. 회사 공시 이익 1,733.7만원에 공헌도 10~20%를 적용하면 173~347만원인데, 저는 이미 2,485만원을 수령해 통상 범위를 크게 상회합니다. 2023다237514 법리에 비추어도 추가 ‘상당인과관계 있는 이익’ 입증 가능성이 낮고 이직제안은 사용자 이익이 아니므로, 청구·소송의 시간·비용 대비 실익이 작아 수용을 선택합니다.",수용,0
493,반도체,중요,3,"보상규정을 서면으로 알렸고, 작성 시 종업원과 협의했으며, 결정된 보상액도 서면으로 알림",2,후함,4.6977,S2,0.03,1351299,0.136,389,972,2525,3886,무효소송승소,1.9,5515.3,10479.1,827.3,1571.9,-2314.1,수용,손실회피,"반도체 분야 특성상 통상 실시료율·발명자 공헌도(대법원 2009다75178, 2014다220347 기준 2~3%, 10~20%)가 보수적으로 산정됩니다. 회사는 보상규정을 서면 통지·협의·개별 통지해 발명진흥법 제15조 제2~4항을 준수했으므로 제6항의 정당보상 추정이 작동합니다. 무효소송 승소는 독점가치엔 유리한 사정이나 보상의무 면제사유는 아니며(2014다220347), 회사 공시 이익 10,479.1만원 대비 제가 받은 3,886만원은 판례상 공헌도 10~20%를 적용한 1,048~2,096만원 범위를 이미 상회합니다. 2023다237514 법리에 비추어 사후 사정까지 통합 고려해도 추가 청구의 실익이 크지 않고, 청구·소송의 시간·비용 부담이 커 수용이 합리적입니다.",수용,0
495,제조,미미,3,"보상규정을 서면으로 알렸고, 작성 시 종업원과 협의했으며, 결정된 보상액도 서면으로 알림",1,보통,2.7303,S1,0.03,2973171,0.0336,123,307,799,1229,이직제안,1.5,3001.1,4501.6,450.2,675.2,-553.8,협상요청,자부심,"회사 보상규정이 적법하게 운영되었고, 지금까지 받은 1,229만원은 회사 공시 이익(약 4,501.6만원) 대비 약 27% 수준으로 과도하게 낮다고 단정하긴 어렵습니다. 다만 제 발명이 창출한 성과와 제 기여도를 더 분명히 인정받고 싶고, 이직 제안이 있는 지금이 상호 윈윈하는 보상·유지 방안을 논의하기 좋은 시점입니다. 소송이나 법적 청구는 시간·비용 대비 불확실성이 커서 비효율적이므로, 우선 추가 협상으로 인센티브·성과급·리텐션 패키지를 요청하겠습니다.",협상,0
498,제약,핵심,3,"보상규정을 서면으로 알렸고, 작성 시 종업원과 협의했으며, 결정된 보상액도 서면으로 알림",0,인색,1.1052,S1,0.05,3307316,0.4832,1325,3312,8610,13247,무효소송승소,2.0,79906.0,159812.0,11985.9,23971.8,10724.8,수용,자부심,회사는 보상규정을 서면고지·협의·서면통지까지 갖춰 운영하고 있어 절차적 정당성이 높습니다. 회사 공시 이익(약 15.98억원) 대비 지급된 보상(약 1.32억원)은 약 8% 수준으로 업계·판례 일반과 비교해도 과도하게 낮다고 보기 어렵습니다. 무효소송 승소로 권리가 유지된 만큼 장기적 협업과 평판을 지키는 편이 제게도 유리합니다. 추가 분쟁은 비용과 시간 대비 기대이익이 크지 않아 현재 보상을 수용하기로 합니다.,수용,0
500,IT,핵심,0,보상규정 자체가 없음,2,후함,4.4371,S1,0.02,2375777,0.3314,1048,2620,6813,10481,이직제안,1.3,15747.4,20471.6,2362.1,3070.7,-7410.3,수용,자부심,"회사 보상규정이 없음에도 이미 10,481만원을 수령했고, 이는 회사 공시상 이익 20,471.6만원 대비 상당한 수준이라 합리적이라고 판단했습니다. 추가 협상이나 법적 절차는 시간·비용 대비 불확실성이 커서 기대편익이 크지 않습니다. 이직 제안으로 내 기여와 시장가치를 확인했기에, 지금의 보상을 긍정적으로 받아들이고 다음 커리어 선택에 집중하겠습니다. 관계 소모 없이 성과를 인정받았다는 점에서 자부심이 결정에 작용했습니다.",수용,0
494,제약,중요,2,보상규정을 서면으로 알렸으나 작성·변경 시 종업원과 협의한 적 없음,3,매우후함,9.2604,S2,0.05,1235842,0.1662,1427,3567,9275,14269,라이선스수입,5.6,10272.7,57527.1,1540.9,8629.1,-5639.9,수용,자부심,"회사는 보상규정을 서면 고지했으나 제15조제3항의 ‘협의’ 절차가 없어 제15조제6항의 안전장치는 약화되지만, 보상의 정당성은 결국 사용자 이익과 공헌도를 반영했는지로 판단됩니다. 제약 분야의 라이선스 수입은 2023다237514 취지에 따라 ‘상당인과관계 있는 이익’으로 보되, 2009다75178 등 판례상 발명자 공헌도 통상 10~20%를 회사 이익(57,527.1만원)에 적용하면 적정 보상범위는 5,753~11,505만원입니다. 제가 수령한 14,269만원은 이 상한을 넘어 추가 청구의 인용 가능성이 낮습니다. 이 사정에서 협상·청구·소송은 시간·비용 대비 실익이 작으므로 현재 보상을 수용하는 것이 합리적입니다.",수용,0
504,IT,보통,2,보상규정을 서면으로 알렸으나 작성·변경 시 종업원과 협의한 적 없음,2,후함,4.8528,S1,0.02,639998,0.0579,54,135,351,540,M&A,2.6,741.3,1927.4,111.2,289.1,-250.9,협상요청,자부심,"회사 보상규정은 서면 고지되었지만 제·개정 시 종업원과의 협의가 없어 합리성 추정이 약합니다. 공시된 회사 이익 1,927.4만원 대비 현재 보상 540만원(약 28%)은 기여율·분담율 및 M&A로 인한 추가 이익 반영 여부가 불명확합니다. 소송 전 단계에서 자료 공개와 재산정을 전제로 증액 협상을 시도하는 것이 비용·시간·관계 측면에서 유리합니다. 협상이 결렬될 경우 법적 청구로 전환할 여지도 충분합니다.",협상,0
501,제약,중요,2,보상규정을 서면으로 알렸으나 작성·변경 시 종업원과 협의한 적 없음,3,매우후함,9.7151,S1,0.05,1784190,0.2733,3552,8881,23092,35525,사업화성공,19.9,24377.8,485118.2,3656.7,72767.7,37242.7,협상요청,자부심,"회사가 직무발명 보상규정을 일방적으로 운영한 점은 보상의 합리성에 의문을 남깁니다. 발명으로 회사가 큰 이익을 얻은 만큼 제 기여율과 보상 산정 근거를 투명하게 재검토할 필요가 있습니다. 이미 받은 보상도 의미 있지만, 절차상 하자와 수익 규모를 감안하면 추가 보상 여지가 있다고 판단합니다. 우선 원만한 협의를 통해 신속히 조정하고, 협상이 결렬될 경우를 대비해 자료를 정비하겠습니다.",협상,0
505,제약,중요,0,보상규정 자체가 없음,1,보통,2.3613,S1,0.05,3197691,0.1522,862,2155,5602,8619,사업화성공,5.5,24333.5,133834.2,3650.0,20075.1,11456.1,협상요청,자부심,"회사에 보상규정이 없고 발명으로 상업적 성과가 컸는데, 현재 보상은 회사가 공시한 이익 대비 약 6% 수준입니다. 내 기여와 책임을 고려하면 추가적인 정당한 보상이 논의될 여지가 있다고 판단합니다. 우선 신뢰관계를 유지하면서 합리적 기준을 함께 마련하기 위해 추가 협의를 요청합니다. 협의가 원만히 진행되지 않을 경우 법적 절차도 검토할 수 있음을 전제합니다.",협상,0
497,반도체,핵심,1,보상규정은 있으나 종업원에게 서면으로 알린 적 없음,2,후함,4.5268,S2,0.03,2805857,0.4081,2333,5832,15161,23326,사업화성공,15.3,34352.8,525597.8,5152.9,78839.7,55513.7,청구,자부심,"반도체 분야이고 회사는 보상규정과 보상액을 종업원에게 서면으로 알리지 않았으므로(발명진흥법 제15조 제2·4항), 제15조 제6항의 ‘정당보상 추정’이 적용되지 않아 추가 보상을 다툴 여지가 큽니다. 사업화가 성공했고 회사 공시 이익이 약 52.56억원이므로(2023다237514), 판례상 발명자 공헌도 10~20%를 적용한 5.26~10.51억원 대비 현재 수령액 약 2.33억원은 낮은 수준입니다(실제 산정 시 실시료율·독점권 기여율로 가감 가능). 소송은 2~3년과 변호사 비용이 커 부담이 큰 반면, ‘청구’는 수개월 내 저비용으로 규정 미준수 사정을 지렛대로 추가 합의를 이끌 가능성이 있습니다. 따라서 시효 10년(2009다75178)을 유의하며 ‘청구’로 착수하고, 불성립 시에만 소송을 검토하겠습니다.",청구,0
507,제조,중요,0,보상규정 자체가 없음,0,인색,0.9625,S1,0.03,4170291,0.265,479,1197,3111,4787,M&A,4.0,33157.9,132631.6,4973.7,19894.7,15107.7,청구,배신감,"회사에 보상규정이 전혀 없는 상황에서 공시된 발명 이익 132,631.6만원 대비 내가 받은 4,787만원은 현저히 불균형합니다. 직무발명 보상은 법에서 보장된 권리이고, M&A 이후에도 승계된 회사가 그 의무를 부담한다고 봅니다. 즉시 법정 보상 청구 절차로 권리를 공식화하고 소멸시효 문제를 차단하겠습니다. 협의가 원만히 이루어지지 않으면 다음 단계로 소송을 검토할 것입니다.",청구,0
499,제약,핵심,2,보상규정을 서면으로 알렸으나 작성·변경 시 종업원과 협의한 적 없음,2,후함,5.1956,S2,0.05,2616499,0.4427,4514,11285,29341,45140,M&A,3.1,57921.2,179555.7,8688.2,26933.4,-18206.6,수용,자부심,"보상규정은 서면 고지되었으나 종업원 협의가 없어 발명진흥법 제15조 제6항의 ‘정당한 보상’ 추정은 어렵지만, 금액의 실질 타당성이 핵심입니다. 회사 공시 이익 179,555.7만원에 대해 판례상 발명자 공헌도 10~20%를 적용한 17,956~35,911만원 범위를 이미 초과(수령 45,140만원)하였고, 대법원 2009·2014 판례의 통상 실시료율(2~3%)까지 감안하면 추가 청구 기대액은 더 작아집니다. M&A에 따른 프리미엄은 2023다 판결의 ‘상당인과관계 있는 이익’ 이론상 주장 가능하나, 인과와 액수 입증에 소송 2~3년·비용 대비 불확실성이 큽니다. 절차 하자를 카드로 협상할 실익도 제한적이어서 분쟁 확대보다 현재 보상 수용이 합리적입니다.",수용,0
506,제약,중요,0,보상규정 자체가 없음,1,보통,2.2212,S2,0.05,1645364,0.2346,643,1607,4179,6429,라이선스수입,3.1,19296.9,59820.4,2894.5,8973.1,2544.1,협상요청,자부심,"보상규정 자체가 없어 발명진흥법 제15조 제2~4항을 이행하지 않았으므로 제6항의 정당보상 추정이 적용되지 않습니다. 라이선스수입이 존재해 사용자 이익과 발명 사이의 상당인과관계가 인정될 여지가 크며(대법원 2023다237514), 출원 당시 자유실시가 가능해 사용자 독점이익이 없었다는 항변은 사실관계상 설득력이 약합니다(대법원 2009다91507 취지). 공시 이익 59,820.4만원에 발명자 공헌도 10~20%를 적용하면 5,982~11,964만원 범위인데, 기수령 6,429만원은 하단에 근접해 추가 보상 여지가 있습니다. 다만 소송은 2~3년과 변호사비 부담 대비 기대 추가금액이 크지 않으므로, 우선 회사에 절차 위반과 이익·공헌도 반영을 근거로 중간선(예: 15% 내외) 정산을 요구하는 협상을 시도하고, 불응 시 청구·소송을 순차 검토하는 것이 합리적입니다.",협상,0
502,반도체,중요,1,보상규정은 있으나 종업원에게 서면으로 알린 적 없음,0,인색,1.0082,S2,0.03,2371395,0.1767,190,475,1236,1901,M&A,5.9,12569.2,74158.3,1885.4,11123.7,9222.7,청구,자부심,"반도체 업종 특성상 로열티율이 낮더라도, 회사 공시 이익 74,158.3만원 대비 지급액 1,901만원은 참고치인 판례상 발명자 공헌도(10~20%) 범위(7,416~14,832만원)에 한참 못 미칩니다. 보상규정이 있어도 서면 통지가 없어 발명진흥법 제15조 제2~4항을 충족하지 못하므로, 제15조 제6항의 ‘정당보상’ 추정이 적용되기 어렵습니다. M&A로 인한 사정도 상당인과관계 있는 사용자 이익에 포함해 볼 수 있다는 2023다237514 취지상 추가 이익 반영 여지도 큽니다. 소송은 기간·비용 부담이 크므로 우선 사내·조정 절차로 공식 보상 청구를 제기해 재산정을 요구하고, 필요시 시효(2009다75178, 10년) 관리 하에 후속 법적 대응으로 전환하는 것이 합리적입니다.",청구,0
509,제약,중요,3,"보상규정을 서면으로 알렸고, 작성 시 종업원과 협의했으며, 결정된 보상액도 서면으로 알림",1,보통,2.4381,S1,0.05,3336384,0.276,1684,4210,10944,16838,침해소송승소,2.3,46042.8,105898.4,6906.4,15884.8,-953.2,협상요청,자부심,"침해소송 승소로 발명의 가치를 대외적으로 입증했고, 이에 걸맞은 성과 공유를 추가로 논의하고 싶습니다. 회사가 보상규정을 협의·서면 고지해 절차적 정당성은 인정하지만, 회사 이익(약 10.6억)에 비해 현재 보상(약 1.68억)은 재평가 여지가 있다고 봅니다. 분쟁으로 가기보다 관계를 유지하면서 성공보너스나 추가 정산 형태의 보상을 우선 협의하겠습니다.",협상,0
508,IT,중요,1,보상규정은 있으나 종업원에게 서면으로 알린 적 없음,0,인색,1.0682,S2,0.02,4183568,0.2383,319,798,2077,3194,M&A,7.9,19935.2,157488.1,2990.3,23623.2,20429.2,청구,자부심,"1) IT 분야에서는 실시료율 2%와 발명자 공헌도 10~20%가 자주 참조되나, 회사 공시상 이익 157,488.1만원 대비 현재 보상 3,194만원은 격차가 커 §15(6) 단서의 ‘이익·공헌 고려’가 충분했는지 의문입니다. 2) 보상규정을 서면으로 알리지 않았으므로 §15(2)~(4)의 요건을 충족하지 못해 ‘정당한 보상 간주’(§15(6))에 기대기 어렵고, 추가 보상 요구의 법적 근거가 큽니다. 3) M&A는 2023다237514에 따라 승계 이후 사정으로서 ‘상당인과관계 있는 이익’에 포함될 여지가 있으나, 인과관계 입증 부담이 있으므로 자료 수집이 선행되어야 합니다. 4) 소멸시효 10년(2009다75178) 유의하되, 소송은 비용·기간 부담이 커 먼저 사내·조정 절차로 정식 보상 청구를 통해 증빙을 확보하며 격차를 줄이는 것이 비용 대비 실익이 큽니다.",청구,0
503,제약,보통,3,"보상규정을 서면으로 알렸고, 작성 시 종업원과 협의했으며, 결정된 보상액도 서면으로 알림",2,후함,5.5829,S2,0.05,2747748,0.066,759,1898,4934,7591,M&A,5.1,9064.7,46230.0,1359.7,6934.5,-656.5,협상요청,자부심,"회사는 보상규정을 서면 고지·협의·통지해 발명진흥법 제15조 제6항의 정당보상 추정이 성립하고, 공시 이익 46,230만원 대비 판례상 발명자 공헌도(10~20%) 단순 적용 범위(4,623~9,246만원) 안에 현재 수령액 7,591만원이 들어 소송으로 증액하기는 허들이 높습니다. 다만 M&A가 있었고 대법원 2023다237514에 따라 승계 이후 사정까지 반영되는 ‘상당인과관계 있는 이익’이 추가로 인정될 여지가 있어, 독점권 기여율·실시료율·이익 산정근거의 공개와 재평가를 요구할 명분은 있습니다. 소송은 2~3년과 변호사 비용 대비 기대 추가분이 크지 않아 비효율적이므로, 우선 회사에 산정자료 공개와 M&A 프리미엄 반영 여부를 놓고 추가 협의를 요청하는 것이 합리적입니다.",협상,0
510,반도체,중요,0,보상규정 자체가 없음,2,후함,5.6745,S1,0.03,669167,0.1793,306,766,1992,3064,라이선스수입,7.3,3599.8,26278.5,540.0,3941.8,877.8,협상요청,자부심,"회사가 직무발명 보상규정을 운영하지 않는 것은 절차상 흠결로, 정당한 보상 기준을 두고 추가 지급을 협의할 여지가 큽니다. 공시 이익 26,278.5만원 대비 내가 받은 3,064만원은 의미 있는 출발이지만, 발명 기여와 사용자 이익 기여도를 반영하면 추가 보상이 타당할 수 있습니다. 우선 소송 전 단계에서 산식·기준·향후 라이선스 수입 반영 방식에 대해 명확히 합의하는 협상을 요청하겠습니다. 협상이 불성공일 경우 법적 청구로 전환 가능함을 전제하고 접근하겠습니다.",협상,0
511,반도체,핵심,2,보상규정을 서면으로 알렸으나 작성·변경 시 종업원과 협의한 적 없음,2,후함,5.182,S1,0.03,2056178,0.4212,2020,5049,13128,20197,라이선스수입,9.5,25983.8,246846.1,3897.6,37026.9,16829.9,협상요청,배신감,"회사가 본 발명으로 246,846.1만원의 이익을 올렸는데, 보상은 20,197만원에 그쳐 기여 대비 공정성이 아쉽습니다. 게다가 보상규정을 알리긴 했지만 제·개정 시 종업원과 협의가 없었다는 점이 신뢰를 흔듭니다. 다만 관계를 고려해 소송에 앞서 우선 추가 협의를 공식적으로 요청하겠습니다. 협의 자리에서 회사 이익과 제 공헌도를 기준으로 보상률과 후속 로열티 배분을 재산정하겠습니다.",협상,0
512,반도체,미미,1,보상규정은 있으나 종업원에게 서면으로 알린 적 없음,0,인색,1.1465,S2,0.03,3802146,0.0255,50,125,325,500,이직제안,1.5,2906.5,4359.8,436.0,654.0,154.0,협상요청,자부심,"반도체 업종과 판례(2014다220347, 2009다75178)에 비추면 발명자 공헌도 10~20%가 통상적이며, 회사 이익 4,359.8만원 기준 중간치(15%)는 약 654만원으로 현재 500만원 대비 추가 약 150만원 여지에 그칩니다. 다만 회사가 보상규정을 서면 고지하지 않아 법 제15조 제2·4항을 지키지 않았고 제15조 제6항의 정당보상 추정이 깨져 추가 보상 요구 명분은 충분합니다. 최신 판례(2023다237514)의 ‘상당인과관계 있는 이익’ 법리에 따르면 회사 이익이 더 축소될 수 있어 소송은 기대액 대비 시간·비용(2~3년, 변호사비) 부담이 큽니다. 따라서 절차 위반을 근거로 총보상을 600~700만원 수준으로 상향하고 규정의 서면 통지·협의를 이행하도록 요구하는 협상이 비용 대비 실익이 가장 큽니다.",협상,0
